geometry,profile,method,is_causal,evaluation_time_s,independent_sequence_count,valid_count,invalid_count,valid_fraction,valid_fraction_ci95_low,valid_fraction_ci95_high,successful_initialization_count,successful_initialization_fraction,successful_initialization_fraction_ci95_low,successful_initialization_fraction_ci95_high,failure_reason_counts,conditional_position_rmse_m,conditional_position_p95_m,conditional_velocity_rmse_mps,conditional_velocity_p95_mps,conditional_metric_valid_denominator,total_sequence_denominator,conditional_state_95_coverage_fraction,conditional_state_95_coverage_ci95_low,conditional_state_95_coverage_ci95_high,unconditional_valid_and_covered_fraction,unconditional_valid_and_covered_ci95_low,unconditional_valid_and_covered_ci95_high,state_95_covered_count,p95_method,independent_unit,mean_sequence_pre_update_nis,sequence_pre_update_nis_count,pre_update_nis_dof,paired_valid_fraction_difference_vs_nominal,paired_valid_fraction_difference_ci95_low,paired_valid_fraction_difference_ci95_high,paired_unconditional_coverage_difference_vs_nominal,paired_unconditional_coverage_difference_ci95_low,paired_unconditional_coverage_difference_ci95_high,paired_bootstrap_resample_count,paired_bootstrap_unit,profiles_within_base_block_are_paired,observation_model_is_gaussian
informative,all_station_gap,causal_prefix_batch,True,12.5,2,2,0,1.0,0.34238022750665303,1.0,2,1.0,0.34238022750665303,1.0,{},0.7209229081466808,0.9398529622532618,0.0897243629568402,0.11794783081433506,2,2,1.0,0.34238022750665303,1.0,1.0,0.34238022750665303,1.0,2,linear,whole_base_sequence,nan,0,2,0.0,0.0,0.0,0.0,0.0,0.0,2000,whole_base_sequence,True,True
informative,all_station_gap,causal_prefix_batch,True,14.5,2,2,0,1.0,0.34238022750665303,1.0,2,1.0,0.34238022750665303,1.0,{},0.8823417658584576,1.168594856463629,0.08918106957952802,0.11779575093162607,2,2,1.0,0.34238022750665303,1.0,1.0,0.34238022750665303,1.0,2,linear,whole_base_sequence,nan,0,2,0.0,0.0,0.0,0.0,0.0,0.0,2000,whole_base_sequence,True,True
informative,all_station_gap,initial_batch_no_updates,True,12.5,2,2,0,1.0,0.34238022750665303,1.0,2,1.0,0.34238022750665303,1.0,{},11.435301501207057,12.570681142037179,0.9723663231404932,1.0608481191325538,2,2,1.0,0.34238022750665303,1.0,1.0,0.34238022750665303,1.0,2,linear,whole_base_sequence,nan,0,2,0.0,0.0,0.0,0.0,0.0,0.0,2000,whole_base_sequence,True,True
informative,all_station_gap,initial_batch_no_updates,True,14.5,2,2,0,1.0,0.34238022750665303,1.0,2,1.0,0.34238022750665303,1.0,{},13.378777172821694,14.691549606211213,0.9723663231404932,1.0608481191325538,2,2,1.0,0.34238022750665303,1.0,1.0,0.34238022750665303,1.0,2,linear,whole_base_sequence,nan,0,2,0.0,0.0,0.0,0.0,0.0,0.0,2000,whole_base_sequence,True,True
informative,all_station_gap,offline_full_record_noncausal,False,14.5,2,2,0,1.0,0.34238022750665303,1.0,2,1.0,0.34238022750665303,1.0,{},0.8823417658584576,1.168594856463629,0.08918106957952802,0.11779575093162607,2,2,1.0,0.34238022750665303,1.0,1.0,0.34238022750665303,1.0,2,linear,whole_base_sequence,nan,0,2,0.0,0.0,0.0,0.0,0.0,0.0,2000,whole_base_sequence,True,True
informative,all_station_gap,retarded_ekf,True,12.5,2,2,0,1.0,0.34238022750665303,1.0,2,1.0,0.34238022750665303,1.0,{},0.6983316041135273,0.9146025403755024,0.08768180540119108,0.11537304551222745,2,2,1.0,0.34238022750665303,1.0,1.0,0.34238022750665303,1.0,2,linear,whole_base_sequence,2.2978989957849802,2,2,0.0,0.0,0.0,0.0,0.0,0.0,2000,whole_base_sequence,True,True
informative,all_station_gap,retarded_ekf,True,14.5,2,2,0,1.0,0.34238022750665303,1.0,2,1.0,0.34238022750665303,1.0,{},0.8571605145722113,1.1382095844851479,0.08721188084315466,0.11523984922380223,2,2,1.0,0.34238022750665303,1.0,1.0,0.34238022750665303,1.0,2,linear,whole_base_sequence,2.2978989957849802,2,2,0.0,0.0,0.0,0.0,0.0,0.0,2000,whole_base_sequence,True,True
informative,dropout_20,causal_prefix_batch,True,12.5,2,2,0,1.0,0.34238022750665303,1.0,2,1.0,0.34238022750665303,1.0,{},0.8175487060302695,1.0463829955281605,0.08942657091389523,0.11499692212354551,2,2,1.0,0.34238022750665303,1.0,1.0,0.34238022750665303,1.0,2,linear,whole_base_sequence,nan,0,2,0.0,0.0,0.0,0.0,0.0,0.0,2000,whole_base_sequence,True,True
informative,dropout_20,causal_prefix_batch,True,14.5,2,2,0,1.0,0.34238022750665303,1.0,2,1.0,0.34238022750665303,1.0,{},0.9675840340045634,1.2621444782623938,0.08926981548297826,0.1149644631578541,2,2,1.0,0.34238022750665303,1.0,1.0,0.34238022750665303,1.0,2,linear,whole_base_sequence,nan,0,2,0.0,0.0,0.0,0.0,0.0,0.0,2000,whole_base_sequence,True,True
informative,dropout_20,initial_batch_no_updates,True,12.5,2,2,0,1.0,0.34238022750665303,1.0,2,1.0,0.34238022750665303,1.0,{},8.212100906626537,10.476344476049098,0.7372517704463121,0.9406621977735352,2,2,1.0,0.34238022750665303,1.0,1.0,0.34238022750665303,1.0,2,linear,whole_base_sequence,nan,0,2,0.0,0.0,0.0,0.0,0.0,0.0,2000,whole_base_sequence,True,True
informative,dropout_20,initial_batch_no_updates,True,14.5,2,2,0,1.0,0.34238022750665303,1.0,2,1.0,0.34238022750665303,1.0,{},9.685919332166838,12.357419383895477,0.7372517704463121,0.9406621977735352,2,2,1.0,0.34238022750665303,1.0,1.0,0.34238022750665303,1.0,2,linear,whole_base_sequence,nan,0,2,0.0,0.0,0.0,0.0,0.0,0.0,2000,whole_base_sequence,True,True
informative,dropout_20,offline_full_record_noncausal,False,14.5,2,2,0,1.0,0.34238022750665303,1.0,2,1.0,0.34238022750665303,1.0,{},0.9675840340045634,1.2621444782623938,0.08926981548297826,0.1149644631578541,2,2,1.0,0.34238022750665303,1.0,1.0,0.34238022750665303,1.0,2,linear,whole_base_sequence,nan,0,2,0.0,0.0,0.0,0.0,0.0,0.0,2000,whole_base_sequence,True,True
informative,dropout_20,retarded_ekf,True,12.5,2,2,0,1.0,0.34238022750665303,1.0,2,1.0,0.34238022750665303,1.0,{},0.8249294975136329,1.0550160094154772,0.08996167090296044,0.1157359251709715,2,2,1.0,0.34238022750665303,1.0,1.0,0.34238022750665303,1.0,2,linear,whole_base_sequence,2.027835259919703,2,2,0.0,0.0,0.0,0.0,0.0,0.0,2000,whole_base_sequence,True,True
informative,dropout_20,retarded_ekf,True,14.5,2,2,0,1.0,0.34238022750665303,1.0,2,1.0,0.34238022750665303,1.0,{},0.9757007302754062,1.2723163573513734,0.08978305241617167,0.11569875798545802,2,2,1.0,0.34238022750665303,1.0,1.0,0.34238022750665303,1.0,2,linear,whole_base_sequence,2.027835259919703,2,2,0.0,0.0,0.0,0.0,0.0,0.0,2000,whole_base_sequence,True,True
informative,dropout_50,causal_prefix_batch,True,12.5,2,2,0,1.0,0.34238022750665303,1.0,2,1.0,0.34238022750665303,1.0,{},1.0140664817965543,1.342782308404111,0.10943281481623039,0.14220467890502062,2,2,1.0,0.34238022750665303,1.0,1.0,0.34238022750665303,1.0,2,linear,whole_base_sequence,nan,0,2,0.0,0.0,0.0,0.0,0.0,0.0,2000,whole_base_sequence,True,True
informative,dropout_50,causal_prefix_batch,True,14.5,2,2,0,1.0,0.34238022750665303,1.0,2,1.0,0.34238022750665303,1.0,{},1.2227704054621595,1.6192903442473825,0.1101460404048448,0.14236299427355395,2,2,1.0,0.34238022750665303,1.0,1.0,0.34238022750665303,1.0,2,linear,whole_base_sequence,nan,0,2,0.0,0.0,0.0,0.0,0.0,0.0,2000,whole_base_sequence,True,True
informative,dropout_50,initial_batch_no_updates,True,12.5,2,2,0,1.0,0.34238022750665303,1.0,2,1.0,0.34238022750665303,1.0,{},4.794965766462795,4.858367338787919,0.4457953453333214,0.45208118634017536,2,2,1.0,0.34238022750665303,1.0,1.0,0.34238022750665303,1.0,2,linear,whole_base_sequence,nan,0,2,0.0,0.0,0.0,0.0,0.0,0.0,2000,whole_base_sequence,True,True
informative,dropout_50,initial_batch_no_updates,True,14.5,2,2,0,1.0,0.34238022750665303,1.0,2,1.0,0.34238022750665303,1.0,{},5.685460535278867,5.761872339480887,0.4457953453333214,0.45208118634017536,2,2,1.0,0.34238022750665303,1.0,1.0,0.34238022750665303,1.0,2,linear,whole_base_sequence,nan,0,2,0.0,0.0,0.0,0.0,0.0,0.0,2000,whole_base_sequence,True,True
informative,dropout_50,offline_full_record_noncausal,False,14.5,2,2,0,1.0,0.34238022750665303,1.0,2,1.0,0.34238022750665303,1.0,{},1.2227704054621595,1.6192903442473825,0.1101460404048448,0.14236299427355395,2,2,1.0,0.34238022750665303,1.0,1.0,0.34238022750665303,1.0,2,linear,whole_base_sequence,nan,0,2,0.0,0.0,0.0,0.0,0.0,0.0,2000,whole_base_sequence,True,True
informative,dropout_50,retarded_ekf,True,12.5,2,2,0,1.0,0.34238022750665303,1.0,2,1.0,0.34238022750665303,1.0,{},1.0176531410925866,1.3472050026379285,0.10977067343333859,0.1427155814747836,2,2,1.0,0.34238022750665303,1.0,1.0,0.34238022750665303,1.0,2,linear,whole_base_sequence,1.7935776731825226,2,2,0.0,0.0,0.0,0.0,0.0,0.0,2000,whole_base_sequence,True,True
informative,dropout_50,retarded_ekf,True,14.5,2,2,0,1.0,0.34238022750665303,1.0,2,1.0,0.34238022750665303,1.0,{},1.2263204700186485,1.624362491901516,0.11047978353464954,0.14287388364743864,2,2,1.0,0.34238022750665303,1.0,1.0,0.34238022750665303,1.0,2,linear,whole_base_sequence,1.7935776731825226,2,2,0.0,0.0,0.0,0.0,0.0,0.0,2000,whole_base_sequence,True,True
informative,long_delay,causal_prefix_batch,True,12.5,2,2,0,1.0,0.34238022750665303,1.0,2,1.0,0.34238022750665303,1.0,{},0.6550551028195715,0.7636845475215671,0.07537381324419892,0.09666430579948862,2,2,1.0,0.34238022750665303,1.0,1.0,0.34238022750665303,1.0,2,linear,whole_base_sequence,nan,0,2,0.0,0.0,0.0,0.0,0.0,0.0,2000,whole_base_sequence,True,True
informative,long_delay,causal_prefix_batch,True,14.5,2,2,0,1.0,0.34238022750665303,1.0,2,1.0,0.34238022750665303,1.0,{},0.7465477148938245,0.9242297438631053,0.07347383960302935,0.09404969338760485,2,2,1.0,0.34238022750665303,1.0,1.0,0.34238022750665303,1.0,2,linear,whole_base_sequence,nan,0,2,0.0,0.0,0.0,0.0,0.0,0.0,2000,whole_base_sequence,True,True
informative,long_delay,initial_batch_no_updates,True,12.5,2,2,0,1.0,0.34238022750665303,1.0,2,1.0,0.34238022750665303,1.0,{},12.588969996749986,15.62221355960774,1.0842180795652747,1.3348832688520447,2,2,1.0,0.34238022750665303,1.0,1.0,0.34238022750665303,1.0,2,linear,whole_base_sequence,nan,0,2,0.0,0.0,0.0,0.0,0.0,0.0,2000,whole_base_sequence,True,True
informative,long_delay,initial_batch_no_updates,True,14.5,2,2,0,1.0,0.34238022750665303,1.0,2,1.0,0.34238022750665303,1.0,{},14.756432340723206,18.291335672029362,1.0842180795652747,1.3348832688520447,2,2,1.0,0.34238022750665303,1.0,1.0,0.34238022750665303,1.0,2,linear,whole_base_sequence,nan,0,2,0.0,0.0,0.0,0.0,0.0,0.0,2000,whole_base_sequence,True,True
informative,long_delay,offline_full_record_noncausal,False,14.5,2,2,0,1.0,0.34238022750665303,1.0,2,1.0,0.34238022750665303,1.0,{},0.7465477148938245,0.9242297438631053,0.07347383960302935,0.09404969338760485,2,2,1.0,0.34238022750665303,1.0,1.0,0.34238022750665303,1.0,2,linear,whole_base_sequence,nan,0,2,0.0,0.0,0.0,0.0,0.0,0.0,2000,whole_base_sequence,True,True
informative,long_delay,retarded_ekf,True,12.5,2,2,0,1.0,0.34238022750665303,1.0,2,1.0,0.34238022750665303,1.0,{},0.6600849789421049,0.766751073312104,0.07547540368112178,0.09665047001773397,2,2,1.0,0.34238022750665303,1.0,1.0,0.34238022750665303,1.0,2,linear,whole_base_sequence,2.1705758385686433,2,2,0.0,0.0,0.0,0.0,0.0,0.0,2000,whole_base_sequence,True,True
informative,long_delay,retarded_ekf,True,14.5,2,2,0,1.0,0.34238022750665303,1.0,2,1.0,0.34238022750665303,1.0,{},0.7507510956121374,0.9269407629863484,0.07354236707784662,0.09403541259628556,2,2,1.0,0.34238022750665303,1.0,1.0,0.34238022750665303,1.0,2,linear,whole_base_sequence,2.1705758385686433,2,2,0.0,0.0,0.0,0.0,0.0,0.0,2000,whole_base_sequence,True,True
informative,mixed,causal_prefix_batch,True,12.5,2,2,0,1.0,0.34238022750665303,1.0,2,1.0,0.34238022750665303,1.0,{},1.7004896185146836,2.1543799572088633,0.16177969214510524,0.19696995801898487,2,2,0.5,0.09453120573423074,0.9054687942657693,0.5,0.09453120573423074,0.9054687942657693,1,linear,whole_base_sequence,nan,0,2,0.0,0.0,0.0,-0.5,-1.0,0.0,2000,whole_base_sequence,True,False
informative,mixed,causal_prefix_batch,True,14.5,2,2,0,1.0,0.34238022750665303,1.0,2,1.0,0.34238022750665303,1.0,{},1.574545616834698,1.7778335379748267,0.14477166713664372,0.1643729645233953,2,2,0.5,0.09453120573423074,0.9054687942657693,0.5,0.09453120573423074,0.9054687942657693,1,linear,whole_base_sequence,nan,0,2,0.0,0.0,0.0,-0.5,-1.0,0.0,2000,whole_base_sequence,True,False
informative,mixed,initial_batch_no_updates,True,12.5,2,2,0,1.0,0.34238022750665303,1.0,2,1.0,0.34238022750665303,1.0,{},8.636218136932014,11.027384399901221,0.773295794842246,0.9930831190759165,2,2,1.0,0.34238022750665303,1.0,1.0,0.34238022750665303,1.0,2,linear,whole_base_sequence,nan,0,2,0.0,0.0,0.0,0.0,0.0,0.0,2000,whole_base_sequence,True,False
informative,mixed,initial_batch_no_updates,True,14.5,2,2,0,1.0,0.34238022750665303,1.0,2,1.0,0.34238022750665303,1.0,{},10.181776354002498,13.012953399359564,0.773295794842246,0.9930831190759165,2,2,1.0,0.34238022750665303,1.0,1.0,0.34238022750665303,1.0,2,linear,whole_base_sequence,nan,0,2,0.0,0.0,0.0,0.0,0.0,0.0,2000,whole_base_sequence,True,False
informative,mixed,offline_full_record_noncausal,False,14.5,2,2,0,1.0,0.34238022750665303,1.0,2,1.0,0.34238022750665303,1.0,{},1.574545616834698,1.7778335379748267,0.14477166713664372,0.1643729645233953,2,2,0.5,0.09453120573423074,0.9054687942657693,0.5,0.09453120573423074,0.9054687942657693,1,linear,whole_base_sequence,nan,0,2,0.0,0.0,0.0,-0.5,-1.0,0.0,2000,whole_base_sequence,True,False
informative,mixed,retarded_ekf,True,12.5,2,2,0,1.0,0.34238022750665303,1.0,2,1.0,0.34238022750665303,1.0,{},1.5372788585009418,1.9087210138401034,0.15877670244662193,0.19197995764870388,2,2,0.5,0.09453120573423074,0.9054687942657693,0.5,0.09453120573423074,0.9054687942657693,1,linear,whole_base_sequence,64.64354600322618,2,2,0.0,0.0,0.0,-0.5,-1.0,0.0,2000,whole_base_sequence,True,False
informative,mixed,retarded_ekf,True,14.5,2,2,0,1.0,0.34238022750665303,1.0,2,1.0,0.34238022750665303,1.0,{},1.4709054021963017,1.591006352500979,0.1476899528161515,0.16854682439736304,2,2,0.5,0.09453120573423074,0.9054687942657693,0.5,0.09453120573423074,0.9054687942657693,1,linear,whole_base_sequence,64.64354600322618,2,2,0.0,0.0,0.0,-0.5,-1.0,0.0,2000,whole_base_sequence,True,False
informative,nominal,causal_prefix_batch,True,12.5,2,2,0,1.0,0.34238022750665303,1.0,2,1.0,0.34238022750665303,1.0,{},0.6338062104940815,0.7430081284249307,0.07440162193462163,0.09422604283949827,2,2,1.0,0.34238022750665303,1.0,1.0,0.34238022750665303,1.0,2,linear,whole_base_sequence,nan,0,2,0.0,0.0,0.0,0.0,0.0,0.0,2000,whole_base_sequence,True,True
informative,nominal,causal_prefix_batch,True,14.5,2,2,0,1.0,0.34238022750665303,1.0,2,1.0,0.34238022750665303,1.0,{},0.7465477148938245,0.9242297438631053,0.07347383960302935,0.09404969338760485,2,2,1.0,0.34238022750665303,1.0,1.0,0.34238022750665303,1.0,2,linear,whole_base_sequence,nan,0,2,0.0,0.0,0.0,0.0,0.0,0.0,2000,whole_base_sequence,True,True
informative,nominal,initial_batch_no_updates,True,12.5,2,2,0,1.0,0.34238022750665303,1.0,2,1.0,0.34238022750665303,1.0,{},11.435301501207057,12.570681142037179,0.9723663231404932,1.0608481191325538,2,2,1.0,0.34238022750665303,1.0,1.0,0.34238022750665303,1.0,2,linear,whole_base_sequence,nan,0,2,0.0,0.0,0.0,0.0,0.0,0.0,2000,whole_base_sequence,True,True
informative,nominal,initial_batch_no_updates,True,14.5,2,2,0,1.0,0.34238022750665303,1.0,2,1.0,0.34238022750665303,1.0,{},13.378777172821694,14.691549606211213,0.9723663231404932,1.0608481191325538,2,2,1.0,0.34238022750665303,1.0,1.0,0.34238022750665303,1.0,2,linear,whole_base_sequence,nan,0,2,0.0,0.0,0.0,0.0,0.0,0.0,2000,whole_base_sequence,True,True
informative,nominal,offline_full_record_noncausal,False,14.5,2,2,0,1.0,0.34238022750665303,1.0,2,1.0,0.34238022750665303,1.0,{},0.7465477148938245,0.9242297438631053,0.07347383960302935,0.09404969338760485,2,2,1.0,0.34238022750665303,1.0,1.0,0.34238022750665303,1.0,2,linear,whole_base_sequence,nan,0,2,0.0,0.0,0.0,0.0,0.0,0.0,2000,whole_base_sequence,True,True
informative,nominal,retarded_ekf,True,12.5,2,2,0,1.0,0.34238022750665303,1.0,2,1.0,0.34238022750665303,1.0,{},0.6362710997895569,0.7417968986849004,0.07416078450625398,0.09361433750468688,2,2,1.0,0.34238022750665303,1.0,1.0,0.34238022750665303,1.0,2,linear,whole_base_sequence,2.2192293880036837,2,2,0.0,0.0,0.0,0.0,0.0,0.0,2000,whole_base_sequence,True,True
informative,nominal,retarded_ekf,True,14.5,2,2,0,1.0,0.34238022750665303,1.0,2,1.0,0.34238022750665303,1.0,{},0.7476927886939999,0.9217751788326385,0.0731604939401857,0.09342796946045712,2,2,1.0,0.34238022750665303,1.0,1.0,0.34238022750665303,1.0,2,linear,whole_base_sequence,2.2192293880036837,2,2,0.0,0.0,0.0,0.0,0.0,0.0,2000,whole_base_sequence,True,True
informative,one_station_gap,causal_prefix_batch,True,12.5,2,2,0,1.0,0.34238022750665303,1.0,2,1.0,0.34238022750665303,1.0,{},0.8349153100116077,1.0320674639332208,0.09690974063040975,0.1240233418041727,2,2,1.0,0.34238022750665303,1.0,1.0,0.34238022750665303,1.0,2,linear,whole_base_sequence,nan,0,2,0.0,0.0,0.0,0.0,0.0,0.0,2000,whole_base_sequence,True,True
informative,one_station_gap,causal_prefix_batch,True,14.5,2,2,0,1.0,0.34238022750665303,1.0,2,1.0,0.34238022750665303,1.0,{},0.9966545112170805,1.2736254683292825,0.09583381494889515,0.123802010971541,2,2,1.0,0.34238022750665303,1.0,1.0,0.34238022750665303,1.0,2,linear,whole_base_sequence,nan,0,2,0.0,0.0,0.0,0.0,0.0,0.0,2000,whole_base_sequence,True,True
informative,one_station_gap,initial_batch_no_updates,True,12.5,2,2,0,1.0,0.34238022750665303,1.0,2,1.0,0.34238022750665303,1.0,{},11.435301501207057,12.570681142037179,0.9723663231404932,1.0608481191325538,2,2,1.0,0.34238022750665303,1.0,1.0,0.34238022750665303,1.0,2,linear,whole_base_sequence,nan,0,2,0.0,0.0,0.0,0.0,0.0,0.0,2000,whole_base_sequence,True,True
informative,one_station_gap,initial_batch_no_updates,True,14.5,2,2,0,1.0,0.34238022750665303,1.0,2,1.0,0.34238022750665303,1.0,{},13.378777172821694,14.691549606211213,0.9723663231404932,1.0608481191325538,2,2,1.0,0.34238022750665303,1.0,1.0,0.34238022750665303,1.0,2,linear,whole_base_sequence,nan,0,2,0.0,0.0,0.0,0.0,0.0,0.0,2000,whole_base_sequence,True,True
informative,one_station_gap,offline_full_record_noncausal,False,14.5,2,2,0,1.0,0.34238022750665303,1.0,2,1.0,0.34238022750665303,1.0,{},0.9966545112170805,1.2736254683292825,0.09583381494889515,0.123802010971541,2,2,1.0,0.34238022750665303,1.0,1.0,0.34238022750665303,1.0,2,linear,whole_base_sequence,nan,0,2,0.0,0.0,0.0,0.0,0.0,0.0,2000,whole_base_sequence,True,True
informative,one_station_gap,retarded_ekf,True,12.5,2,2,0,1.0,0.34238022750665303,1.0,2,1.0,0.34238022750665303,1.0,{},0.8431205418706441,1.0400851982234067,0.09716660277600452,0.12407610697497673,2,2,1.0,0.34238022750665303,1.0,1.0,0.34238022750665303,1.0,2,linear,whole_base_sequence,2.1072637827659326,2,2,0.0,0.0,0.0,0.0,0.0,0.0,2000,whole_base_sequence,True,True
informative,one_station_gap,retarded_ekf,True,14.5,2,2,0,1.0,0.34238022750665303,1.0,2,1.0,0.34238022750665303,1.0,{},1.0046326834941202,1.2816756781483396,0.09601408578713844,0.12384285865921306,2,2,1.0,0.34238022750665303,1.0,1.0,0.34238022750665303,1.0,2,linear,whole_base_sequence,2.1072637827659326,2,2,0.0,0.0,0.0,0.0,0.0,0.0,2000,whole_base_sequence,True,True
informative,outlier_mild,causal_prefix_batch,True,12.5,2,2,0,1.0,0.34238022750665303,1.0,2,1.0,0.34238022750665303,1.0,{},0.6095769910087154,0.739634439850498,0.07247652312187725,0.09384210587818716,2,2,1.0,0.34238022750665303,1.0,1.0,0.34238022750665303,1.0,2,linear,whole_base_sequence,nan,0,2,0.0,0.0,0.0,0.0,0.0,0.0,2000,whole_base_sequence,True,False
informative,outlier_mild,causal_prefix_batch,True,14.5,2,2,0,1.0,0.34238022750665303,1.0,2,1.0,0.34238022750665303,1.0,{},0.7407245979600846,0.9232764338629879,0.07216500153562094,0.09377232473855988,2,2,1.0,0.34238022750665303,1.0,1.0,0.34238022750665303,1.0,2,linear,whole_base_sequence,nan,0,2,0.0,0.0,0.0,0.0,0.0,0.0,2000,whole_base_sequence,True,False
informative,outlier_mild,initial_batch_no_updates,True,12.5,2,2,0,1.0,0.34238022750665303,1.0,2,1.0,0.34238022750665303,1.0,{},11.435301501207057,12.570681142037179,0.9723663231404932,1.0608481191325538,2,2,1.0,0.34238022750665303,1.0,1.0,0.34238022750665303,1.0,2,linear,whole_base_sequence,nan,0,2,0.0,0.0,0.0,0.0,0.0,0.0,2000,whole_base_sequence,True,False
informative,outlier_mild,initial_batch_no_updates,True,14.5,2,2,0,1.0,0.34238022750665303,1.0,2,1.0,0.34238022750665303,1.0,{},13.378777172821694,14.691549606211213,0.9723663231404932,1.0608481191325538,2,2,1.0,0.34238022750665303,1.0,1.0,0.34238022750665303,1.0,2,linear,whole_base_sequence,nan,0,2,0.0,0.0,0.0,0.0,0.0,0.0,2000,whole_base_sequence,True,False
informative,outlier_mild,offline_full_record_noncausal,False,14.5,2,2,0,1.0,0.34238022750665303,1.0,2,1.0,0.34238022750665303,1.0,{},0.7407245979600846,0.9232764338629879,0.07216500153562094,0.09377232473855988,2,2,1.0,0.34238022750665303,1.0,1.0,0.34238022750665303,1.0,2,linear,whole_base_sequence,nan,0,2,0.0,0.0,0.0,0.0,0.0,0.0,2000,whole_base_sequence,True,False
informative,outlier_mild,retarded_ekf,True,12.5,2,2,0,1.0,0.34238022750665303,1.0,2,1.0,0.34238022750665303,1.0,{},0.6015920221464139,0.7369267247419042,0.07160318835093647,0.09310024395993241,2,2,1.0,0.34238022750665303,1.0,1.0,0.34238022750665303,1.0,2,linear,whole_base_sequence,8.491861012734748,2,2,0.0,0.0,0.0,0.0,0.0,0.0,2000,whole_base_sequence,True,False
informative,outlier_mild,retarded_ekf,True,14.5,2,2,0,1.0,0.34238022750665303,1.0,2,1.0,0.34238022750665303,1.0,{},0.7317119663064976,0.9191322146994616,0.07133509765921672,0.09303740124346475,2,2,1.0,0.34238022750665303,1.0,1.0,0.34238022750665303,1.0,2,linear,whole_base_sequence,8.491861012734748,2,2,0.0,0.0,0.0,0.0,0.0,0.0,2000,whole_base_sequence,True,False
informative,outlier_strong,causal_prefix_batch,True,12.5,2,2,0,1.0,0.34238022750665303,1.0,2,1.0,0.34238022750665303,1.0,{},3.4599547873978405,4.58364757485501,0.6177038138666371,0.7186995243944274,2,2,0.0,0.0,0.6576197724933469,0.0,0.0,0.6576197724933469,0,linear,whole_base_sequence,nan,0,2,0.0,0.0,0.0,-1.0,-1.0,-1.0,2000,whole_base_sequence,True,False
informative,outlier_strong,causal_prefix_batch,True,14.5,2,1,1,0.5,0.09453120573423074,0.9054687942657693,2,1.0,0.34238022750665303,1.0,"{""projected_kkt_not_satisfied"": 1}",5.717357769556358,5.717357769556358,0.7267471722294593,0.7267471722294593,1,2,0.0,0.0,0.7934506856227626,0.0,0.0,0.6576197724933469,0,linear,whole_base_sequence,nan,0,2,-0.5,-1.0,0.0,-1.0,-1.0,-1.0,2000,whole_base_sequence,True,False
informative,outlier_strong,initial_batch_no_updates,True,12.5,2,2,0,1.0,0.34238022750665303,1.0,2,1.0,0.34238022750665303,1.0,{},76.48618044106792,97.53257129533091,7.111246230118673,9.215845207721586,2,2,0.0,0.0,0.6576197724933469,0.0,0.0,0.6576197724933469,0,linear,whole_base_sequence,nan,0,2,0.0,0.0,0.0,-1.0,-1.0,-1.0,2000,whole_base_sequence,True,False
informative,outlier_strong,initial_batch_no_updates,True,14.5,2,2,0,1.0,0.34238022750665303,1.0,2,1.0,0.34238022750665303,1.0,{},90.64412526214842,115.93090193431016,7.111246230118673,9.215845207721586,2,2,0.0,0.0,0.6576197724933469,0.0,0.0,0.6576197724933469,0,linear,whole_base_sequence,nan,0,2,0.0,0.0,0.0,-1.0,-1.0,-1.0,2000,whole_base_sequence,True,False
informative,outlier_strong,offline_full_record_noncausal,False,14.5,2,1,1,0.5,0.09453120573423074,0.9054687942657693,1,0.5,0.09453120573423074,0.9054687942657693,"{""projected_kkt_not_satisfied"": 1}",5.717357769556358,5.717357769556358,0.7267471722294593,0.7267471722294593,1,2,0.0,0.0,0.7934506856227626,0.0,0.0,0.6576197724933469,0,linear,whole_base_sequence,nan,0,2,-0.5,-1.0,0.0,-1.0,-1.0,-1.0,2000,whole_base_sequence,True,False
informative,outlier_strong,retarded_ekf,True,12.5,2,0,2,0.0,0.0,0.6576197724933469,0,0.0,0.0,0.6576197724933469,"{""initialization_failed:initialization_quality_gate_failed"": 2}",nan,nan,nan,nan,0,2,nan,nan,nan,0.0,0.0,0.6576197724933469,0,linear,whole_base_sequence,nan,0,2,-1.0,-1.0,-1.0,-1.0,-1.0,-1.0,2000,whole_base_sequence,True,False
informative,outlier_strong,retarded_ekf,True,14.5,2,0,2,0.0,0.0,0.6576197724933469,0,0.0,0.0,0.6576197724933469,"{""initialization_failed:initialization_quality_gate_failed"": 2}",nan,nan,nan,nan,0,2,nan,nan,nan,0.0,0.0,0.6576197724933469,0,linear,whole_base_sequence,nan,0,2,-1.0,-1.0,-1.0,-1.0,-1.0,-1.0,2000,whole_base_sequence,True,False
poorly_conditioned,all_station_gap,causal_prefix_batch,True,12.5,2,2,0,1.0,0.34238022750665303,1.0,2,1.0,0.34238022750665303,1.0,{},0.6066423489498044,0.7119006626960438,0.06198399385974825,0.0741452708636832,2,2,1.0,0.34238022750665303,1.0,1.0,0.34238022750665303,1.0,2,linear,whole_base_sequence,nan,0,2,0.0,0.0,0.0,0.0,0.0,0.0,2000,whole_base_sequence,True,True
poorly_conditioned,all_station_gap,causal_prefix_batch,True,14.5,2,2,0,1.0,0.34238022750665303,1.0,2,1.0,0.34238022750665303,1.0,{},0.7207266159884015,0.8506036079015686,0.06198399387479647,0.07414527086579006,2,2,1.0,0.34238022750665303,1.0,1.0,0.34238022750665303,1.0,2,linear,whole_base_sequence,nan,0,2,0.0,0.0,0.0,0.0,0.0,0.0,2000,whole_base_sequence,True,True
poorly_conditioned,all_station_gap,initial_batch_no_updates,True,12.5,2,2,0,1.0,0.34238022750665303,1.0,2,1.0,0.34238022750665303,1.0,{},8.309080165872652,10.181388668254252,0.7217558945854978,0.8814584465528613,2,2,1.0,0.34238022750665303,1.0,1.0,0.34238022750665303,1.0,2,linear,whole_base_sequence,nan,0,2,0.0,0.0,0.0,0.0,0.0,0.0,2000,whole_base_sequence,True,True
poorly_conditioned,all_station_gap,initial_batch_no_updates,True,14.5,2,2,0,1.0,0.34238022750665303,1.0,2,1.0,0.34238022750665303,1.0,{},9.751351518493845,11.943577345039502,0.7217558945854978,0.8814584465528613,2,2,1.0,0.34238022750665303,1.0,1.0,0.34238022750665303,1.0,2,linear,whole_base_sequence,nan,0,2,0.0,0.0,0.0,0.0,0.0,0.0,2000,whole_base_sequence,True,True
poorly_conditioned,all_station_gap,offline_full_record_noncausal,False,14.5,2,2,0,1.0,0.34238022750665303,1.0,2,1.0,0.34238022750665303,1.0,{},0.7207266159884015,0.8506036079015686,0.06198399387479647,0.07414527086579006,2,2,1.0,0.34238022750665303,1.0,1.0,0.34238022750665303,1.0,2,linear,whole_base_sequence,nan,0,2,0.0,0.0,0.0,0.0,0.0,0.0,2000,whole_base_sequence,True,True
poorly_conditioned,all_station_gap,retarded_ekf,True,12.5,2,2,0,1.0,0.34238022750665303,1.0,2,1.0,0.34238022750665303,1.0,{},0.6020753225482828,0.7126244749028178,0.06207180498220864,0.07435275066496937,2,2,1.0,0.34238022750665303,1.0,1.0,0.34238022750665303,1.0,2,linear,whole_base_sequence,1.9264408436092064,2,2,0.0,0.0,0.0,0.0,0.0,0.0,2000,whole_base_sequence,True,True
poorly_conditioned,all_station_gap,retarded_ekf,True,14.5,2,2,0,1.0,0.34238022750665303,1.0,2,1.0,0.34238022750665303,1.0,{},0.7163790152923819,0.851857397390575,0.06207180498220864,0.07435275066496937,2,2,1.0,0.34238022750665303,1.0,1.0,0.34238022750665303,1.0,2,linear,whole_base_sequence,1.9264408436092064,2,2,0.0,0.0,0.0,0.0,0.0,0.0,2000,whole_base_sequence,True,True
poorly_conditioned,dropout_20,causal_prefix_batch,True,12.5,2,2,0,1.0,0.34238022750665303,1.0,2,1.0,0.34238022750665303,1.0,{},0.6059349021438406,0.6897655470902819,0.07160724255462594,0.08115638817096717,2,2,1.0,0.34238022750665303,1.0,1.0,0.34238022750665303,1.0,2,linear,whole_base_sequence,nan,0,2,0.0,0.0,0.0,0.0,0.0,0.0,2000,whole_base_sequence,True,True
poorly_conditioned,dropout_20,causal_prefix_batch,True,14.5,2,2,0,1.0,0.34238022750665303,1.0,2,1.0,0.34238022750665303,1.0,{},0.7468566880927531,0.8498799766011971,0.07160724254316382,0.08115638816958146,2,2,1.0,0.34238022750665303,1.0,1.0,0.34238022750665303,1.0,2,linear,whole_base_sequence,nan,0,2,0.0,0.0,0.0,0.0,0.0,0.0,2000,whole_base_sequence,True,True
poorly_conditioned,dropout_20,initial_batch_no_updates,True,12.5,2,2,0,1.0,0.34238022750665303,1.0,2,1.0,0.34238022750665303,1.0,{},11.82560433415437,15.062865117835235,1.0209014064419994,1.2957196791026246,2,2,1.0,0.34238022750665303,1.0,1.0,0.34238022750665303,1.0,2,linear,whole_base_sequence,nan,0,2,0.0,0.0,0.0,0.0,0.0,0.0,2000,whole_base_sequence,True,True
poorly_conditioned,dropout_20,initial_batch_no_updates,True,14.5,2,2,0,1.0,0.34238022750665303,1.0,2,1.0,0.34238022750665303,1.0,{},13.866364787439604,17.653821227263713,1.0209014064419994,1.2957196791026246,2,2,1.0,0.34238022750665303,1.0,1.0,0.34238022750665303,1.0,2,linear,whole_base_sequence,nan,0,2,0.0,0.0,0.0,0.0,0.0,0.0,2000,whole_base_sequence,True,True
poorly_conditioned,dropout_20,offline_full_record_noncausal,False,14.5,2,2,0,1.0,0.34238022750665303,1.0,2,1.0,0.34238022750665303,1.0,{},0.7468566880927531,0.8498799766011971,0.07160724254316382,0.08115638816958146,2,2,1.0,0.34238022750665303,1.0,1.0,0.34238022750665303,1.0,2,linear,whole_base_sequence,nan,0,2,0.0,0.0,0.0,0.0,0.0,0.0,2000,whole_base_sequence,True,True
poorly_conditioned,dropout_20,retarded_ekf,True,12.5,2,2,0,1.0,0.34238022750665303,1.0,2,1.0,0.34238022750665303,1.0,{},0.6059623556720346,0.6930764753623275,0.07186423815204192,0.08178201150453507,2,2,1.0,0.34238022750665303,1.0,1.0,0.34238022750665303,1.0,2,linear,whole_base_sequence,2.0137590182013776,2,2,0.0,0.0,0.0,0.0,0.0,0.0,2000,whole_base_sequence,True,True
poorly_conditioned,dropout_20,retarded_ekf,True,14.5,2,2,0,1.0,0.34238022750665303,1.0,2,1.0,0.34238022750665303,1.0,{},0.7474295277438049,0.8545680573835098,0.07186423815204192,0.08178201150453507,2,2,1.0,0.34238022750665303,1.0,1.0,0.34238022750665303,1.0,2,linear,whole_base_sequence,2.0137590182013776,2,2,0.0,0.0,0.0,0.0,0.0,0.0,2000,whole_base_sequence,True,True
poorly_conditioned,dropout_50,causal_prefix_batch,True,12.5,2,2,0,1.0,0.34238022750665303,1.0,2,1.0,0.34238022750665303,1.0,{},0.7598558687555984,0.7904970144104161,0.10215740331822477,0.10358770461305254,2,2,1.0,0.34238022750665303,1.0,1.0,0.34238022750665303,1.0,2,linear,whole_base_sequence,nan,0,2,0.0,0.0,0.0,0.0,0.0,0.0,2000,whole_base_sequence,True,True
poorly_conditioned,dropout_50,causal_prefix_batch,True,14.5,2,2,0,1.0,0.34238022750665303,1.0,2,1.0,0.34238022750665303,1.0,{},0.960415819766053,0.9923366747279252,0.10215740330086213,0.10358770461129083,2,2,1.0,0.34238022750665303,1.0,1.0,0.34238022750665303,1.0,2,linear,whole_base_sequence,nan,0,2,0.0,0.0,0.0,0.0,0.0,0.0,2000,whole_base_sequence,True,True
poorly_conditioned,dropout_50,initial_batch_no_updates,True,12.5,2,2,0,1.0,0.34238022750665303,1.0,2,1.0,0.34238022750665303,1.0,{},8.780978174049936,10.934732395373779,0.7468501898187254,0.9347420807000631,2,2,1.0,0.34238022750665303,1.0,1.0,0.34238022750665303,1.0,2,linear,whole_base_sequence,nan,0,2,0.0,0.0,0.0,0.0,0.0,0.0,2000,whole_base_sequence,True,True
poorly_conditioned,dropout_50,initial_batch_no_updates,True,14.5,2,2,0,1.0,0.34238022750665303,1.0,2,1.0,0.34238022750665303,1.0,{},10.272065905038605,12.803050726526381,0.7468501898187254,0.9347420807000631,2,2,1.0,0.34238022750665303,1.0,1.0,0.34238022750665303,1.0,2,linear,whole_base_sequence,nan,0,2,0.0,0.0,0.0,0.0,0.0,0.0,2000,whole_base_sequence,True,True
poorly_conditioned,dropout_50,offline_full_record_noncausal,False,14.5,2,2,0,1.0,0.34238022750665303,1.0,2,1.0,0.34238022750665303,1.0,{},0.960415819766053,0.9923366747279252,0.10215740330086213,0.10358770461129083,2,2,1.0,0.34238022750665303,1.0,1.0,0.34238022750665303,1.0,2,linear,whole_base_sequence,nan,0,2,0.0,0.0,0.0,0.0,0.0,0.0,2000,whole_base_sequence,True,True
poorly_conditioned,dropout_50,retarded_ekf,True,12.5,2,2,0,1.0,0.34238022750665303,1.0,2,1.0,0.34238022750665303,1.0,{},0.7574555365959853,0.7917713274542844,0.10195743347658069,0.10398327125658413,2,2,1.0,0.34238022750665303,1.0,1.0,0.34238022750665303,1.0,2,linear,whole_base_sequence,2.184932669222407,2,2,0.0,0.0,0.0,0.0,0.0,0.0,2000,whole_base_sequence,True,True
poorly_conditioned,dropout_50,retarded_ekf,True,14.5,2,2,0,1.0,0.34238022750665303,1.0,2,1.0,0.34238022750665303,1.0,{},0.9574051443126577,0.9941959049598085,0.10195743347658069,0.10398327125658413,2,2,1.0,0.34238022750665303,1.0,1.0,0.34238022750665303,1.0,2,linear,whole_base_sequence,2.184932669222407,2,2,0.0,0.0,0.0,0.0,0.0,0.0,2000,whole_base_sequence,True,True
poorly_conditioned,long_delay,causal_prefix_batch,True,12.5,2,2,0,1.0,0.34238022750665303,1.0,2,1.0,0.34238022750665303,1.0,{},0.6550596283630352,0.6969762534684176,0.08140247188553501,0.08903408765849052,2,2,1.0,0.34238022750665303,1.0,1.0,0.34238022750665303,1.0,2,linear,whole_base_sequence,nan,0,2,0.0,0.0,0.0,0.0,0.0,0.0,2000,whole_base_sequence,True,True
poorly_conditioned,long_delay,causal_prefix_batch,True,14.5,2,2,0,1.0,0.34238022750665303,1.0,2,1.0,0.34238022750665303,1.0,{},0.6565584310037341,0.7214090390489843,0.06781815053846461,0.07426691538679744,2,2,1.0,0.34238022750665303,1.0,1.0,0.34238022750665303,1.0,2,linear,whole_base_sequence,nan,0,2,0.0,0.0,0.0,0.0,0.0,0.0,2000,whole_base_sequence,True,True
poorly_conditioned,long_delay,initial_batch_no_updates,True,12.5,2,2,0,1.0,0.34238022750665303,1.0,2,1.0,0.34238022750665303,1.0,{},8.427239154641345,10.199094105597883,0.7281998397666628,0.8824199162518671,2,2,1.0,0.34238022750665303,1.0,1.0,0.34238022750665303,1.0,2,linear,whole_base_sequence,nan,0,2,0.0,0.0,0.0,0.0,0.0,0.0,2000,whole_base_sequence,True,True
poorly_conditioned,long_delay,initial_batch_no_updates,True,14.5,2,2,0,1.0,0.34238022750665303,1.0,2,1.0,0.34238022750665303,1.0,{},9.88276183788139,11.963259674386375,0.7281998397666628,0.8824199162518671,2,2,1.0,0.34238022750665303,1.0,1.0,0.34238022750665303,1.0,2,linear,whole_base_sequence,nan,0,2,0.0,0.0,0.0,0.0,0.0,0.0,2000,whole_base_sequence,True,True
poorly_conditioned,long_delay,offline_full_record_noncausal,False,14.5,2,2,0,1.0,0.34238022750665303,1.0,2,1.0,0.34238022750665303,1.0,{},0.6565584310037341,0.7214090390489843,0.06781815053846461,0.07426691538679744,2,2,1.0,0.34238022750665303,1.0,1.0,0.34238022750665303,1.0,2,linear,whole_base_sequence,nan,0,2,0.0,0.0,0.0,0.0,0.0,0.0,2000,whole_base_sequence,True,True
poorly_conditioned,long_delay,retarded_ekf,True,12.5,2,2,0,1.0,0.34238022750665303,1.0,2,1.0,0.34238022750665303,1.0,{},0.6553639238084399,0.6993415498622046,0.08165249154106205,0.08965604158249027,2,2,1.0,0.34238022750665303,1.0,1.0,0.34238022750665303,1.0,2,linear,whole_base_sequence,2.038635348326211,2,2,0.0,0.0,0.0,0.0,0.0,0.0,2000,whole_base_sequence,True,True
poorly_conditioned,long_delay,retarded_ekf,True,14.5,2,2,0,1.0,0.34238022750665303,1.0,2,1.0,0.34238022750665303,1.0,{},0.6576929722444271,0.724311016217266,0.06812446609443036,0.0747934605959457,2,2,1.0,0.34238022750665303,1.0,1.0,0.34238022750665303,1.0,2,linear,whole_base_sequence,2.038635348326211,2,2,0.0,0.0,0.0,0.0,0.0,0.0,2000,whole_base_sequence,True,True
poorly_conditioned,mixed,causal_prefix_batch,True,12.5,2,2,0,1.0,0.34238022750665303,1.0,2,1.0,0.34238022750665303,1.0,{},2.4460237832176848,2.623335227918576,0.4324313453504258,0.566344449113792,2,2,0.0,0.0,0.6576197724933469,0.0,0.0,0.6576197724933469,0,linear,whole_base_sequence,nan,0,2,0.0,0.0,0.0,-1.0,-1.0,-1.0,2000,whole_base_sequence,True,False
poorly_conditioned,mixed,causal_prefix_batch,True,14.5,2,2,0,1.0,0.34238022750665303,1.0,2,1.0,0.34238022750665303,1.0,{},2.5712237888930507,3.118929168932574,0.3902710739995913,0.5178040774631256,2,2,0.0,0.0,0.6576197724933469,0.0,0.0,0.6576197724933469,0,linear,whole_base_sequence,nan,0,2,0.0,0.0,0.0,-1.0,-1.0,-1.0,2000,whole_base_sequence,True,False
poorly_conditioned,mixed,initial_batch_no_updates,True,12.5,2,2,0,1.0,0.34238022750665303,1.0,2,1.0,0.34238022750665303,1.0,{},38.80795619227598,51.4280528140419,3.8978747211767275,5.193640548928642,2,2,0.5,0.09453120573423074,0.9054687942657693,0.5,0.09453120573423074,0.9054687942657693,1,linear,whole_base_sequence,nan,0,2,0.0,0.0,0.0,-0.5,-1.0,0.0,2000,whole_base_sequence,True,False
poorly_conditioned,mixed,initial_batch_no_updates,True,14.5,2,2,0,1.0,0.34238022750665303,1.0,2,1.0,0.34238022750665303,1.0,{},46.59910966584538,61.814474165654254,3.8978747211767275,5.193640548928642,2,2,0.5,0.09453120573423074,0.9054687942657693,0.5,0.09453120573423074,0.9054687942657693,1,linear,whole_base_sequence,nan,0,2,0.0,0.0,0.0,-0.5,-1.0,0.0,2000,whole_base_sequence,True,False
poorly_conditioned,mixed,offline_full_record_noncausal,False,14.5,2,2,0,1.0,0.34238022750665303,1.0,2,1.0,0.34238022750665303,1.0,{},2.5712237888930507,3.118929168932574,0.3902710739995913,0.5178040774631256,2,2,0.0,0.0,0.6576197724933469,0.0,0.0,0.6576197724933469,0,linear,whole_base_sequence,nan,0,2,0.0,0.0,0.0,-1.0,-1.0,-1.0,2000,whole_base_sequence,True,False
poorly_conditioned,mixed,retarded_ekf,True,12.5,2,1,1,0.5,0.09453120573423074,0.9054687942657693,1,0.5,0.09453120573423074,0.9054687942657693,"{""initialization_failed:initialization_quality_gate_failed"": 1}",2.250708149355435,2.250708149355435,0.17228278224541074,0.17228278224541074,1,2,0.0,0.0,0.7934506856227626,0.0,0.0,0.6576197724933469,0,linear,whole_base_sequence,91.05812276781948,1,2,-0.5,-1.0,0.0,-1.0,-1.0,-1.0,2000,whole_base_sequence,True,False
poorly_conditioned,mixed,retarded_ekf,True,14.5,2,1,1,0.5,0.09453120573423074,0.9054687942657693,1,0.5,0.09453120573423074,0.9054687942657693,"{""initialization_failed:initialization_quality_gate_failed"": 1}",1.777142542881599,1.777142542881599,0.12254054819107513,0.12254054819107513,1,2,0.0,0.0,0.7934506856227626,0.0,0.0,0.6576197724933469,0,linear,whole_base_sequence,91.05812276781948,1,2,-0.5,-1.0,0.0,-1.0,-1.0,-1.0,2000,whole_base_sequence,True,False
poorly_conditioned,nominal,causal_prefix_batch,True,12.5,2,2,0,1.0,0.34238022750665303,1.0,2,1.0,0.34238022750665303,1.0,{},0.5249157978095426,0.5770694087916746,0.0678181505384648,0.07426691538679747,2,2,1.0,0.34238022750665303,1.0,1.0,0.34238022750665303,1.0,2,linear,whole_base_sequence,nan,0,2,0.0,0.0,0.0,0.0,0.0,0.0,2000,whole_base_sequence,True,True
poorly_conditioned,nominal,causal_prefix_batch,True,14.5,2,2,0,1.0,0.34238022750665303,1.0,2,1.0,0.34238022750665303,1.0,{},0.6565584310037341,0.7214090390489843,0.06781815053846461,0.07426691538679744,2,2,1.0,0.34238022750665303,1.0,1.0,0.34238022750665303,1.0,2,linear,whole_base_sequence,nan,0,2,0.0,0.0,0.0,0.0,0.0,0.0,2000,whole_base_sequence,True,True
poorly_conditioned,nominal,initial_batch_no_updates,True,12.5,2,2,0,1.0,0.34238022750665303,1.0,2,1.0,0.34238022750665303,1.0,{},8.309080165872652,10.181388668254252,0.7217558945854978,0.8814584465528613,2,2,1.0,0.34238022750665303,1.0,1.0,0.34238022750665303,1.0,2,linear,whole_base_sequence,nan,0,2,0.0,0.0,0.0,0.0,0.0,0.0,2000,whole_base_sequence,True,True
poorly_conditioned,nominal,initial_batch_no_updates,True,14.5,2,2,0,1.0,0.34238022750665303,1.0,2,1.0,0.34238022750665303,1.0,{},9.751351518493845,11.943577345039502,0.7217558945854978,0.8814584465528613,2,2,1.0,0.34238022750665303,1.0,1.0,0.34238022750665303,1.0,2,linear,whole_base_sequence,nan,0,2,0.0,0.0,0.0,0.0,0.0,0.0,2000,whole_base_sequence,True,True
poorly_conditioned,nominal,offline_full_record_noncausal,False,14.5,2,2,0,1.0,0.34238022750665303,1.0,2,1.0,0.34238022750665303,1.0,{},0.6565584310037341,0.7214090390489843,0.06781815053846461,0.07426691538679744,2,2,1.0,0.34238022750665303,1.0,1.0,0.34238022750665303,1.0,2,linear,whole_base_sequence,nan,0,2,0.0,0.0,0.0,0.0,0.0,0.0,2000,whole_base_sequence,True,True
poorly_conditioned,nominal,retarded_ekf,True,12.5,2,2,0,1.0,0.34238022750665303,1.0,2,1.0,0.34238022750665303,1.0,{},0.525695318085597,0.5783193387893576,0.06810471051210436,0.07458747102961417,2,2,1.0,0.34238022750665303,1.0,1.0,0.34238022750665303,1.0,2,linear,whole_base_sequence,2.0071142386725906,2,2,0.0,0.0,0.0,0.0,0.0,0.0,2000,whole_base_sequence,True,True
poorly_conditioned,nominal,retarded_ekf,True,14.5,2,2,0,1.0,0.34238022750665303,1.0,2,1.0,0.34238022750665303,1.0,{},0.6579453447486022,0.7233561825736777,0.06810471051210436,0.07458747102961417,2,2,1.0,0.34238022750665303,1.0,1.0,0.34238022750665303,1.0,2,linear,whole_base_sequence,2.0071142386725906,2,2,0.0,0.0,0.0,0.0,0.0,0.0,2000,whole_base_sequence,True,True
poorly_conditioned,one_station_gap,causal_prefix_batch,True,12.5,2,2,0,1.0,0.34238022750665303,1.0,2,1.0,0.34238022750665303,1.0,{},0.546332238076301,0.6255951828002082,0.06650324830059487,0.07505547995810938,2,2,1.0,0.34238022750665303,1.0,1.0,0.34238022750665303,1.0,2,linear,whole_base_sequence,nan,0,2,0.0,0.0,0.0,0.0,0.0,0.0,2000,whole_base_sequence,True,True
poorly_conditioned,one_station_gap,causal_prefix_batch,True,14.5,2,2,0,1.0,0.34238022750665303,1.0,2,1.0,0.34238022750665303,1.0,{},0.673982891587187,0.7702560531738915,0.06650324828787892,0.07505547991785544,2,2,1.0,0.34238022750665303,1.0,1.0,0.34238022750665303,1.0,2,linear,whole_base_sequence,nan,0,2,0.0,0.0,0.0,0.0,0.0,0.0,2000,whole_base_sequence,True,True
poorly_conditioned,one_station_gap,initial_batch_no_updates,True,12.5,2,2,0,1.0,0.34238022750665303,1.0,2,1.0,0.34238022750665303,1.0,{},8.309080165872652,10.181388668254252,0.7217558945854978,0.8814584465528613,2,2,1.0,0.34238022750665303,1.0,1.0,0.34238022750665303,1.0,2,linear,whole_base_sequence,nan,0,2,0.0,0.0,0.0,0.0,0.0,0.0,2000,whole_base_sequence,True,True
poorly_conditioned,one_station_gap,initial_batch_no_updates,True,14.5,2,2,0,1.0,0.34238022750665303,1.0,2,1.0,0.34238022750665303,1.0,{},9.751351518493845,11.943577345039502,0.7217558945854978,0.8814584465528613,2,2,1.0,0.34238022750665303,1.0,1.0,0.34238022750665303,1.0,2,linear,whole_base_sequence,nan,0,2,0.0,0.0,0.0,0.0,0.0,0.0,2000,whole_base_sequence,True,True
poorly_conditioned,one_station_gap,offline_full_record_noncausal,False,14.5,2,2,0,1.0,0.34238022750665303,1.0,2,1.0,0.34238022750665303,1.0,{},0.673982891587187,0.7702560531738915,0.06650324828787892,0.07505547991785544,2,2,1.0,0.34238022750665303,1.0,1.0,0.34238022750665303,1.0,2,linear,whole_base_sequence,nan,0,2,0.0,0.0,0.0,0.0,0.0,0.0,2000,whole_base_sequence,True,True
poorly_conditioned,one_station_gap,retarded_ekf,True,12.5,2,2,0,1.0,0.34238022750665303,1.0,2,1.0,0.34238022750665303,1.0,{},0.548299986066016,0.6285372423926909,0.0668368303242992,0.07538029502761157,2,2,1.0,0.34238022750665303,1.0,1.0,0.34238022750665303,1.0,2,linear,whole_base_sequence,2.004516908164525,2,2,0.0,0.0,0.0,0.0,0.0,0.0,2000,whole_base_sequence,True,True
poorly_conditioned,one_station_gap,retarded_ekf,True,14.5,2,2,0,1.0,0.34238022750665303,1.0,2,1.0,0.34238022750665303,1.0,{},0.6766626885589331,0.7739141021258904,0.0668368303242992,0.07538029502761157,2,2,1.0,0.34238022750665303,1.0,1.0,0.34238022750665303,1.0,2,linear,whole_base_sequence,2.004516908164525,2,2,0.0,0.0,0.0,0.0,0.0,0.0,2000,whole_base_sequence,True,True
poorly_conditioned,outlier_mild,causal_prefix_batch,True,12.5,2,2,0,1.0,0.34238022750665303,1.0,2,1.0,0.34238022750665303,1.0,{},0.5785079224205065,0.6680335461666148,0.10350923153560343,0.1233003550352111,2,2,0.5,0.09453120573423074,0.9054687942657693,0.5,0.09453120573423074,0.9054687942657693,1,linear,whole_base_sequence,nan,0,2,0.0,0.0,0.0,-0.5,-1.0,0.0,2000,whole_base_sequence,True,False
poorly_conditioned,outlier_mild,causal_prefix_batch,True,14.5,2,2,0,1.0,0.34238022750665303,1.0,2,1.0,0.34238022750665303,1.0,{},0.766953510561928,0.898409584491346,0.1035092315416951,0.12330035504473033,2,2,0.5,0.09453120573423074,0.9054687942657693,0.5,0.09453120573423074,0.9054687942657693,1,linear,whole_base_sequence,nan,0,2,0.0,0.0,0.0,-0.5,-1.0,0.0,2000,whole_base_sequence,True,False
poorly_conditioned,outlier_mild,initial_batch_no_updates,True,12.5,2,2,0,1.0,0.34238022750665303,1.0,2,1.0,0.34238022750665303,1.0,{},29.611684603826554,39.05070525009662,2.6526812442882655,3.504289623107043,2,2,0.5,0.09453120573423074,0.9054687942657693,0.5,0.09453120573423074,0.9054687942657693,1,linear,whole_base_sequence,nan,0,2,0.0,0.0,0.0,-0.5,-1.0,0.0,2000,whole_base_sequence,True,False
poorly_conditioned,outlier_mild,initial_batch_no_updates,True,14.5,2,2,0,1.0,0.34238022750665303,1.0,2,1.0,0.34238022750665303,1.0,{},34.91653660754396,46.058937733151964,2.6526812442882655,3.504289623107043,2,2,0.5,0.09453120573423074,0.9054687942657693,0.5,0.09453120573423074,0.9054687942657693,1,linear,whole_base_sequence,nan,0,2,0.0,0.0,0.0,-0.5,-1.0,0.0,2000,whole_base_sequence,True,False
poorly_conditioned,outlier_mild,offline_full_record_noncausal,False,14.5,2,2,0,1.0,0.34238022750665303,1.0,2,1.0,0.34238022750665303,1.0,{},0.766953510561928,0.898409584491346,0.1035092315416951,0.12330035504473033,2,2,0.5,0.09453120573423074,0.9054687942657693,0.5,0.09453120573423074,0.9054687942657693,1,linear,whole_base_sequence,nan,0,2,0.0,0.0,0.0,-0.5,-1.0,0.0,2000,whole_base_sequence,True,False
poorly_conditioned,outlier_mild,retarded_ekf,True,12.5,2,2,0,1.0,0.34238022750665303,1.0,2,1.0,0.34238022750665303,1.0,{},0.5768885750275126,0.6654864364147238,0.10274928977166307,0.1218371384270022,2,2,0.5,0.09453120573423074,0.9054687942657693,0.5,0.09453120573423074,0.9054687942657693,1,linear,whole_base_sequence,4.5985855221835426,2,2,0.0,0.0,0.0,-0.5,-1.0,0.0,2000,whole_base_sequence,True,False
poorly_conditioned,outlier_mild,retarded_ekf,True,14.5,2,2,0,1.0,0.34238022750665303,1.0,2,1.0,0.34238022750665303,1.0,{},0.7644056024570675,0.8939686832867745,0.10274928977166307,0.1218371384270022,2,2,0.5,0.09453120573423074,0.9054687942657693,0.5,0.09453120573423074,0.9054687942657693,1,linear,whole_base_sequence,4.5985855221835426,2,2,0.0,0.0,0.0,-0.5,-1.0,0.0,2000,whole_base_sequence,True,False
poorly_conditioned,outlier_strong,causal_prefix_batch,True,12.5,2,2,0,1.0,0.34238022750665303,1.0,2,1.0,0.34238022750665303,1.0,{},4.62463813967326,6.033201129450028,0.4410702606144571,0.576984799931591,2,2,0.0,0.0,0.6576197724933469,0.0,0.0,0.6576197724933469,0,linear,whole_base_sequence,nan,0,2,0.0,0.0,0.0,-1.0,-1.0,-1.0,2000,whole_base_sequence,True,False
poorly_conditioned,outlier_strong,causal_prefix_batch,True,14.5,2,2,0,1.0,0.34238022750665303,1.0,2,1.0,0.34238022750665303,1.0,{},5.4291799908478175,7.12055712254901,0.44107026061428023,0.5769847999314704,2,2,0.0,0.0,0.6576197724933469,0.0,0.0,0.6576197724933469,0,linear,whole_base_sequence,nan,0,2,0.0,0.0,0.0,-1.0,-1.0,-1.0,2000,whole_base_sequence,True,False
poorly_conditioned,outlier_strong,initial_batch_no_updates,True,12.5,2,2,0,1.0,0.34238022750665303,1.0,2,1.0,0.34238022750665303,1.0,{},111.40427767272054,149.8650952760417,10.110722684130899,13.601822527939099,2,2,0.5,0.09453120573423074,0.9054687942657693,0.5,0.09453120573423074,0.9054687942657693,1,linear,whole_base_sequence,nan,0,2,0.0,0.0,0.0,-0.5,-1.0,0.0,2000,whole_base_sequence,True,False
poorly_conditioned,outlier_strong,initial_batch_no_updates,True,14.5,2,2,0,1.0,0.34238022750665303,1.0,2,1.0,0.34238022750665303,1.0,{},131.62373170200303,177.06617699086678,10.110722684130899,13.601822527939099,2,2,0.5,0.09453120573423074,0.9054687942657693,0.5,0.09453120573423074,0.9054687942657693,1,linear,whole_base_sequence,nan,0,2,0.0,0.0,0.0,-0.5,-1.0,0.0,2000,whole_base_sequence,True,False
poorly_conditioned,outlier_strong,offline_full_record_noncausal,False,14.5,2,2,0,1.0,0.34238022750665303,1.0,2,1.0,0.34238022750665303,1.0,{},5.4291799908478175,7.12055712254901,0.44107026061428023,0.5769847999314704,2,2,0.0,0.0,0.6576197724933469,0.0,0.0,0.6576197724933469,0,linear,whole_base_sequence,nan,0,2,0.0,0.0,0.0,-1.0,-1.0,-1.0,2000,whole_base_sequence,True,False
poorly_conditioned,outlier_strong,retarded_ekf,True,12.5,2,1,1,0.5,0.09453120573423074,0.9054687942657693,1,0.5,0.09453120573423074,0.9054687942657693,"{""initialization_failed:initialization_quality_gate_failed"": 1}",1.8481246068200907,1.8481246068200907,0.1927922739878612,0.1927922739878612,1,2,0.0,0.0,0.7934506856227626,0.0,0.0,0.6576197724933469,0,linear,whole_base_sequence,244.36433248038213,1,2,-0.5,-1.0,0.0,-1.0,-1.0,-1.0,2000,whole_base_sequence,True,False
poorly_conditioned,outlier_strong,retarded_ekf,True,14.5,2,1,1,0.5,0.09453120573423074,0.9054687942657693,1,0.5,0.09453120573423074,0.9054687942657693,"{""initialization_failed:initialization_quality_gate_failed"": 1}",2.020945026606065,2.020945026606065,0.1927922739878612,0.1927922739878612,1,2,0.0,0.0,0.7934506856227626,0.0,0.0,0.6576197724933469,0,linear,whole_base_sequence,244.36433248038213,1,2,-0.5,-1.0,0.0,-1.0,-1.0,-1.0,2000,whole_base_sequence,True,False
