record_type,geometry,distance_m,max_plane_error_s,max_plane_error_us,max_second_order_error_s,max_second_order_error_us,sample_error,worst_azimuth_deg,worst_elevation_deg,worst_pair,second_order_worst_azimuth_deg,second_order_worst_elevation_deg,second_order_worst_pair,sampling_rate_hz,angular_step_deg,max_elevation_deg,phase_error_2000hz_rad,phase_error_4000hz_rad,phase_error_8000hz_rad,phase_error_12000hz_rad,criterion,maximum_frequency_hz,limit_value,limit_unit,target_error_s,target_error_us,minimum_distance_m,coarse_boundary_distance_m,achieved_error_s,achieved_error_us,coarse_max_error,refined_max_error,relative_grid_difference,refined_worst_azimuth_deg,refined_worst_elevation_deg,refined_worst_pair,continuous_refinement_used,continuous_max_error,continuous_worst_azimuth_deg,continuous_worst_elevation_deg,continuous_worst_pair,coarse_search_iterations,refined_search_iterations,refined_angular_step_deg
distance_sweep,linear,0.5,2.5979172302977018e-05,25.979172302977016,4.459131847235447e-06,4.459131847235446,1.2470002705428969,82.5,27.0,1-3,45.0,34.0,0-3,48000.0,0.5,80.0,0.32646390741350406,0.6529278148270081,1.3058556296540162,1.9587834444810246,,,,,,,,,,,,,,,,,,,,,,,,
distance_sweep,linear,1.0,1.2965638933057038e-05,12.965638933057038,1.1202944155100543e-06,1.1202944155100543,0.6223506687867378,253.0,78.5,0-2,53.5,13.0,0-3,48000.0,0.5,80.0,0.16293102408475918,0.32586204816951836,0.6517240963390367,0.9775861445085551,,,,,,,,,,,,,,,,,,,,,,,,
distance_sweep,linear,2.0,6.479793556831876e-06,6.4797935568318765,2.8042270334635577e-07,0.2804227033463558,0.3110300907279301,267.5,48.0,0-2,41.5,39.5,0-3,48000.0,0.5,80.0,0.08142748733968598,0.16285497467937196,0.3257099493587439,0.48856492403811597,,,,,,,,,,,,,,,,,,,,,,,,
distance_sweep,linear,5.0,2.5915775756212245e-06,2.5915775756212245,4.4883324964647975e-08,0.044883324964647975,0.12439572362981878,267.5,74.5,0-2,54.5,6.0,0-3,48000.0,0.5,80.0,0.03256672429111874,0.06513344858223748,0.13026689716447495,0.19540034574671244,,,,,,,,,,,,,,,,,,,,,,,,
distance_sweep,linear,10.0,1.295764495992845e-06,1.295764495992845,1.122139230841368e-08,0.01122139230841368,0.06219669580765656,270.5,48.0,1-3,52.5,18.5,0-3,48000.0,0.5,80.0,0.01628305688557441,0.03256611377114882,0.06513222754229764,0.09769834131344647,,,,,,,,,,,,,,,,,,,,,,,,
distance_sweep,linear,20.0,6.478792111893208e-07,0.6478792111893208,2.8053831688246156e-09,0.0028053831688246156,0.0310982021370874,270.5,70.5,1-3,46.5,33.0,0-3,48000.0,0.5,80.0,0.00814149028114368,0.01628298056228736,0.03256596112457472,0.04884894168686209,,,,,,,,,,,,,,,,,,,,,,,,
distance_sweep,linear,50.0,2.5915131285439926e-07,0.25915131285439924,4.4886289130019463e-10,0.00044886289130019463,0.012439263017011164,270.5,80.0,1-3,46.5,33.0,0-3,48000.0,0.5,80.0,0.003256591442526123,0.006513182885052246,0.013026365770104492,0.019539548655156738,,,,,,,,,,,,,,,,,,,,,,,,
distance_sweep,linear,100.0,1.2957560380229474e-07,0.12957560380229474,1.1221584772513893e-10,0.00011221584772513893,0.0062196289825101475,270.0,0.0,0-2,53.5,14.0,0-3,48000.0,0.5,80.0,0.0016282950599590031,0.0032565901199180063,0.0065131802398360125,0.00976977035975402,,,,,,,,,,,,,,,,,,,,,,,,
distance_sweep,linear,200.0,6.478781544590397e-08,0.06478781544590397,2.8054114586950618e-11,2.8054114586950618e-05,0.0031098151414033904,270.0,0.0,0-2,44.5,36.0,0-3,48000.0,0.5,80.0,0.0008141477001879329,0.0016282954003758658,0.0032565908007517316,0.004884886201127597,,,,,,,,,,,,,,,,,,,,,,,,
distance_sweep,linear,500.0,2.591512782153451e-08,0.02591512782153451,4.489075777769358e-12,4.489075777769358e-06,0.0012439261354336565,270.0,0.0,0-2,54.0,10.5,0-3,48000.0,0.5,80.0,0.0003256591007238931,0.0006513182014477862,0.0013026364028955724,0.0019539546043433587,,,,,,,,,,,,,,,,,,,,,,,,
distance_sweep,linear,1000.0,1.2957564354892168e-08,0.012957564354892167,1.1231016117108084e-12,1.1231016117108084e-06,0.0006219630890348241,270.0,0.0,0-2,54.5,4.5,0-3,48000.0,0.5,80.0,0.00016282955594298479,0.00032565911188596957,0.0006513182237719391,0.0009769773356579088,,,,,,,,,,,,,,,,,,,,,,,,
boundary,linear,,,,,,,89.0,57.5,1-3,,,,48000.0,0.5,80.0,,,,,sample,,0.1,samples,2.0833333333333334e-06,2.0833333333333335,6.21973133833774,6.21973133833774,2.083333282596158e-06,2.083333282596158,2.083333282596158e-06,2.083333282596158e-06,0.0,89.0,57.5,1-3,False,,,,,22,22,0.25
boundary,linear,,,,,,,265.0,65.75,0-2,,,,48000.0,0.5,80.0,,,,,phase,2000.0,0.1,rad,7.957747154594769e-06,7.9577471545947684,1.6286797211043187,1.6286797211043187,7.957742393316749e-06,7.957742393316749,7.957742376231837e-06,7.957742393316749e-06,2.1469546511688845e-09,265.0,65.75,0-2,False,,,,,20,20,0.25
boundary,linear,,,,,,,267.5,65.75,0-2,,,,48000.0,0.5,80.0,,,,,phase,4000.0,0.1,rad,3.978873577297384e-06,3.9788735772973842,3.2567867323128183,3.2567867323128183,3.978868854615333e-06,3.978868854615333,3.978868854330038e-06,3.978868854615333e-06,7.170256337160257e-11,267.5,65.75,0-2,False,,,,,21,21,0.25
boundary,linear,,,,,,,268.5,70.0,0-2,,,,48000.0,0.5,80.0,,,,,phase,8000.0,0.1,rad,1.989436788648692e-06,1.9894367886486921,6.513280682866794,6.513280682866794,1.9894359685583336e-06,1.9894359685583336,1.9894359685583336e-06,1.9894359685583336e-06,0.0,268.5,70.0,0-2,False,,,,,22,22,0.25
boundary,linear,,,,,,,89.0,70.0,1-3,,,,48000.0,0.5,80.0,,,,,phase,12000.0,0.1,rad,1.3262911924324613e-06,1.3262911924324612,9.769845855706327,9.769845855706327,1.3262899959782542e-06,1.3262899959782541,1.3262899959782542e-06,1.3262899959782542e-06,0.0,89.0,70.0,1-3,False,,,,,23,23,0.25
distance_sweep,L-shaped,0.5,4.0998235830996566e-05,40.99823583099656,5.8442224194522885e-06,5.844222419452288,1.9679153198878352,33.5,0.0,0-3,125.0,50.0,2-3,48000.0,0.5,80.0,0.5151990259872026,1.0303980519744051,2.0607961039488103,3.0911941559232154,,,,,,,,,,,,,,,,,,,,,,,,
distance_sweep,L-shaped,1.0,2.048032582170243e-05,20.48032582170243,1.4393921465038519e-06,1.439392146503852,0.9830556394417166,31.0,0.0,0-3,131.0,51.5,2-3,48000.0,0.5,80.0,0.25736336457834275,0.5147267291566855,1.029453458313371,1.5441801874700567,,,,,,,,,,,,,,,,,,,,,,,,
distance_sweep,L-shaped,2.0,1.0229546483036042e-05,10.229546483036042,3.5732320807953244e-07,0.35732320807953244,0.49101823118573,29.5,0.0,0-3,134.5,51.5,2-3,48000.0,0.5,80.0,0.12854827232264535,0.2570965446452907,0.5141930892905814,0.771289633935872,,,,,,,,,,,,,,,,,,,,,,,,
distance_sweep,L-shaped,5.0,4.088315285954644e-06,4.088315285954644,5.693845525969743e-08,0.05693845525969743,0.1962391337258229,28.5,0.0,0-3,136.0,52.0,2-3,48000.0,0.5,80.0,0.051375285071655855,0.10275057014331171,0.20550114028662342,0.30825171042993516,,,,,,,,,,,,,,,,,,,,,,,,
distance_sweep,L-shaped,10.0,2.043522855002533e-06,2.043522855002533,1.4215699711134233e-08,0.014215699711134233,0.09808909704012159,28.5,0.0,0-3,136.5,52.0,2-3,48000.0,0.5,80.0,0.02567966555487519,0.05135933110975038,0.10271866221950075,0.15407799332925115,,,,,,,,,,,,,,,,,,,,,,,,
distance_sweep,L-shaped,20.0,1.02157572154718e-06,1.02157572154718,3.5515758806115016e-09,0.0035515758806115016,0.049035634634264635,28.5,0.0,0-3,137.0,52.0,2-3,48000.0,0.5,80.0,0.012837499127593249,0.025674998255186498,0.051349996510372996,0.0770249947655595,,,,,,,,,,,,,,,,,,,,,,,,
distance_sweep,L-shaped,50.0,4.085892676254719e-07,0.40858926762547193,5.680273473807063e-10,0.0005680273473807063,0.019612284846022652,28.0,0.0,0-3,137.0,52.0,2-3,48000.0,0.5,80.0,0.005134484166031266,0.010268968332062532,0.020537936664125064,0.030806904996187594,,,,,,,,,,,,,,,,,,,,,,,,
distance_sweep,L-shaped,100.0,2.0428839709888606e-07,0.20428839709888605,1.4198803244269698e-10,0.00014198803244269698,0.009805843060746531,28.0,0.0,0-3,137.0,52.0,2-3,48000.0,0.5,80.0,0.002567163710157979,0.005134327420315958,0.010268654840631917,0.015402982260947877,,,,,,,,,,,,,,,,,,,,,,,,
distance_sweep,L-shaped,200.0,1.021426123239209e-07,0.1021426123239209,3.549460725338349e-11,3.549460725338349e-05,0.004902845391548203,28.0,0.0,0-3,137.0,52.0,2-3,48000.0,0.5,80.0,0.0012835619219812005,0.002567123843962401,0.005134247687924802,0.007701371531887204,,,,,,,,,,,,,,,,,,,,,,,,
distance_sweep,L-shaped,500.0,4.085666089907107e-08,0.04085666089907107,5.679012815562601e-12,5.679012815562601e-06,0.0019611197231554113,28.0,0.0,0-3,137.0,52.0,2-3,48000.0,0.5,80.0,0.0005134199429229241,0.0010268398858458482,0.0020536797716916963,0.0030805196575375447,,,,,,,,,,,,,,,,,,,,,,,,
distance_sweep,L-shaped,1000.0,2.0428266367535737e-08,0.02042826636753574,1.4201972931005002e-12,1.4201972931005002e-06,0.0009805567856417154,28.0,0.0,0-3,136.5,51.5,2-3,48000.0,0.5,80.0,0.00025670916618330283,0.0005134183323666057,0.0010268366647332113,0.0015402549970998172,,,,,,,,,,,,,,,,,,,,,,,,
boundary,L-shaped,,,,,,,28.5,0.0,0-3,,,,48000.0,0.5,80.0,,,,,sample,,0.1,samples,2.0833333333333334e-06,2.0833333333333335,9.808983391238701,9.808983391238701,2.0833316879062536e-06,2.0833316879062536,2.0833316879062536e-06,2.0833316879062536e-06,0.0,28.5,0.0,0-3,False,,,,,23,23,0.25
boundary,L-shaped,,,,,,,29.25,0.0,0-3,,,,48000.0,0.5,80.0,,,,,phase,2000.0,0.1,rad,7.957747154594769e-06,7.9577471545947684,2.5702045186931852,2.570187528755142,7.957746303464101e-06,7.957746303464101,7.957693224614355e-06,7.957746303464101e-06,6.670085690387406e-06,29.25,0.0,0-3,False,,,,,21,21,0.25
boundary,L-shaped,,,,,,,28.75,0.0,0-3,,,,48000.0,0.5,80.0,,,,,phase,4000.0,0.1,rad,3.978873577297384e-06,3.9788735772973842,5.137487588872396,5.137453628308093,3.978870192613681e-06,3.9788701926136807,3.978846244478973e-06,3.978870192613681e-06,6.01882784524916e-06,28.75,0.0,0-3,False,,,,,22,22,0.25
boundary,L-shaped,,,,,,,28.5,0.0,0-3,,,,48000.0,0.5,80.0,,,,,phase,8000.0,0.1,rad,1.989436788648692e-06,1.9894367886486921,10.271783370001744,10.271783370001744,1.989434578672511e-06,1.989434578672511,1.989434578672511e-06,1.989434578672511e-06,0.0,28.5,0.0,0-3,False,,,,,23,23,0.25
boundary,L-shaped,,,,,,,28.25,0.0,0-3,,,,48000.0,0.5,80.0,,,,,phase,12000.0,0.1,rad,1.3262911924324613e-06,1.3262911924324612,15.406028841986465,15.405865899649676,1.3262907278882227e-06,1.3262907278882228,1.3262768622200605e-06,1.3262907278882227e-06,1.045447115831614e-05,28.25,0.0,0-3,False,,,,,23,23,0.25
distance_sweep,rectangle 3:1,0.5,2.043314724487703e-05,20.43314724487703,4.498484567752158e-06,4.4984845677521585,0.9807910677540974,315.0,0.0,2-3,13.0,51.0,2-3,48000.0,0.5,80.0,0.25677050109689675,0.5135410021937935,1.027082004387587,1.5406230065813806,,,,,,,,,,,,,,,,,,,,,,,,
distance_sweep,rectangle 3:1,1.0,9.506567633551708e-06,9.506567633551708,1.1227514509458414e-06,1.1227514509458414,0.456315246410482,45.5,0.0,0-1,6.5,52.0,2-3,48000.0,0.5,80.0,0.11946305215368219,0.23892610430736438,0.47785220861472877,0.7167783129220932,,,,,,,,,,,,,,,,,,,,,,,,
distance_sweep,rectangle 3:1,2.0,4.565986701958252e-06,4.565986701958252,2.8057664818413597e-07,0.28057664818413597,0.2191673616939961,225.0,0.0,2-3,3.5,52.5,2-3,48000.0,0.5,80.0,0.05737788111704292,0.11475576223408585,0.2295115244681717,0.34426728670225754,,,,,,,,,,,,,,,,,,,,,,,,
distance_sweep,rectangle 3:1,5.0,1.7803874154810975e-06,1.7803874154810975,4.488724406059852e-08,0.04488724406059852,0.08545859594309269,225.0,0.0,2-3,1.5,52.5,2-3,48000.0,0.5,80.0,0.022373008100076537,0.044746016200153074,0.08949203240030615,0.13423804860045924,,,,,,,,,,,,,,,,,,,,,,,,
distance_sweep,rectangle 3:1,10.0,8.824366392823032e-07,0.8824366392823032,1.1221626090157644e-08,0.011221626090157644,0.042356958685550554,225.0,0.0,2-3,0.5,52.5,2-3,48000.0,0.5,80.0,0.011089025852911,0.022178051705822,0.044356103411644,0.06653415511746599,,,,,,,,,,,,,,,,,,,,,,,,
distance_sweep,rectangle 3:1,20.0,4.392707930747316e-07,0.4392707930747316,2.80539440983274e-09,0.00280539440983274,0.021084998067587117,225.0,0.0,2-3,0.5,52.5,2-3,48000.0,0.5,80.0,0.005520039585840556,0.011040079171681112,0.022080158343362223,0.03312023751504334,,,,,,,,,,,,,,,,,,,,,,,,
distance_sweep,rectangle 3:1,50.0,1.7523985787606467e-07,0.17523985787606466,4.4886291905577025e-10,0.00044886291905577025,0.008411513178051104,225.0,0.0,2-3,29.5,30.5,1-3,48000.0,0.5,80.0,0.0022021290004782565,0.004404258000956513,0.008808516001913026,0.013212774002869541,,,,,,,,,,,,,,,,,,,,,,,,
distance_sweep,rectangle 3:1,100.0,8.754176475525089e-08,0.08754176475525088,1.1221584772513893e-10,0.00011221584772513893,0.004202004708252043,225.0,0.0,2-3,24.0,38.5,1-3,48000.0,0.5,80.0,0.0011000822601495283,0.0022001645202990566,0.004400329040598113,0.00660049356089717,,,,,,,,,,,,,,,,,,,,,,,,
distance_sweep,rectangle 3:1,200.0,4.37513330855629e-08,0.04375133308556289,2.8054114586950618e-11,2.8054114586950618e-05,0.002100063988107019,225.0,0.0,2-3,71.0,18.0,0-2,48000.0,0.5,80.0,0.0005497954664254578,0.0010995909328509156,0.002199181865701831,0.0032987727985527467,,,,,,,,,,,,,,,,,,,,,,,,
distance_sweep,rectangle 3:1,500.0,1.749584052770448e-08,0.01749584052770448,4.489075777769358e-12,4.489075777769358e-06,0.000839800345329815,225.0,0.0,2-3,69.5,23.0,0-2,48000.0,0.5,80.0,0.00021985921628085982,0.00043971843256171965,0.0008794368651234393,0.001319155297685159,,,,,,,,,,,,,,,,,,,,,,,,
distance_sweep,rectangle 3:1,1000.0,8.74713765444202e-09,0.00874713765444202,1.1231016117108084e-12,1.1231016117108084e-06,0.00041986260741321696,225.0,0.0,2-3,73.0,3.0,0-2,48000.0,0.5,80.0,0.00010991977358053481,0.00021983954716106962,0.00043967909432213924,0.0006595186414832089,,,,,,,,,,,,,,,,,,,,,,,,
boundary,rectangle 3:1,,,,,,,134.75,0.0,0-1,,,,48000.0,0.5,80.0,,,,,sample,,0.1,samples,2.0833333333333334e-06,2.0833333333333335,4.28531564693659,4.28530431594854,2.083330547004319e-06,2.083330547004319,2.0833266754570305e-06,2.083330547004319e-06,1.8583451838955103e-06,134.75,0.0,0-1,False,,,,,22,22,0.25
boundary,rectangle 3:1,,,,,,,134.75,0.0,0-1,,,,48000.0,0.5,80.0,,,,,phase,2000.0,0.1,rad,7.957747154594769e-06,7.9577471545947684,1.1804289580788894,1.1804086702759113,7.957746467939495e-06,7.957746467939495,7.957592843882227e-06,7.957746467939495e-06,1.9304970054976508e-05,134.75,0.0,0-1,False,,,,,20,20,0.25
boundary,rectangle 3:1,,,,,,,134.75,0.0,0-1,,,,48000.0,0.5,80.0,,,,,phase,4000.0,0.1,rad,3.978873577297384e-06,3.9788735772973842,2.2833086157076417,2.283248242477453,3.978870565018154e-06,3.9788705650181537,3.978759257303318e-06,3.978870565018154e-06,2.7974701115967794e-05,134.75,0.0,0-1,False,,,,,21,21,0.25
boundary,rectangle 3:1,,,,,,,134.75,0.0,0-1,,,,48000.0,0.5,80.0,,,,,phase,8000.0,0.1,rad,1.989436788648692e-06,1.9894367886486921,4.4835585611035755,4.4835585611035755,1.9894347795774503e-06,1.9894347795774503,1.9894341330476913e-06,1.9894347795774503e-06,3.2498163077279144e-07,134.75,0.0,0-1,False,,,,,22,22,0.25
boundary,rectangle 3:1,,,,,,,225.0,0.0,2-3,,,,48000.0,0.5,80.0,,,,,phase,12000.0,0.1,rad,1.3262911924324613e-06,1.3262911924324612,6.682495508960099,6.682495508960099,1.3262906499250334e-06,1.3262906499250335,1.3262906499250334e-06,1.3262906499250334e-06,0.0,225.0,0.0,2-3,False,,,,,22,22,0.25
distance_sweep,square,0.5,2.9022347517468328e-05,29.02234751746833,4.498505256310447e-06,4.498505256310446,1.3930726808384797,42.0,0.0,0-1,4.5,35.0,2-3,48000.0,0.5,80.0,0.36470557500323386,0.7294111500064677,1.4588223000129354,2.1882334500194034,,,,,,,,,,,,,,,,,,,,,,,,
distance_sweep,square,1.0,1.4559924970422068e-05,14.559924970422069,1.1227575689469124e-06,1.1227575689469125,0.6988763985802593,313.5,0.0,0-3,2.0,35.0,2-3,48000.0,0.5,80.0,0.18296541329558622,0.36593082659117243,0.7318616531823449,1.0977924797735172,,,,,,,,,,,,,,,,,,,,,,,,
distance_sweep,square,2.0,7.286172473553788e-06,7.286172473553788,2.805739080487604e-07,0.2805739080487604,0.34973627873058183,44.5,0.0,0-1,1.0,35.0,2-3,48000.0,0.5,80.0,0.091560743662819,0.183121487325638,0.366242974651276,0.549364461976914,,,,,,,,,,,,,,,,,,,,,,,,
distance_sweep,square,5.0,2.915229501567634e-06,2.9152295015676337,4.4886653989203995e-08,0.044886653989203995,0.13993101607524644,44.5,0.0,0-1,0.5,35.5,2-3,48000.0,0.5,80.0,0.036633854342612446,0.07326770868522489,0.14653541737044978,0.2198031260556747,,,,,,,,,,,,,,,,,,,,,,,,
distance_sweep,square,10.0,1.4576895061935787e-06,1.4576895061935786,1.122139230841368e-08,0.01122139230841368,0.06996909629729178,225.0,0.0,2-3,7.5,18.5,1-3,48000.0,0.5,80.0,0.01831786657549072,0.03663573315098144,0.07327146630196288,0.10990719945294432,,,,,,,,,,,,,,,,,,,,,,,,
distance_sweep,square,20.0,7.288584184266434e-07,0.7288584184266433,2.8053831688246156e-09,0.0028053831688246156,0.03498520408447888,225.0,0.0,0-3,1.5,33.0,1-3,48000.0,0.5,80.0,0.009159105011344872,0.018318210022689744,0.03663642004537949,0.054954630068069235,,,,,,,,,,,,,,,,,,,,,,,,
distance_sweep,square,50.0,2.9154489795810883e-07,0.29154489795810884,4.4886289130019463e-10,0.00044886289130019463,0.013994155101989224,225.0,0.0,2-3,1.5,33.0,1-3,48000.0,0.5,80.0,0.0036636612384671223,0.0073273224769342445,0.014654644953868489,0.021981967430802732,,,,,,,,,,,,,,,,,,,,,,,,
distance_sweep,square,100.0,1.4577255831447382e-07,0.14577255831447383,1.1221584772513893e-10,0.00011221584772513893,0.0069970827990947435,225.0,0.0,2-3,8.5,14.0,1-3,48000.0,0.5,80.0,0.0018318319931829626,0.0036636639863659253,0.007327327972731851,0.010990991959097775,,,,,,,,,,,,,,,,,,,,,,,,
distance_sweep,square,200.0,7.28862927914316e-08,0.07288629279143159,2.8054114586950618e-11,2.8054114586950618e-05,0.0034985420539887166,225.0,0.0,2-3,0.5,36.0,0-2,48000.0,0.5,80.0,0.0009159161679238247,0.0018318323358476494,0.003663664671695299,0.005495497007542948,,,,,,,,,,,,,,,,,,,,,,,,
distance_sweep,square,500.0,2.9154518700537802e-08,0.029154518700537802,4.489075777769358e-12,4.489075777769358e-06,0.0013994168976258145,225.0,0.0,2-3,9.0,10.5,1-3,48000.0,0.5,80.0,0.00036636648707422315,0.0007327329741484463,0.0014654659482968926,0.002198198922445339,,,,,,,,,,,,,,,,,,,,,,,,
distance_sweep,square,1000.0,1.4577259942378813e-08,0.014577259942378813,1.1231016117108084e-12,1.1231016117108084e-06,0.000699708477234183,225.0,0.0,0-3,9.5,4.5,1-3,48000.0,0.5,80.0,0.0001831832509777842,0.0003663665019555684,0.0007327330039111368,0.0010990995058667052,,,,,,,,,,,,,,,,,,,,,,,,
boundary,square,,,,,,,44.75,0.0,0-1,,,,48000.0,0.5,80.0,,,,,sample,,0.1,samples,2.0833333333333334e-06,2.0833333333333335,6.996905073975784,6.996729318173381,2.0833315342995255e-06,2.0833315342995253,2.0832803934465256e-06,2.0833315342995255e-06,2.454763063771108e-05,44.75,0.0,0-1,False,,,,,22,22,0.25
boundary,square,,,,,,,314.25,0.0,0-3,,,,48000.0,0.5,80.0,,,,,phase,2000.0,0.1,rad,7.957747154594769e-06,7.9577471545947684,1.8311661255322438,1.8311273909676495,7.957742067410888e-06,7.957742067410888,7.957571304199483e-06,7.957742067410888e-06,2.1458751736213246e-05,314.25,0.0,0-3,False,,,,,20,20,0.25
boundary,square,,,,,,,44.5,0.0,0-1,,,,48000.0,0.5,80.0,,,,,phase,4000.0,0.1,rad,3.978873577297384e-06,3.9788735772973842,3.66330559661426,3.66330559661426,3.9788724535170595e-06,3.9788724535170594,3.9788724535170595e-06,3.9788724535170595e-06,0.0,44.5,0.0,0-1,False,,,,,21,21,0.25
boundary,square,,,,,,,44.75,0.0,0-1,,,,48000.0,0.5,80.0,,,,,phase,8000.0,0.1,rad,1.989436788648692e-06,1.9894367886486921,7.327153647074138,7.326988969339916,1.989435206062578e-06,1.989435206062578,1.989391984270818e-06,1.989435206062578e-06,2.1725659437450242e-05,44.75,0.0,0-1,False,,,,,22,22,0.25
boundary,square,,,,,,,315.25,0.0,2-3,,,,48000.0,0.5,80.0,,,,,phase,12000.0,0.1,rad,1.3262911924324613e-06,1.3262911924324612,10.990791214615298,10.990776683992994,1.3262906791844517e-06,1.3262906791844518,1.3262883003711053e-06,1.3262906791844517e-06,1.793583702068832e-06,315.25,0.0,2-3,False,,,,,23,23,0.25
distance_sweep,tetrahedral,0.5,4.281831913747732e-05,42.81831913747732,8.273542703340648e-06,8.273542703340649,2.0552793185989113,308.0,31.5,0-2,84.5,0.5,0-1,48000.0,0.5,80.0,0.538070867365448,1.076141734730896,2.152283469461792,3.2284252041926877,,,,,,,,,,,,,,,,,,,,,,,,
distance_sweep,tetrahedral,1.0,2.1069284080039085e-05,21.069284080039086,2.0631910319411986e-06,2.063191031941199,1.011325635841876,306.5,30.5,0-2,2.5,0.0,0-2,48000.0,0.5,80.0,0.26476443232898866,0.5295288646579773,1.0590577293159547,1.588586593973932,,,,,,,,,,,,,,,,,,,,,,,,
distance_sweep,tetrahedral,2.0,1.0428730825391892e-05,10.428730825391892,5.154858504861221e-07,0.515485850486122,0.5005790796188108,135.0,44.5,1-2,178.5,0.0,0-2,48000.0,0.5,80.0,0.13105129658926634,0.2621025931785327,0.5242051863570654,0.786307779535598,,,,,,,,,,,,,,,,,,,,,,,,
distance_sweep,tetrahedral,5.0,4.143162178086625e-06,4.143162178086625,8.246411849384405e-08,0.08246411849384405,0.198871784548158,305.5,30.0,0-2,0.5,0.0,0-2,48000.0,0.5,80.0,0.0520645114452321,0.1041290228904642,0.2082580457809284,0.3123870686713926,,,,,,,,,,,,,,,,,,,,,,,,
distance_sweep,tetrahedral,10.0,2.06661427857598e-06,2.06661427857598,2.061503201478132e-08,0.02061503201478132,0.09919748537164705,305.5,30.0,0-2,0.5,0.0,0-2,48000.0,0.5,80.0,0.025969840941512275,0.05193968188302455,0.1038793637660491,0.15581904564907365,,,,,,,,,,,,,,,,,,,,,,,,
distance_sweep,tetrahedral,20.0,1.0320466769623573e-06,1.0320466769623573,5.1538072975976235e-09,0.0051538072975976235,0.04953824049419315,135.0,45.0,1-2,0.0,0.0,0-2,48000.0,0.5,80.0,0.012969081034026799,0.025938162068053598,0.051876324136107196,0.0778144862041608,,,,,,,,,,,,,,,,,,,,,,,,
distance_sweep,tetrahedral,50.0,4.1251269562373035e-07,0.41251269562373033,8.246134886036316e-10,0.0008246134886036316,0.019800609389939057,135.0,45.0,1-2,0.0,0.0,0-2,48000.0,0.5,80.0,0.0051837874163361344,0.010367574832672269,0.020735149665344538,0.031102724498016807,,,,,,,,,,,,,,,,,,,,,,,,
distance_sweep,tetrahedral,100.0,2.062050415800056e-07,0.2062050415800056,2.061535386843616e-10,0.0002061535386843616,0.009897841995840269,135.0,45.0,1-2,0.0,0.0,0-2,48000.0,0.5,80.0,0.0025912489750436933,0.005182497950087387,0.010364995900174773,0.015547493850262162,,,,,,,,,,,,,,,,,,,,,,,,
distance_sweep,tetrahedral,200.0,1.0308966517583304e-07,0.10308966517583304,5.153832915993917e-11,5.153832915993917e-05,0.004948303928439986,135.0,45.0,1-2,0.0,0.0,0-2,48000.0,0.5,80.0,0.0012954629391097143,0.0025909258782194286,0.005181851756438857,0.007772777634658286,,,,,,,,,,,,,,,,,,,,,,,,
distance_sweep,tetrahedral,500.0,4.123277689763302e-08,0.04123277689763302,8.245848448495963e-12,8.245848448495963e-06,0.001979173291086385,135.0,45.0,1-2,0.0,0.0,0-2,48000.0,0.5,80.0,0.0005181463559548433,0.0010362927119096867,0.0020725854238193733,0.0031088781357290598,,,,,,,,,,,,,,,,,,,,,,,,
distance_sweep,tetrahedral,1000.0,2.0615873823988298e-08,0.020615873823988298,2.0614621121239907e-12,2.0614621121239907e-06,0.0009895619435514383,135.0,45.0,1-2,0.0,0.0,0-2,48000.0,0.5,80.0,0.000259066711011103,0.000518133422022206,0.001036266844044412,0.001554400266066618,,,,,,,,,,,,,,,,,,,,,,,,
boundary,tetrahedral,,,,,,,305.5,30.0,0-2,,,,48000.0,0.5,80.0,,,,,sample,,0.1,samples,2.0833333333333334e-06,2.0833333333333335,9.919952771075382,9.919952771075382,2.0833314727084396e-06,2.0833314727084398,2.0833314727084396e-06,2.0833314727084396e-06,0.0,305.5,30.0,0-2,False,,,,,23,23,0.25
boundary,tetrahedral,,,,,,,324.25,30.25,2-3,,,,48000.0,0.5,80.0,,,,,phase,2000.0,0.1,rad,7.957747154594769e-06,7.9577471545947684,2.614231442907976,2.614227986704599,7.957736896782911e-06,7.957736896782911,7.957733543387442e-06,7.957736896782911e-06,4.2140064603662514e-07,324.25,30.25,2-3,False,,,,,21,21,0.25
boundary,tetrahedral,,,,,,,135.0,44.75,1-2,,,,48000.0,0.5,80.0,,,,,phase,4000.0,0.1,rad,3.978873577297384e-06,3.9788735772973842,5.205508915090637,5.205481386905462,3.978869786345563e-06,3.978869786345563,3.978851341818028e-06,3.978869786345563e-06,4.635619792929851e-06,135.0,44.75,1-2,False,,,,,22,22,0.25
boundary,tetrahedral,,,,,,,305.5,30.0,0-2,,,,48000.0,0.5,80.0,,,,,phase,8000.0,0.1,rad,1.989436788648692e-06,1.9894367886486921,10.386999644473418,10.386999644473418,1.989435142150432e-06,1.989435142150432,1.989435142150432e-06,1.989435142150432e-06,0.0,305.5,30.0,0-2,False,,,,,23,23,0.25
boundary,tetrahedral,,,,,,,135.0,45.0,1-2,,,,48000.0,0.5,80.0,,,,,phase,12000.0,0.1,rad,1.3262911924324613e-06,1.3262911924324612,15.568334184356527,15.568334184356527,1.3262910817622166e-06,1.3262910817622167,1.3262910817622166e-06,1.3262910817622166e-06,0.0,135.0,45.0,1-2,False,,,,,23,23,0.25
