record_type,method,delay_samples,frequency_hz,normalized_frequency_cycles_per_sample,amplitude_error,phase_error_rad,max_waveform_error_valid,sampling_rate_hz,fir_length,fir_fixed_latency_samples,validation_guard_samples,group_delay_error_samples,cross_method_max_error_valid,valid_start,valid_stop
tone,frequency_domain,0.1,1500.0,0.03125,5.25091081726714e-12,1.9752983970825947e-12,0.00010231763325208032,48000.0,,,512,,,,
tone,frequency_domain,0.1,2000.0,0.041666666666666664,4.4532000309516206e-10,1.1621971581319645e-08,9.352956462571616e-05,48000.0,,,512,,,,
tone,frequency_domain,0.1,4000.0,0.08333333333333333,1.0291598684375458e-09,1.1692183445501406e-08,9.133049715526198e-05,48000.0,,,512,,,,
tone,frequency_domain,0.1,8000.0,0.16666666666666666,7.9213424708513e-10,1.5980326269373424e-08,9.594686991931667e-05,48000.0,,,512,,,,
tone,frequency_domain,0.1,12000.0,0.25,1.2484013822700035e-11,4.550965160333902e-11,0.00010237424347930846,48000.0,,,512,,,,
tone,frequency_domain,0.1,16000.0,0.3333333333333333,6.758496429171146e-09,4.4534878067429714e-08,0.0001855418566053535,48000.0,,,512,,,,
tone,frequency_domain,0.1,19000.0,0.3958333333333333,2.036403845551149e-08,1.1006795953128056e-07,0.0002865637373911101,48000.0,,,512,,,,
tone,frequency_domain,0.25,1500.0,0.03125,2.992373016041938e-11,1.5267995201919146e-12,0.00023419190156304115,48000.0,,,512,,,,
tone,frequency_domain,0.25,2000.0,0.041666666666666664,1.9468093803709507e-11,2.662271742000715e-08,0.0002140830417858841,48000.0,,,512,,,,
tone,frequency_domain,0.25,4000.0,0.08333333333333333,4.4605814597531435e-09,2.6490408998123907e-08,0.00020905112861258068,48000.0,,,512,,,,
tone,frequency_domain,0.25,8000.0,0.16666666666666666,7.513238697853808e-09,3.584322487988647e-08,0.0002196142785107491,48000.0,,,512,,,,
tone,frequency_domain,0.25,12000.0,0.25,6.17687012649526e-11,7.121980783338078e-11,0.00023419334783880696,48000.0,,,512,,,,
tone,frequency_domain,0.25,16000.0,0.3333333333333333,4.6214633231400626e-08,9.209512482223107e-08,0.0004244365946171058,48000.0,,,512,,,,
tone,frequency_domain,0.25,19000.0,0.3958333333333333,1.3518306229975963e-07,2.174526860493472e-07,0.000655531735775039,48000.0,,,512,,,,
tone,frequency_domain,0.5,1500.0,0.03125,8.392475603358207e-11,8.184938838494384e-12,0.00033134839332937815,48000.0,,,512,,,,
tone,frequency_domain,0.5,2000.0,0.041666666666666664,2.476325700051518e-09,3.7590642441959234e-08,0.0003029111132604734,48000.0,,,512,,,,
tone,frequency_domain,0.5,4000.0,0.08333333333333333,1.1177190062383602e-08,3.632216276008958e-08,0.0002957951329510822,48000.0,,,512,,,,
tone,frequency_domain,0.5,8000.0,0.16666666666666666,2.33949487560281e-08,4.623404645160706e-08,0.00031073310647191385,48000.0,,,512,,,,
tone,frequency_domain,0.5,12000.0,0.25,1.1924827791887083e-10,0.0,0.0003310485264745866,48000.0,,,512,,,,
tone,frequency_domain,0.5,16000.0,0.3333333333333333,1.2170098973030008e-07,8.000429527760114e-08,0.0005999407710199911,48000.0,,,512,,,,
tone,frequency_domain,0.5,19000.0,0.3958333333333333,3.343729690907793e-07,1.3842678343492032e-07,0.0009265991242497496,48000.0,,,512,,,,
tone,frequency_domain,0.75,1500.0,0.03125,8.804712514631774e-11,1.5971446389058816e-11,0.0002344055949914381,48000.0,,,512,,,,
tone,frequency_domain,0.75,2000.0,0.041666666666666664,3.477202858981343e-09,2.6425926316926007e-08,0.00021429806754691416,48000.0,,,512,,,,
tone,frequency_domain,0.75,4000.0,0.08333333333333333,1.121167270135004e-08,2.443134855898216e-08,0.0002092664648959408,48000.0,,,512,,,,
tone,frequency_domain,0.75,8000.0,0.16666666666666666,2.445267510697846e-08,2.7309223495348664e-08,0.00021982879953758028,48000.0,,,512,,,,
tone,frequency_domain,0.75,12000.0,0.25,6.176881228725506e-11,7.12198078333808e-11,0.00023419334848689966,48000.0,,,512,,,,
tone,frequency_domain,0.75,16000.0,0.3333333333333333,1.0276026074507172e-07,5.904748438186932e-09,0.00042400798828778896,48000.0,,,512,,,,
tone,frequency_domain,0.75,19000.0,0.3958333333333333,2.490379236164131e-07,5.8201010394145874e-08,0.0006548776310283388,48000.0,,,512,,,,
tone,frequency_domain,0.9,1500.0,0.03125,4.5816017646416185e-11,1.0242001691665626e-11,0.00010246705323357919,48000.0,,,512,,,,
tone,frequency_domain,0.9,2000.0,0.041666666666666664,1.9697545816654838e-09,1.1484472673268488e-08,9.367991617570404e-05,48000.0,,,512,,,,
tone,frequency_domain,0.9,4000.0,0.08333333333333333,5.728382879155447e-09,1.0258822843520613e-08,9.148106591261307e-05,48000.0,,,512,,,,
tone,frequency_domain,0.9,8000.0,0.16666666666666666,1.2425297013507475e-08,1.0118642494166762e-08,9.609686845252208e-05,48000.0,,,512,,,,
tone,frequency_domain,0.9,12000.0,0.25,1.2484457911909885e-11,4.5509485069885336e-11,0.00010237424348785717,48000.0,,,512,,,,
tone,frequency_domain,0.9,16000.0,0.3333333333333333,4.348956683664085e-08,1.143385758530108e-08,0.00018524216395954252,48000.0,,,512,,,,
tone,frequency_domain,0.9,19000.0,0.3958333333333333,9.203292750115111e-08,6.334721730369528e-08,0.0002861063695321856,48000.0,,,512,,,,
tone,windowed_sinc,0.1,1500.0,0.03125,3.774880186213636e-09,1.9267783159818348e-07,1.9271504687889962e-07,48000.0,129,64,512,,,,
tone,windowed_sinc,0.1,2000.0,0.041666666666666664,3.884394050857054e-08,1.369102641315419e-06,1.3696505486056332e-06,48000.0,129,64,512,,,,
tone,windowed_sinc,0.1,4000.0,0.08333333333333333,4.576998269278931e-08,9.50035083876992e-07,9.511289976518733e-07,48000.0,129,64,512,,,,
tone,windowed_sinc,0.1,8000.0,0.16666666666666666,1.725968887811291e-07,1.6260649398888395e-06,1.416964255818165e-06,48000.0,129,64,512,,,,
tone,windowed_sinc,0.1,12000.0,0.25,2.9141178470304396e-07,1.84571949034666e-06,1.868584164427256e-06,48000.0,129,64,512,,,,
tone,windowed_sinc,0.1,16000.0,0.3333333333333333,3.597771820462725e-07,1.6645586658884901e-06,1.4777468930748938e-06,48000.0,129,64,512,,,,
tone,windowed_sinc,0.1,19000.0,0.3958333333333333,1.1103670587431225e-06,4.3544185624510175e-06,4.493762255169953e-06,48000.0,129,64,512,,,,
tone,windowed_sinc,0.25,1500.0,0.03125,2.1575869202372644e-08,4.399524716619172e-07,4.4048134268531713e-07,48000.0,129,64,512,,,,
tone,windowed_sinc,0.25,2000.0,0.041666666666666664,2.2209421035590537e-07,3.127168728363074e-06,3.134999454285081e-06,48000.0,129,64,512,,,,
tone,windowed_sinc,0.25,4000.0,0.08333333333333333,2.6124000063187935e-07,2.159533414479189e-06,2.175156858297278e-06,48000.0,129,64,512,,,,
tone,windowed_sinc,0.25,8000.0,0.16666666666666666,9.781492975591277e-07,3.614750814087386e-06,3.247669319916824e-06,48000.0,129,64,512,,,,
tone,windowed_sinc,0.25,12000.0,0.25,1.6307535803949946e-06,3.948463983071605e-06,4.271965685143098e-06,48000.0,129,64,512,,,,
tone,windowed_sinc,0.25,16000.0,0.3333333333333333,1.978875010077985e-06,3.3636225665256447e-06,3.3955666749463376e-06,48000.0,129,64,512,,,,
tone,windowed_sinc,0.25,19000.0,0.3958333333333333,6.01208025297062e-06,8.35057691771424e-06,1.0289665280049931e-05,48000.0,129,64,512,,,,
tone,windowed_sinc,0.5,1500.0,0.03125,6.083631798325939e-08,6.174346697621448e-07,6.204247129937279e-07,48000.0,129,64,512,,,,
tone,windowed_sinc,0.5,2000.0,0.041666666666666664,6.269969359262717e-07,4.39385929189207e-06,4.438110364796133e-06,48000.0,129,64,512,,,,
tone,windowed_sinc,0.5,4000.0,0.08333333333333333,7.329305901082606e-07,2.9817587657935536e-06,3.0698535064543897e-06,48000.0,129,64,512,,,,
tone,windowed_sinc,0.5,8000.0,0.16666666666666666,2.6747747550182055e-06,4.58771428955905e-06,4.610277455019407e-06,48000.0,129,64,512,,,,
tone,windowed_sinc,0.5,12000.0,0.25,4.256536841662495e-06,4.263027116018206e-06,6.024235573831582e-06,48000.0,129,64,512,,,,
tone,windowed_sinc,0.5,16000.0,0.3333333333333333,4.838410536667226e-06,2.704376155780953e-06,4.838407455354243e-06,48000.0,129,64,512,,,,
tone,windowed_sinc,0.5,19000.0,0.3958333333333333,1.3820142275244862e-05,4.641808702155421e-06,1.4578782694174564e-05,48000.0,129,64,512,,,,
tone,windowed_sinc,0.75,1500.0,0.03125,6.41919837285343e-08,4.3100261162293426e-07,4.357566712187566e-07,48000.0,129,64,512,,,,
tone,windowed_sinc,0.75,2000.0,0.041666666666666664,6.62948750340675e-07,3.0732773655447614e-06,3.143561246587989e-06,48000.0,129,64,512,,,,
tone,windowed_sinc,0.75,4000.0,0.08333333333333333,7.669014046030043e-07,2.024088152105208e-06,2.1634937862891057e-06,48000.0,129,64,512,,,,
tone,windowed_sinc,0.75,8000.0,0.16666666666666666,2.678995371319104e-06,2.6537571766979035e-06,3.2745523248500774e-06,48000.0,129,64,512,,,,
tone,windowed_sinc,0.75,12000.0,0.25,3.92391236869738e-06,1.6171389156984616e-06,4.244074078063598e-06,48000.0,129,64,512,,,,
tone,windowed_sinc,0.75,16000.0,0.3333333333333333,3.936754289890487e-06,6.268603067960095e-08,3.4406732949410213e-06,48000.0,129,64,512,,,,
tone,windowed_sinc,0.75,19000.0,0.3958333333333333,9.872949785050267e-06,3.0223014699178686e-06,1.0325158123158928e-05,48000.0,129,64,512,,,,
tone,windowed_sinc,0.9,1500.0,0.03125,3.3524622633507306e-08,1.864245557140842e-07,1.894148895231762e-07,48000.0,129,64,512,,,,
tone,windowed_sinc,0.9,2000.0,0.041666666666666664,3.4680036709033857e-07,1.3314570155777143e-06,1.3756281858900987e-06,48000.0,129,64,512,,,,
tone,windowed_sinc,0.9,4000.0,0.08333333333333333,3.9784962135858137e-07,8.556984550828879e-07,9.430531017762256e-07,48000.0,129,64,512,,,,
tone,windowed_sinc,0.9,8000.0,0.16666666666666666,1.3412578430127553e-06,9.658768734561067e-07,1.4348717402024036e-06,48000.0,129,64,512,,,,
tone,windowed_sinc,0.9,12000.0,0.25,1.829459237323583e-06,2.811278782278314e-07,1.8509137913458318e-06,48000.0,129,64,512,,,,
tone,windowed_sinc,0.9,16000.0,0.3333333333333333,1.630727701984469e-06,5.579000225023674e-07,1.5057721962641324e-06,48000.0,129,64,512,,,,
tone,windowed_sinc,0.9,19000.0,0.3958333333333333,3.540008158164909e-06,2.799807213917402e-06,4.5133769358551845e-06,48000.0,129,64,512,,,,
broadband,frequency_domain,0.1,,,,,,48000.0,,,512,-1.6825707493950404e-12,6.210803619841228e-07,65,4033
broadband,windowed_sinc,0.1,,,,,,48000.0,129,64,512,8.315606919440111e-07,6.210803619841228e-07,65,4033
broadband,frequency_domain,0.25,,,,,,48000.0,,,512,-2.9558577807620168e-12,1.42458993390715e-06,65,4033
broadband,windowed_sinc,0.25,,,,,,48000.0,129,64,512,1.6592325664532837e-06,1.42458993390715e-06,65,4033
broadband,frequency_domain,0.5,,,,,,48000.0,,,512,-1.8189894035458565e-12,2.022901879186745e-06,65,4033
broadband,windowed_sinc,0.5,,,,,,48000.0,129,64,512,1.2337975476839347e-06,2.022901879186745e-06,65,4033
broadband,frequency_domain,0.75,,,,,,48000.0,,,512,1.5916157281026244e-12,1.4363893442779054e-06,65,4033
broadband,windowed_sinc,0.75,,,,,,48000.0,129,64,512,-1.755711309670005e-07,1.4363893442779054e-06,65,4033
broadband,frequency_domain,0.9,,,,,,48000.0,,,512,1.0004219674897286e-12,6.293297586713615e-07,65,4033
broadband,windowed_sinc,0.9,,,,,,48000.0,129,64,512,-3.497281341191538e-07,6.293297586713615e-07,65,4033
