split,evaluation_seed,qc_alpha_m2_s3,geometry,trajectory_kind,variant,period,independent_sequence_count,dependent_publication_count,valid_publication_count,valid_fraction,confirmed_fraction,position_rmse_m_conditional,position_p95_m_conditional,position_max_m_conditional,velocity_rmse_mps_conditional,velocity_p95_mps_conditional,velocity_max_mps_conditional,coverage_conditional,valid_and_covered_fraction,mean_clean_rejected_during_per_sequence,clean_nis_rejection_fraction_during,mean_reset_count,mean_first_confirmation_time_s,mean_last_recovery_duration_s,mean_first_post_onset_accepted_update_processing_lag_s,mean_first_post_onset_accepted_update_first_publication_lag_s,mean_runtime_s_per_sequence,maximum_history_memory_bytes,maximum_history_nodes
evaluation,20260916,1.0,informative,constant_acceleration_segment,confirmed_recovery,during,8,72,64,0.8888888888888888,0.8888888888888888,4.007278443865638,7.497643001733908,10.233898933125461,3.1229230698580395,5.096262408210718,5.870642386752535,0.125,0.1111111111111111,4.625,0.30833333333333335,1.0,3.253892515515598,2.613744345490993,0.6165325999486632,0.8125,0.4743413124988365,0,0
evaluation,20260916,1.0,informative,constant_acceleration_segment,confirmed_recovery,post,8,64,22,0.34375,0.34375,1.7082166364138212,2.5331048129597855,2.7578081490671935,0.6884884021878885,1.2218400315262266,1.4658612358766998,1.0,0.34375,4.625,0.30833333333333335,1.0,3.253892515515598,2.613744345490993,0.6165325999486632,0.8125,0.4743413124988365,0,0
evaluation,20260916,1.0,informative,constant_acceleration_segment,confirmed_recovery,pre,8,80,23,0.2875,0.2875,1.1627175227569222,2.1393678687034727,3.0079271019351888,0.45605253306221627,0.7708383077974709,1.178544221551591,0.9565217391304348,0.275,4.625,0.30833333333333335,1.0,3.253892515515598,2.613744345490993,0.6165325999486632,0.8125,0.4743413124988365,0,0
evaluation,20260916,1.0,informative,constant_acceleration_segment,manoeuvre_history,during,8,72,72,1.0,1.0,2.102568368231387,3.6128149976271295,5.404741960517309,2.1882231801808025,3.4031435605360074,4.109145001005862,1.0,1.0,0.125,0.008333333333333333,0.0,3.253892515515598,nan,0.6165325999486632,0.8125,0.19261165000079927,167232,24
evaluation,20260916,1.0,informative,constant_acceleration_segment,manoeuvre_history,post,8,64,64,1.0,1.0,2.007742122239117,3.602421224985998,4.804657711672612,1.0860903038592555,1.9546208590020415,3.316577952542846,1.0,1.0,0.125,0.008333333333333333,0.0,3.253892515515598,nan,0.6165325999486632,0.8125,0.19261165000079927,167232,24
evaluation,20260916,1.0,informative,constant_acceleration_segment,manoeuvre_history,pre,8,80,23,0.2875,0.2875,1.7934602944192153,3.9724535200912077,4.112644522036156,0.6575875218432807,1.3754435448577143,1.4024559592789838,0.9130434782608695,0.2625,0.125,0.008333333333333333,0.0,3.253892515515598,nan,0.6165325999486632,0.8125,0.19261165000079927,167232,24
evaluation,20260916,1.0,informative,constant_velocity,confirmed_recovery,during,8,72,72,1.0,1.0,0.6689850074547047,1.1721412357194967,1.5266122837141323,0.15210412626716344,0.2630806164213166,0.39403617817333403,0.9444444444444444,0.9444444444444444,0.25,0.016666666666666666,0.0,3.253892515515598,nan,0.6165325999486632,0.8125,0.12751202500021463,0,0
evaluation,20260916,1.0,informative,constant_velocity,confirmed_recovery,post,8,64,64,1.0,1.0,0.4803856637688458,0.7396895894252765,1.0735943850501073,0.05872138088358557,0.09715512991303338,0.10342914036052966,0.890625,0.890625,0.25,0.016666666666666666,0.0,3.253892515515598,nan,0.6165325999486632,0.8125,0.12751202500021463,0,0
evaluation,20260916,1.0,informative,constant_velocity,confirmed_recovery,pre,8,80,23,0.2875,0.2875,1.1627175227569222,2.1393678687034727,3.0079271019351888,0.45605253306221627,0.7708383077974709,1.178544221551591,0.9565217391304348,0.275,0.25,0.016666666666666666,0.0,3.253892515515598,nan,0.6165325999486632,0.8125,0.12751202500021463,0,0
evaluation,20260916,1.0,informative,constant_velocity,manoeuvre_history,during,8,72,72,1.0,1.0,1.470287407549142,2.6604666024378583,4.589332618914663,0.795895934889234,1.1730978215470147,1.9052074758897342,1.0,1.0,0.25,0.016666666666666666,0.0,3.253892515515598,nan,0.6165325999486632,0.8125,0.15972217500075203,167232,24
evaluation,20260916,1.0,informative,constant_velocity,manoeuvre_history,post,8,64,64,1.0,1.0,1.672441354858977,3.0305369023886253,4.3446943121995405,0.721283469937121,1.0478195016800964,1.3515616020308405,1.0,1.0,0.25,0.016666666666666666,0.0,3.253892515515598,nan,0.6165325999486632,0.8125,0.15972217500075203,167232,24
evaluation,20260916,1.0,informative,constant_velocity,manoeuvre_history,pre,8,80,23,0.2875,0.2875,1.7934602944192153,3.9724535200912077,4.112644522036156,0.6575875218432807,1.3754435448577143,1.4024559592789838,0.9130434782608695,0.2625,0.25,0.016666666666666666,0.0,3.253892515515598,nan,0.6165325999486632,0.8125,0.15972217500075203,167232,24
evaluation,20260916,1.0,informative,smooth_turn,confirmed_recovery,during,8,72,65,0.9027777777777778,0.9027777777777778,3.2637175810068073,6.546557307325355,8.554504985048533,2.67364910304945,4.531024457596056,4.692021886109075,0.12307692307692308,0.1111111111111111,4.25,0.2833333333333333,1.0,3.253892515515598,2.6098149494919736,0.6165325999486632,0.8125,0.23978598749999946,0,0
evaluation,20260916,1.0,informative,smooth_turn,confirmed_recovery,post,8,64,30,0.46875,0.46875,1.8938408128996342,3.0332105124638282,3.7984599349482737,0.7104635777547579,1.1046380839526233,1.1516590990994588,1.0,0.46875,4.25,0.2833333333333333,1.0,3.253892515515598,2.6098149494919736,0.6165325999486632,0.8125,0.23978598749999946,0,0
evaluation,20260916,1.0,informative,smooth_turn,confirmed_recovery,pre,8,80,23,0.2875,0.2875,1.1627175227569222,2.1393678687034727,3.0079271019351888,0.45605253306221627,0.7708383077974709,1.178544221551591,0.9565217391304348,0.275,4.25,0.2833333333333333,1.0,3.253892515515598,2.6098149494919736,0.6165325999486632,0.8125,0.23978598749999946,0,0
evaluation,20260916,1.0,informative,smooth_turn,manoeuvre_history,during,8,72,72,1.0,1.0,1.9634913990086824,3.443066690086981,4.963972233036286,1.9590859069455377,3.2222524496671747,3.6522309919700597,1.0,1.0,0.125,0.008333333333333333,0.0,3.253892515515598,nan,0.6165325999486632,0.8125,0.17044547499790497,167232,24
evaluation,20260916,1.0,informative,smooth_turn,manoeuvre_history,post,8,64,64,1.0,1.0,1.7765029992251584,3.2938807687148923,3.8322811109739785,0.8313061650147273,1.2846856117060423,2.3710596637497905,1.0,1.0,0.125,0.008333333333333333,0.0,3.253892515515598,nan,0.6165325999486632,0.8125,0.17044547499790497,167232,24
evaluation,20260916,1.0,informative,smooth_turn,manoeuvre_history,pre,8,80,23,0.2875,0.2875,1.7934602944192153,3.9724535200912077,4.112644522036156,0.6575875218432807,1.3754435448577143,1.4024559592789838,0.9130434782608695,0.2625,0.125,0.008333333333333333,0.0,3.253892515515598,nan,0.6165325999486632,0.8125,0.17044547499790497,167232,24
evaluation,20260916,1.0,poorly_conditioned,constant_acceleration_segment,confirmed_recovery,during,8,72,51,0.7083333333333334,0.7083333333333334,3.177656844532608,6.130695939209316,8.259778655224371,2.7447957369104055,4.48820858449095,5.206454840693926,0.11764705882352941,0.08333333333333333,4.25,0.2833333333333333,1.0,4.368075141905226,2.615545639561562,1.2024121316915295,1.5,0.9445861624999452,0,0
evaluation,20260916,1.0,poorly_conditioned,constant_acceleration_segment,confirmed_recovery,post,8,64,40,0.625,0.625,2.2520645051011083,5.403262646613183,7.262178162433749,0.8347085728840551,2.1839288863767345,2.3840315251861544,0.825,0.515625,4.25,0.2833333333333333,1.0,4.368075141905226,2.615545639561562,1.2024121316915295,1.5,0.9445861624999452,0,0
evaluation,20260916,1.0,poorly_conditioned,constant_acceleration_segment,confirmed_recovery,pre,8,80,9,0.1125,0.1125,0.8035845993165285,1.1471158855920311,1.2037699447109658,0.31488809695286085,0.4348476053486891,0.45021879235999535,1.0,0.1125,4.25,0.2833333333333333,1.0,4.368075141905226,2.615545639561562,1.2024121316915295,1.5,0.9445861624999452,0,0
evaluation,20260916,1.0,poorly_conditioned,constant_acceleration_segment,manoeuvre_history,during,8,72,65,0.9027777777777778,0.9027777777777778,1.8937512992461116,3.310991486202844,5.095237584889268,2.0540906681578495,3.233181378461106,3.416876121634842,0.9538461538461539,0.8611111111111112,0.625,0.041666666666666664,0.125,4.368075141905226,2.5999122198183047,1.2034837642706808,1.5,0.7704537374993379,181400,25
evaluation,20260916,1.0,poorly_conditioned,constant_acceleration_segment,manoeuvre_history,post,8,64,63,0.984375,0.984375,2.4234946328520133,5.289568916848005,7.624948831866746,1.1553806654311447,2.2777451036815477,2.3840315251861544,0.9682539682539683,0.953125,0.625,0.041666666666666664,0.125,4.368075141905226,2.5999122198183047,1.2034837642706808,1.5,0.7704537374993379,181400,25
evaluation,20260916,1.0,poorly_conditioned,constant_acceleration_segment,manoeuvre_history,pre,8,80,9,0.1125,0.1125,0.6984695013044692,1.0958018655147606,1.236162190015827,0.2817640618926469,0.42026370075604835,0.42071856913128236,1.0,0.1125,0.625,0.041666666666666664,0.125,4.368075141905226,2.5999122198183047,1.2034837642706808,1.5,0.7704537374993379,181400,25
evaluation,20260916,1.0,poorly_conditioned,constant_velocity,confirmed_recovery,during,8,72,70,0.9722222222222222,0.9722222222222222,0.6577879027968416,1.1431291753659738,1.4960031440302022,0.14887671988143053,0.21856642868147694,0.43597253084063853,1.0,0.9722222222222222,0.125,0.008333333333333333,0.0,4.326592308574062,nan,0.5977751769839704,0.875,0.7254019874999358,0,0
evaluation,20260916,1.0,poorly_conditioned,constant_velocity,confirmed_recovery,post,8,64,64,1.0,1.0,0.4997962253172273,0.8193649016900817,0.8864923111296815,0.07338228554004668,0.1202873028259821,0.1304978496773093,1.0,1.0,0.125,0.008333333333333333,0.0,4.326592308574062,nan,0.5977751769839704,0.875,0.7254019874999358,0,0
evaluation,20260916,1.0,poorly_conditioned,constant_velocity,confirmed_recovery,pre,8,80,9,0.1125,0.1125,0.8035845993165285,1.1471158855920311,1.2037699447109658,0.31488809695286085,0.4348476053486891,0.45021879235999535,1.0,0.1125,0.125,0.008333333333333333,0.0,4.326592308574062,nan,0.5977751769839704,0.875,0.7254019874999358,0,0
evaluation,20260916,1.0,poorly_conditioned,constant_velocity,manoeuvre_history,during,8,72,70,0.9722222222222222,0.9722222222222222,1.260312786491986,2.2750825422594385,2.886555293824963,0.7360305212617564,1.312998825875023,1.5530657948154187,1.0,0.9722222222222222,0.25,0.016666666666666666,0.0,4.326592308574062,nan,0.727648785338875,1.0,0.7356366250014617,181400,25
evaluation,20260916,1.0,poorly_conditioned,constant_velocity,manoeuvre_history,post,8,64,64,1.0,1.0,1.5379760899411663,3.278679196807534,4.586616780049425,0.7558300723684895,1.159263184025552,1.9402904936720207,1.0,1.0,0.25,0.016666666666666666,0.0,4.326592308574062,nan,0.727648785338875,1.0,0.7356366250014617,181400,25
evaluation,20260916,1.0,poorly_conditioned,constant_velocity,manoeuvre_history,pre,8,80,9,0.1125,0.1125,0.6984695013044692,1.0958018655147606,1.236162190015827,0.2817640618926469,0.42026370075604835,0.42071856913128236,1.0,0.1125,0.25,0.016666666666666666,0.0,4.326592308574062,nan,0.727648785338875,1.0,0.7356366250014617,181400,25
evaluation,20260916,1.0,poorly_conditioned,smooth_turn,confirmed_recovery,during,8,72,60,0.8333333333333334,0.8333333333333334,3.289090105324288,7.077235532163619,8.789496316077942,2.638087731548367,4.610888051583964,4.738503512243225,0.1,0.08333333333333333,4.875,0.325,1.0,4.2833436850324205,2.7508352088870107,0.5648336876438302,0.8125,0.8503460374995484,0,0
evaluation,20260916,1.0,poorly_conditioned,smooth_turn,confirmed_recovery,post,8,64,31,0.484375,0.484375,1.4450676456096256,2.831510396442652,3.2976466952978347,0.5077202557154803,0.8709062669715671,1.5100349461219533,1.0,0.484375,4.875,0.325,1.0,4.2833436850324205,2.7508352088870107,0.5648336876438302,0.8125,0.8503460374995484,0,0
evaluation,20260916,1.0,poorly_conditioned,smooth_turn,confirmed_recovery,pre,8,80,9,0.1125,0.1125,0.8035845993165285,1.1471158855920311,1.2037699447109658,0.31488809695286085,0.4348476053486891,0.45021879235999535,1.0,0.1125,4.875,0.325,1.0,4.2833436850324205,2.7508352088870107,0.5648336876438302,0.8125,0.8503460374995484,0,0
evaluation,20260916,1.0,poorly_conditioned,smooth_turn,manoeuvre_history,during,8,72,70,0.9722222222222222,0.9722222222222222,1.5723838955817162,2.8827242673436144,3.6908511867115186,1.7586479711964111,2.6480218785903666,3.4803101246527244,1.0,0.9722222222222222,0.125,0.008333333333333333,0.0,4.2833436850324205,nan,0.5977751769839704,0.875,0.7456079375015179,181400,25
evaluation,20260916,1.0,poorly_conditioned,smooth_turn,manoeuvre_history,post,8,64,64,1.0,1.0,1.7212070701815307,2.847098118433894,5.758464691265291,0.8523344112122216,1.4634235025692335,1.5473377338582577,1.0,1.0,0.125,0.008333333333333333,0.0,4.2833436850324205,nan,0.5977751769839704,0.875,0.7456079375015179,181400,25
evaluation,20260916,1.0,poorly_conditioned,smooth_turn,manoeuvre_history,pre,8,80,9,0.1125,0.1125,0.6984695013044692,1.0958018655147606,1.236162190015827,0.2817640618926469,0.42026370075604835,0.42071856913128236,1.0,0.1125,0.125,0.008333333333333333,0.0,4.2833436850324205,nan,0.5977751769839704,0.875,0.7456079375015179,181400,25
