array,noise_model,azimuth_deg,elevation_deg,sigma_tdoa_us,sigma_toa_us,marginal_tdoa_std_us,n_trials,seed,bias_azimuth_rad,bias_elevation_rad,bias_azimuth_deg,bias_elevation_deg,physical_bias_rad,physical_bias_deg,emp_cov_phi_phi_rad2,emp_cov_phi_elevation_rad2,emp_cov_elevation_elevation_rad2,crlb_phi_phi_rad2,crlb_phi_elevation_rad2,crlb_elevation_elevation_rad2,normalized_cov_eigenvalue_min,normalized_cov_eigenvalue_max,normalized_cov_frobenius_error,whitened_bias_norm,geodesic_rmse_rad,geodesic_rmse_deg,median_geodesic_error_rad,median_geodesic_error_deg,p95_geodesic_error_rad,p95_geodesic_error_deg,fraction_over_10deg,angular_crlb_rms_rad,angular_crlb_rms_deg,rmse_to_crlb_ratio,optimizer_success_fraction,boundary_fraction,fisher_rank,fisher_condition_number,fisher_eigenvalue_min,fisher_eigenvalue_max,direction_id,pair_scheme,bias_z_azimuth,bias_z_elevation,low_noise_ratio_pass,low_noise_covariance_pass,low_noise_bias_pass,low_noise_overall_pass
square,independent_tdoa,20.0,10.0,1.0,,1.0,2000,651498517,-2.004536219543196e-05,-0.00035846771182404226,-0.0011485146526093455,-0.02053868697922946,0.00035901086434050617,0.02056980732605475,5.402202049126939e-06,8.718943515441437e-06,8.74174578568767e-05,5.343137295056493e-06,8.783533606351464e-06,8.825602139617782e-05,0.9904605520114974,1.0142728513394315,0.017167275651158418,0.03886708157501926,0.009630167704357104,0.5517679654628508,0.006693968805910344,0.38353616077089003,0.01834143339127,1.0508867235400916,0.0,0.009666335571855105,0.5538402316244746,0.9962583683103958,1.0,0.0,2,20.162626756990147,11213.740882414006,226098.4719617149,az20_el10,reference_0,0.00867192954811661,0.03815732059253693,True,True,True,True
square,independent_tdoa,20.0,10.0,5.0,,5.0,2000,3180925944,0.0003206917311589066,-0.008980526251851764,0.018374282720149383,-0.5145462520375463,0.00898607777871472,0.5148643310966472,0.00013336259441163142,0.0002406513076150156,0.0029910754665496957,0.0001335784323764123,0.00021958834015878655,0.002206400534904445,0.9936575762141502,1.392085973222784,0.39213726772335367,0.22305632977894027,0.05656545446209297,3.2409618069173773,0.03365274733040162,1.928160391052161,0.11417300036334639,6.541631055165363,0.032,0.048331677859275515,2.7692011581223728,1.170359833705572,1.0,0.032,2,20.162626756990147,448.5496352965603,9043.938878468598,az20_el10,reference_0,0.027747227235508303,0.19118755077712912,,,,
square,independent_tdoa,20.0,10.0,10.0,,10.0,2000,1428164462,0.0009634264353638249,-0.025274167102024483,0.05520026861768057,-1.4481031056543936,0.025291969571966735,1.4491231120469932,0.0005110655748346454,0.0006936368668553563,0.009104879394512556,0.0005343137295056492,0.0008783533606351462,0.00882560213961778,0.9270100917368616,1.141074637074704,0.15883821937437106,0.31537052874538674,0.10116850728259957,5.796528486931488,0.06746630809192927,3.8655347129968614,0.17656888059876633,10.116651651658675,0.2025,0.09666335571855103,5.5384023162447455,1.0466066125116318,1.0,0.198,2,20.162626756990147,112.13740882414008,2260.9847196171495,az20_el10,reference_0,0.04167929763909249,0.2690324581575374,,,,
square,independent_tdoa,20.0,10.0,20.0,,20.0,2000,644533757,0.002933134353190178,-0.020521803001406217,0.16805621918263178,-1.1758126999794816,0.020724098412574953,1.1874033732543139,0.0019884404800354096,0.0017490907699453636,0.017631928293176544,0.0021372549180225966,0.003513413442540585,0.03530240855847112,0.49945297812143125,1.015297515556305,0.5007807255612977,0.1605565529780782,0.1413189967857906,8.096982080848647,0.13545951603362213,7.761258563611253,0.20262932568846906,11.609805167531071,0.414,0.19332671143710206,11.076804632489491,0.7309853653191016,1.0,0.3365,2,20.162626756990147,28.03435220603502,565.2461799042874,az20_el10,reference_0,0.06344593382259334,0.1092228100931327,,,,
square,independent_tdoa,20.0,10.0,49.99999999999999,,49.99999999999999,2000,3968314499,0.020961637968572554,0.016032696193300992,1.2010133872803879,0.9186058260916079,0.0261378724429716,1.4975897764335713,0.011819864751385573,0.005390347963756305,0.039681376837919564,0.013357843237641227,0.021958834015878653,0.2206400534904445,0.17881705617003874,0.9981248587343567,0.8211850847354738,0.18636945893063397,0.22688207785055092,12.999385507995145,0.18894950562784935,10.826009213559164,0.3893844305700013,22.31008447976591,0.7685,0.4833167785927552,27.692011581223728,0.46942727399439765,1.0,0.438,2,20.162626756990132,4.485496352965604,90.43938878468597,az20_el10,reference_0,0.18136648857161772,0.03413220819792125,,,,
square,independent_tdoa,20.0,10.0,99.99999999999999,,99.99999999999999,2000,2877137869,0.038642704246577425,0.04122040826394975,2.21406386230115,2.3617554233305014,0.05610127799671191,3.2143664545017425,0.046070772066067335,0.013772130883246978,0.07327744003667463,0.05343137295056491,0.08783533606351461,0.882560213961778,0.08185076218449772,0.9869812372193116,0.9182415319977242,0.16917785237588015,0.34438838009353423,19.732000692706727,0.258846132254691,14.830790921478922,0.6086869467942835,34.87519309601654,0.9325,0.9666335571855104,55.384023162447455,0.35627604435363225,1.0,0.5405,2,20.162626756990132,1.121374088241401,22.609847196171494,az20_el10,reference_0,0.1671742348718408,0.04387732231389489,,,,
square,independent_toa,20.0,10.0,,35.35533905932737,49.99999999999999,2000,2586129124,0.0015474324808420932,0.018860181008338906,0.08866135023371055,1.0806087726306086,0.018921648197621654,1.0841305831550418,0.007842585759362447,0.0004219493313727759,0.042400015444653105,0.0075816780671369936,4.002534862437154e-18,0.24385282848709347,0.17376353758331906,1.0345248140674406,0.8269574684427384,0.042125128750550814,0.22400624422558202,12.834612378702618,0.18610779795287086,10.663191357172963,0.4028115143187496,23.07939970973788,0.7595,0.5012044403106316,28.716899103015777,0.4469358732870555,1.0,0.4465,2,32.163437477526344,4.100834122795207,131.89692191423023,az20_el10,reference_0,0.017771702675174444,0.03819284037978427,,,,
square,independent_tdoa,45.0,29.999999999999996,1.0,,1.0,2000,1975321369,-2.0017550039717947e-05,1.5898402231168119e-06,-0.0011469211334677717,9.109113488473046e-05,1.740845553544309e-05,0.0009974310300220448,8.065123394619055e-06,2.481809481586998e-08,7.8783273098408e-06,7.843266666666667e-06,4.865882138493641e-22,7.843266666666667e-06,1.0040569193332067,1.0286995050044232,0.028984826754270176,0.007170143943036774,0.0037309296332434217,0.21376652164514018,0.0030250241567550133,0.173321117107183,0.006482978251212971,0.3714472924696064,0.0,0.0037048234325898267,0.21227074652856753,1.0070465438174325,1.0,0.0,2,1.0,127497.8962847113,127497.8962847113,az45_el30,reference_0,0.007147636078416634,0.0005676818249546283,True,True,True,True
square,independent_tdoa,45.0,29.999999999999996,5.0,,5.0,2000,896157335,0.0003308715282468717,-0.001199498456026352,0.01895754212958935,-0.06872619906276853,0.0012332491727801472,0.07065997268830249,0.00018876794014180537,1.9033641814761355e-06,0.00019246398376003988,0.00019608166666666664,1.2164705346234102e-20,0.00019608166666666664,0.9585957016499236,0.9856550301124131,0.04381887815699885,0.08885977457493996,0.01831682742579552,1.0494769055675595,0.01502754179755695,0.8610147214564517,0.03133284813040891,1.7952399579968026,0.0,0.018524117162949133,1.0613537326428375,0.9888097373100069,1.0,0.0,2,1.0,5099.915851388453,5099.915851388453,az45_el30,reference_0,0.02362875844372323,0.08566061704142297,,,,
square,independent_tdoa,45.0,29.999999999999996,10.0,,10.0,2000,1756401967,0.00039019069506641626,-0.0017615158039954472,0.022356280032581725,-0.10092742111453308,0.0017936344420235236,0.10276768351725024,0.0007839613783877359,5.206031574202522e-06,0.0007845881080663453,0.0007843266666666665,4.8658821384936406e-20,0.0007843266666666665,0.9932842043492198,1.0065833930643764,0.009404412552792243,0.06442277990430337,0.0370846311440164,2.1247928493515498,0.03062417908533389,1.7546362126424377,0.06420848188184602,3.678875020771991,0.0,0.037048234325898266,2.122707465285675,1.000982417078179,1.0,0.0,2,1.0,1274.9789628471133,1274.9789628471133,az45_el30,reference_0,0.013932479669017865,0.06289817629208909,,,,
square,independent_tdoa,45.0,29.999999999999996,20.0,,20.0,2000,1090741084,-0.0016229658953979184,-0.006456356112262378,-0.09298909609997136,-0.3699219562661266,0.00660757504471696,0.37858616287824803,0.003243242623067338,-1.6485120078426205e-05,0.003224640287649605,0.003137306666666666,1.9463528553974563e-19,0.003137306666666666,1.0247686157245548,1.0368350456060587,0.04438811676238457,0.11885413556114628,0.07554671831365838,4.328508115436309,0.06237933036626365,3.574072358839163,0.13189113679647152,7.556805493620411,0.008,0.07409646865179653,4.24541493057135,1.0195724531580181,1.0,0.0,2,1.0,318.7447407117783,318.7447407117783,az45_el30,reference_0,0.028975497913003773,0.11526806175468056,,,,
square,independent_tdoa,45.0,29.999999999999996,49.99999999999999,,49.99999999999999,2000,3231950851,0.00037161829402885773,-0.041307223899829826,0.02129215983770523,-2.3667295928621743,0.04130847759755877,2.366801424450828,0.01921446351971917,-0.00038111337299401565,0.02912516440838137,0.019608166666666666,1.2164705346234102e-18,0.019608166666666666,0.9791751488473082,1.4861051983600908,0.48655106443027635,0.29500208683500556,0.21324587439326434,12.218088601310921,0.15711059370281238,9.001773935965799,0.4149401454671067,23.77431908580965,0.4335,0.18524117162949136,10.613537326428377,1.1511796892528101,1.0,0.0395,2,1.0,50.999158513884524,50.999158513884524,az45_el30,reference_0,0.002653863555260263,0.29499014940373564,,,,
square,independent_tdoa,45.0,29.999999999999996,99.99999999999999,,99.99999999999999,2000,919012307,0.011454688033876032,-0.11394512850514275,0.6563052799801036,-6.5285749594204905,0.11437613264365325,6.553269677509814,0.06792914199274185,-0.0008529524471108785,0.08425218234962191,0.07843266666666666,4.865882138493641e-18,0.07843266666666666,0.8655155473929018,1.074764323354369,0.1538693343056615,0.408912819482513,0.3868664811735977,22.165816606324466,0.31412563797432735,17.99807329278338,0.6272466955327018,35.93858836755116,0.803,0.3704823432589827,21.227074652856754,1.0442238023288515,1.0,0.2385,2,1.0,12.749789628471131,12.749789628471131,az45_el30,reference_0,0.040901079950088265,0.40686213340154276,,,,
square,independent_toa,45.0,29.999999999999996,,35.35533905932737,49.99999999999999,2000,2687886218,-0.003684503958308669,-0.04022395559937276,-0.21110652641033256,-2.3046628911656746,0.04035031946743923,2.3119030074888314,0.009446910356927657,-0.00043822221290012477,0.04086134296528303,0.00980408333333333,1.495017289185843e-18,0.029412249999999987,0.9620102346171608,1.3908214608861083,0.39266351570141445,0.23747556107349793,0.22255551283507405,12.751491592819365,0.15098460950106934,8.650780895842104,0.5242230491454174,30.035768239511555,0.414,0.19174282907060694,10.986054857644127,1.1606979719336503,1.0,0.064,2,2.9999999999999996,33.99943900925636,101.99831702776908,az45_el30,reference_0,0.0372113589299082,0.23454201515669254,,,,
square,independent_tdoa,119.99999999999999,50.0,1.0,,1.0,2000,1435944894,3.3178159884457166e-06,1.1586210062648927e-05,0.00019009685333896506,0.0006638409371417886,1.1780851579587919e-05,0.000674993074580417,5.345644075679274e-06,-1.8981624458324207e-06,9.545734936167285e-06,5.381524497781928e-06,-1.9910654243624346e-06,9.576550257168158e-06,0.9858714736012929,1.0111962980829163,0.018026989459155006,0.0045408673398787715,0.003427601738173139,0.1963871134490259,0.0026684461146562607,0.1528907002278863,0.006169034800064561,0.35345965771303095,0.0,0.003435122493449722,0.19681802098512485,0.997810629667232,1.0,0.0,2,2.260973825895001,96421.98743653,218007.589834771,az120_el50,reference_0,0.0014302094222681863,0.0037440087245341146,True,True,True,True
square,independent_tdoa,119.99999999999999,50.0,5.0,,5.0,2000,2738542493,0.00011441768947055708,0.00038420267099990017,0.006555650708301359,0.02201319152594759,0.00039117866339230816,0.022412886447947936,0.00013117886528540458,-4.436002933623355e-05,0.00022611955851565408,0.00013453811244454816,-4.977663560906085e-05,0.00023941375642920392,0.9394389109665461,0.9914925223603551,0.06115572484000979,0.03034038527764114,0.016741619667372837,0.9592241491536767,0.012970179362293392,0.7431365369870928,0.03100720177037065,1.7765817959528127,0.0,0.017175612467248608,0.9840901049256241,0.9747320335328168,1.0,0.0,2,2.260973825895001,3856.879497461202,8720.30359339084,az120_el50,reference_0,0.009864396224795248,0.024830520842189275,,,,
square,independent_tdoa,119.99999999999999,50.0,10.0,,10.0,2000,222965935,-0.00027551163758958365,-0.0011990334271934175,-0.015785654040621027,-0.06869955487328949,0.0012120412385506788,0.06944484756476291,0.0005457304646665993,-0.00021416376470075982,0.0009567527189136419,0.0005381524497781926,-0.0001991065424362434,0.0009576550257168157,0.9786426490090683,1.0229876395983062,0.03137782681530821,0.045339669689328475,0.03438491824418865,1.9701106942943947,0.0263155123815464,1.5077677951868704,0.06457769242337158,3.700029226553145,0.0,0.034351224934497215,1.9681802098512482,1.000980847400804,1.0,0.0,2,2.260973825895001,964.2198743653005,2180.07589834771,az120_el50,reference_0,0.011876467573771454,0.03874598844787251,,,,
square,independent_tdoa,119.99999999999999,50.0,20.0,,20.0,2000,1945612642,-0.0005984738517027992,-0.0021539814654950775,-0.03429002585150871,-0.1234140471222719,0.0021880639302360866,0.12536682850733516,0.0020788954364787866,-0.0007225794276064211,0.003825125116559878,0.0021526097991127705,-0.0007964261697449736,0.0038306201028672627,0.9601559557352903,1.0166459235281986,0.04318141537136996,0.04197800779561818,0.06840754520375604,3.919463627025618,0.05317577783912146,3.0467476425069524,0.12657380367899634,7.252144747723943,0.005,0.06870244986899443,3.9363604197024964,0.9957075087453107,1.0,0.0,2,2.260973825895001,241.05496859132512,545.0189745869275,az120_el50,reference_0,0.012899192490893033,0.03480225783794643,,,,
square,independent_tdoa,119.99999999999999,50.0,49.99999999999999,,49.99999999999999,2000,2673248517,-0.004061022927458184,-0.017467621619101724,-0.23267947424921623,-1.0008209969060025,0.01766159290153379,1.0119347327361,0.01567453881461935,-0.006216937362441125,0.02650875300200572,0.013453811244454819,-0.004977663560906087,0.023941375642920395,1.081419358149018,1.172076821210616,0.19036686759871962,0.1323235771523057,0.18128627653214124,10.386938528933236,0.13265297531276915,7.6004556252747735,0.33329730694296217,19.096529010908082,0.3185,0.1717561246724861,9.840901049256242,1.0554865328839234,1.0,0.001,2,2.2609738258950007,38.56879497461201,87.2030359339084,az120_el50,reference_0,0.035011665958115605,0.11289097536666891,,,,
square,independent_tdoa,119.99999999999999,50.0,99.99999999999999,,99.99999999999999,2000,551696334,-0.02772292097912817,-0.08106020214021642,-1.588406367878732,-4.644407469111724,0.08299582515358851,4.755310498506339,0.10112263449161535,-0.028422612122804933,0.12783775387883725,0.053815244977819275,-0.01991065424362435,0.09576550257168158,1.3336618924817132,1.9102257865375736,0.9694540943089686,0.3295652038299798,0.401455060420561,23.001680626267607,0.27042897920651165,15.494439166564216,0.8770181915551591,50.2494409323066,0.7325,0.3435122493449722,19.681802098512485,1.1686775688089066,1.0,0.0845,2,2.2609738258950007,9.642198743653003,21.8007589834771,az120_el50,reference_0,0.11950506880196196,0.2619407920143328,,,,
square,independent_toa,119.99999999999999,50.0,,35.35533905932737,49.99999999999999,2000,1560337564,0.002454158168896592,-0.015584927015735502,0.140612905335329,-0.8929505420210614,0.015664560769684355,0.8975132200291139,0.017467777410722012,0.0002820568457075223,0.013566974433743929,0.01779644529430533,-8.198563582505943e-20,0.012530266974242641,0.978121567803533,1.0861465188662027,0.08888131698023181,0.14043750246399578,0.1448746959176263,8.300708634321165,0.11705578200716038,6.70680227661369,0.252741834759287,14.481040438099996,0.2335,0.141008260305,8.079178191958597,1.027419922806389,1.0,0.0,2,1.4202766254612058,56.1909967672021,79.80675926982333,az120_el50,reference_0,0.01839653018283073,0.1392273671932247,,,,
tetrahedral,independent_tdoa,20.0,10.0,1.0,,1.0,2000,1429968956,-7.950838557465589e-05,5.773859537055415e-05,-0.0045554949293266185,0.003308177829746346,9.728673963643252e-05,0.005574119583755684,4.9596884876736355e-06,-1.3352614680963228e-06,4.071330373779511e-06,4.947506567777187e-06,-1.403971736457282e-06,4.119099349357121e-06,0.983210119852109,1.0171579656537233,0.024006162974429843,0.04012847927733504,0.002981006831501155,0.17079911014468233,0.0024396202566471393,0.1397799443205038,0.0051856916234210675,0.29711824387837144,0.0,0.0029862050063183426,0.17109694362287836,0.9982592706106281,1.0,0.0,2,1.9537670379110332,166747.26603753885,325785.3120459253,az20_el10,reference_0,0.03574536577371977,0.028448873945589277,True,True,True,True
tetrahedral,independent_tdoa,20.0,10.0,5.0,,5.0,2000,1803642815,4.646193279198042e-05,0.00015236823020335754,0.0026620726570009594,0.008730056522530144,0.00015909021235334058,0.009115197729686447,0.00012426644728495562,-3.6847382468895715e-05,0.00010492521227097086,0.00012368766419442964,-3.509929341143204e-05,0.00010297748373392802,0.9926495602574795,1.0228043240938656,0.023959677831441942,0.01766650659139827,0.015011605859288705,0.8601016594511004,0.012423500230547122,0.7118141299901553,0.02639401199589067,1.5122654917822018,0.0,0.014931025031591712,0.8554847181143918,1.0053968717838524,1.0,0.0,2,1.9537670379110335,6669.890641501555,13031.412481837015,az20_el10,reference_0,0.004177669487814935,0.015014929083565772,,,,
tetrahedral,independent_tdoa,20.0,10.0,10.0,,10.0,2000,2630375152,-0.00016281410840247927,-2.723204851273018e-05,-0.009328561256647536,-0.0015602814472749497,0.00016263668489445554,0.009318395638451372,0.0005032051197209251,-0.00014381316581085828,0.0004002630681574207,0.0004947506567777185,-0.00014039717364572817,0.0004119099349357121,0.965207872479053,1.0171965965522445,0.03880998673556192,0.008250633883963946,0.02979682641300107,1.707232396348897,0.02374297124622382,1.3603720455090935,0.05266188915044048,3.01730398950602,0.0,0.029862050063183425,1.7109694362287835,0.9978158348122667,1.0,0.0,2,1.9537670379110335,1667.4726603753888,3257.8531204592537,az20_el10,reference_0,0.007319793775090587,0.0013417734020837117,,,,
tetrahedral,independent_tdoa,20.0,10.0,20.0,,20.0,2000,4263752787,-0.0006771634166165513,0.002934494049988459,-0.03879860581278743,0.16813412407059072,0.003009315310668366,0.17242106652539751,0.0019667479171766606,-0.0005700551577119877,0.0016644284840040976,0.001979002627110874,-0.0005615886945829127,0.0016476397397428484,0.99087463781442,1.010321939834967,0.013777324739392903,0.0726966098849312,0.05980105615669664,3.426348128203545,0.04976127400182919,2.851110983498881,0.103359976342083,5.922090414973392,0.001,0.05972410012636685,3.421938872457567,1.0012885255728754,1.0,0.0,2,1.9537670379110335,416.8681650938472,814.4632801148134,az20_el10,reference_0,0.015221950389630446,0.07229397492823196,,,,
tetrahedral,independent_tdoa,20.0,10.0,49.99999999999999,,49.99999999999999,2000,4246979880,0.008644567213649437,0.00950134668340932,0.4952972170592786,0.5443870646499763,0.012757381778405553,0.7309441335397386,0.013119203330568997,-0.003424684292790135,0.010299700954058908,0.012368766419442965,-0.003509929341143204,0.010297748373392803,0.9993117747372131,1.0732680488113335,0.07327128107677847,0.14630585719828137,0.1520128117725058,8.709692546481177,0.12261398379534515,7.025263780758745,0.2681061515364874,15.361350944535621,0.2585,0.14931025031591713,8.554847181143918,1.0181003075868567,1.0,0.032,2,1.953767037911033,66.69890641501553,130.31412481837015,az20_el10,reference_0,0.07772845965216092,0.09362978519824017,,,,
tetrahedral,independent_tdoa,20.0,10.0,99.99999999999999,,99.99999999999999,2000,3485011760,0.017832466526046146,0.03422996540814515,1.021725070250761,1.9612325507655195,0.03847204979670916,2.2042860825685717,0.05385735326479847,-0.008995876548243072,0.03428758047236013,0.04947506567777186,-0.014039717364572817,0.041190993493571214,0.8207101087772892,1.1687468162522114,0.2462120084193886,0.2189015480399992,0.2931541809222348,16.79649731345861,0.21433190717078326,12.280313695875625,0.5354747930273471,30.680445676108274,0.675,0.29862050063183426,17.109694362287836,0.9816947607480612,1.0,0.179,2,1.953767037911033,16.674726603753882,32.57853120459254,az20_el10,reference_0,0.08017117113044743,0.16865737117581991,,,,
tetrahedral,independent_toa,20.0,10.0,,35.35533905932737,49.99999999999999,2000,2570670937,-0.0011331669004163714,-0.0016611088378645944,-0.06492568087777932,-0.09517452572152221,0.0020011572729093595,0.11465786587961577,0.007595216585169221,-0.00012988883762190992,0.007240613362821608,0.0075816780671369936,-6.930810214895148e-19,0.007353062499999998,0.9738673781920736,1.0126254803390966,0.02902269243797039,0.023337111054336557,0.12081856952038621,6.922394120326056,0.10144603458544268,5.812429630084048,0.2042060980462232,11.700147568883276,0.13,0.12126881297349287,6.948191169942465,0.9962872280014394,1.0,0.024,2,1.0310912041257634,131.89692191423023,135.99775603702543,az20_el10,reference_0,0.01301401223308286,0.019371531636904894,,,,
tetrahedral,independent_tdoa,45.0,29.999999999999996,1.0,,1.0,2000,677158960,-7.965978451475841e-06,-4.9252931235044374e-05,-0.00045641694496172477,-0.0028219850884161077,4.973372944753935e-05,0.0028495327967895043,7.360627894133981e-06,7.919426660217535e-08,5.582694315146922e-06,7.843266666666667e-06,1.7579497694509609e-22,5.737547499990862e-06,0.9348156949578912,0.9766594384742483,0.06923709580968938,0.02075797257214979,0.0033316876040187333,0.19089163836632686,0.002800786835280131,0.160473264977354,0.0056891935660106484,0.32596678016539266,0.0,0.003408811743113847,0.19531052603505678,0.9773750664726756,1.0,0.0,2,1.3670068381445484,127497.8962847113,174290.49607024476,az45_el30,reference_0,0.0028443997825250583,0.020562169515479015,True,True,True,True
tetrahedral,independent_tdoa,45.0,29.999999999999996,5.0,,5.0,2000,104406871,0.00015093345165740634,-0.00018616918636768243,0.008647849767311224,-0.010666708654252665,0.00022747449543788166,0.013033328535458518,0.00019718238924654733,-1.6767205627316495e-06,0.00015164844888735637,0.00019608166666666664,4.394874423627402e-21,0.00014343868749977154,1.0037448829319338,1.0591040449956006,0.059222565657153434,0.018915862195923793,0.017304184107419674,0.9914567172725008,0.014407081516655307,0.8254649660052862,0.030561584629589127,1.7510498145073443,0.0,0.017044058715569233,0.9765526301752839,1.0152619394354012,1.0,0.0,2,1.3670068381445484,5099.915851388453,6971.619842809791,az45_el30,reference_0,0.010778715500806925,0.015544424555699815,,,,
tetrahedral,independent_tdoa,45.0,29.999999999999996,10.0,,10.0,2000,2055763199,-1.1529866244593511e-05,-0.0002680527986062008,-0.0006606126741655603,-0.015358294046805544,0.00026823871122999776,0.015368946055507312,0.0007690634130671235,1.993436104679064e-05,0.0005870628198881638,0.0007843266666666665,1.7579497694509608e-20,0.0005737547499990862,0.965289804973799,1.0384445688092314,0.051795583882070693,0.01119826897234948,0.034103701031322375,1.953998134870725,0.028443758831441603,1.629707334529566,0.05905129735038948,3.3833901129493777,0.0,0.034088117431138466,1.9531052603505679,1.0004571563746631,1.0,0.0,2,1.3670068381445484,1274.9789628471133,1742.9049607024479,az45_el30,reference_0,0.00041169517641098847,0.011190698595655456,,,,
tetrahedral,independent_tdoa,45.0,29.999999999999996,20.0,,20.0,2000,712511199,0.00011146964183861097,-0.00036204210840103053,0.006386740021187311,-0.020743484817396896,0.00037469133836290467,0.02146823230830271,0.003185586284198068,6.707544160174807e-05,0.0023377038074064663,0.003137306666666666,7.031799077803843e-20,0.0022950189999963446,0.9919451771980055,1.0420425876191373,0.042807234716626535,0.007814931265629653,0.06869278175871307,3.9358064777875077,0.057880012720504304,3.3162804470484146,0.11869572951235005,6.800764347284067,0.0005,0.06817623486227693,3.9062105207011357,1.0075766415889587,1.0,0.0,2,1.3670068381445484,318.7447407117783,435.72624017561196,az45_el30,reference_0,0.001990114754485366,0.007557287473061715,,,,
tetrahedral,independent_tdoa,45.0,29.999999999999996,49.99999999999999,,49.99999999999999,2000,568356449,0.00501504713965085,6.37251293244703e-05,0.2873410351611493,0.003651180959217507,0.004343625703464509,0.2488714205930596,0.01875036222485948,0.00012938002335935138,0.013659670937326429,0.019608166666666666,4.394874423627402e-19,0.014343868749977154,0.9463127855453113,0.9622402392822212,0.06563624399192601,0.035818256999132166,0.16619442016822863,9.52223885426339,0.1357226237271223,7.776333524006234,0.2913020759892509,16.69037951758327,0.329,0.17044058715569235,9.76552630175284,0.9750871135899986,1.0,0.0,2,1.3670068381445484,50.999158513884524,69.71619842809791,az45_el30,reference_0,0.03581430474678972,0.0005320807832989477,,,,
tetrahedral,independent_tdoa,45.0,29.999999999999996,99.99999999999999,,99.99999999999999,2000,1168792166,-0.0026422071720801858,0.002003276534984565,-0.15138731955939108,0.11477929065220718,0.0030412268791992067,0.1742494647198572,0.06904933717634623,-0.0010139931685020037,0.044813489415856576,0.07843266666666666,1.7579497694509608e-18,0.05737547499990862,0.778806782715715,0.8826142703609009,0.2504113593579105,0.012607711663237585,0.3069624945784555,17.587655408152912,0.2550208655543754,14.611619284038905,0.5318104389551295,30.470493653128624,0.724,0.3408811743113847,19.53105260350568,0.9004970579515033,1.0,0.0065,2,1.3670068381445484,12.749789628471131,17.429049607024478,az45_el30,reference_0,0.009434488872184494,0.008363301567202032,,,,
tetrahedral,independent_toa,45.0,29.999999999999996,,35.35533905932737,49.99999999999999,2000,486643824,0.004864093846658789,-0.0032622031913466737,0.27869204856910246,-0.18691047477827252,0.005327900747335704,0.305266226486933,0.009419705675471277,0.0002919319062458521,0.007611862116139773,0.00980408333333333,-3.9012023003346146e-19,0.007353062499999997,0.9473383842786021,1.0486519085746457,0.0716955645653473,0.06213295332169918,0.12102227235868511,6.9340654332354195,0.10091133297943894,5.781793484761166,0.20930173883865213,11.992106280204151,0.129,0.12126881297349289,6.948191169942466,0.9979669907805425,1.0,0.0,2,1.3333333333333335,101.99831702776908,135.99775603702545,az45_el30,reference_0,0.04912453454924877,0.03804318590491749,,,,
tetrahedral,independent_tdoa,119.99999999999999,50.0,1.0,,1.0,2000,1537655676,-3.2491552837305093e-05,4.162336727643867e-05,-0.001861628847403897,0.002384843274062876,4.656924874218642e-05,0.0026682214080221995,5.237554029606212e-06,1.5190659874058086e-06,5.834833023732811e-06,5.373713381526803e-06,1.5114522279871401e-06,5.624707283638086e-06,0.9734838471411353,1.0386947577166379,0.04690832161977205,0.02630655085832089,0.0028278454662532307,0.16202361033151458,0.0022877454030939964,0.13107815619774127,0.004998024333353206,0.2863657002048256,0.0,0.0028008920376191267,0.16047929262737337,1.0096231587194684,1.0,0.0,2,1.761648020844647,142534.12668052936,251094.96216957472,az120_el50,reference_0,0.014016294639313786,0.01755040925134937,True,True,True,True
tetrahedral,independent_tdoa,119.99999999999999,50.0,5.0,,5.0,2000,111746268,-4.029160160055545e-05,-2.2417237655246613e-05,-0.0023085387215343797,-0.0012844131059873765,3.425328824337328e-05,0.0019625688507903705,0.00012953487117161466,3.3074458169036465e-05,0.00013793476289130908,0.00013434283453817004,3.7786305699678496e-05,0.00014061768209095213,0.950315313020787,1.0107210342682678,0.05082822735452962,0.003609613296576072,0.013832504902119284,0.7925441509854569,0.011223222005392908,0.6430432534473657,0.024536139746998205,1.4058172530461845,0.0,0.014004460188095633,0.8023964631368667,0.9877213913519839,1.0,0.0,2,1.7616480208446468,5701.365067221175,10043.798486782991,az120_el50,reference_0,0.0034762201877580226,0.0018904366507466288,,,,
tetrahedral,independent_tdoa,119.99999999999999,50.0,10.0,,10.0,2000,1317933250,3.762027747552474e-05,0.0003231351298876349,0.0021554831234586428,0.018514279154973147,0.0003240386920593316,0.018566049453939044,0.0005537862028808032,0.0001581767975938488,0.0005455101883971038,0.0005373713381526801,0.00015114522279871398,0.0005624707283638085,0.9619668643541693,1.0308508605350981,0.04897239020928243,0.013802674799433633,0.027814370693402063,1.5936460505443033,0.021897521760760645,1.2546355786874641,0.05009371715795272,2.870158573272768,0.0,0.028008920376191265,1.6047929262737335,0.9930540099305443,1.0,0.0,2,1.7616480208446468,1425.3412668052938,2510.9496216957477,az120_el50,reference_0,0.0016228737855344358,0.01362492788089767,,,,
tetrahedral,independent_tdoa,119.99999999999999,50.0,20.0,,20.0,2000,3504367015,7.937362257783714e-07,-0.0011012832514291143,4.54777357837437e-05,-0.06309888235533294,0.0011012833696130214,0.06309888912677201,0.002216111390529192,0.0005921955083728974,0.0022063741419280597,0.0021494853526107206,0.0006045808911948559,0.002249882913455234,0.9806597909739717,1.0353013083573908,0.040252031711629714,0.024153098795370434,0.055826932150007516,3.1986475953586373,0.04493263882615926,2.5744505671245834,0.09899798502421939,5.6721667221871,0.0,0.05601784075238253,3.209585852547467,0.9965920035508171,1.0,0.0,2,1.7616480208446468,356.33531670132345,627.7374054239369,az120_el50,reference_0,1.7120204845416202e-05,0.023217693604498983,,,,
tetrahedral,independent_tdoa,119.99999999999999,50.0,49.99999999999999,,49.99999999999999,2000,553203327,-0.0012043998639418186,0.0019169232332354306,-0.06900702904999678,0.10983161091496212,0.0020673507190344218,0.11845047097400843,0.014496501795826774,0.004064212435470521,0.014968585867871179,0.013434283453817008,0.0037786305699678505,0.014061768209095214,1.0638015358325208,1.0791329509560554,0.10164969208808218,0.022347250756991406,0.1439590717045174,8.248247231290037,0.11205718427065865,6.420403722828495,0.26093921309108664,14.950715619584104,0.215,0.14004460188095633,8.023964631368667,1.027951593785018,1.0,0.0,2,1.7616480208446463,57.013650672211746,100.4379848678299,az120_el50,reference_0,0.010391145933275205,0.016165336659701483,,,,
tetrahedral,independent_tdoa,119.99999999999999,50.0,99.99999999999999,,99.99999999999999,2000,3014817608,-0.011130539098261422,-0.008646752422252362,-0.6377329140357285,-0.49542242028958183,0.011222933522388833,0.6430267245887709,0.09907475559638135,0.013702164369130035,0.05677094027320797,0.05373713381526803,0.015114522279871402,0.056247072836380856,1.008375637323603,1.9296533023255773,0.9296910313783973,0.05376474654861569,0.29109929827903835,16.678761210608766,0.225198355955122,12.9029153495133,0.5211350762957093,29.858840427972297,0.6515,0.28008920376191265,16.047929262737334,1.0393092428028206,1.0,0.0005,2,1.7616480208446463,14.253412668052936,25.109496216957474,az120_el50,reference_0,0.04801522299559435,0.03645885800102659,,,,
tetrahedral,independent_toa,119.99999999999999,50.0,,35.35533905932737,49.99999999999999,2000,3061862262,0.0006813246938250336,-0.004551385973662995,0.03903702943421745,-0.26077520722593045,0.004572407671957164,0.2619796618163837,0.01876215612702146,0.0005024999754116718,0.007567119052832621,0.01779644529430533,3.867473688129154e-19,0.007353062499999998,0.9959954633905657,1.087380001738896,0.0874717155276251,0.05332253844848005,0.12342410126947331,7.071680092936087,0.10096366225184633,5.7847917312151,0.21305955666902263,12.20741338206339,0.136,0.12126881297349287,6.948191169942465,1.0177728159708428,1.0,0.0,2,2.420276625461206,56.1909967672021,135.99775603702543,az120_el50,reference_0,0.0051072544765505155,0.053077387447964954,,,,
