geometry,geometry_index,sequence_index,base_seed,independent_unit,truth_provenance,truth_seed,nominal_bearing_noise_provenance,nominal_bearing_noise_seed,transport_loss_uniform_provenance,transport_loss_uniform_seed,transport_delay_uniform_provenance,transport_delay_uniform_seed,outlier_mask_uniform_provenance,outlier_mask_uniform_seed,outlier_direction_provenance,outlier_direction_seed
informative,0,0,20260912,whole_base_sequence,s7cd1:20260912:0:0:truth,14500171368400140352,s7cd1:20260912:0:0:nominal_bearing_noise,15675998935279591816,s7cd1:20260912:0:0:transport_loss_uniform,2529694066078639058,s7cd1:20260912:0:0:transport_delay_uniform,10696491063934308069,s7cd1:20260912:0:0:outlier_mask_uniform,8949922421787339347,s7cd1:20260912:0:0:outlier_direction,3985878561136721600
informative,0,1,20260912,whole_base_sequence,s7cd1:20260912:0:1:truth,9888497387174430721,s7cd1:20260912:0:1:nominal_bearing_noise,17992435903418338308,s7cd1:20260912:0:1:transport_loss_uniform,5569763048779321703,s7cd1:20260912:0:1:transport_delay_uniform,15482168033396082505,s7cd1:20260912:0:1:outlier_mask_uniform,5744521244477582406,s7cd1:20260912:0:1:outlier_direction,7409671731633999707
informative,0,2,20260912,whole_base_sequence,s7cd1:20260912:0:2:truth,9470309355652866839,s7cd1:20260912:0:2:nominal_bearing_noise,11499741093296695180,s7cd1:20260912:0:2:transport_loss_uniform,7436863061289204579,s7cd1:20260912:0:2:transport_delay_uniform,15694347926422577201,s7cd1:20260912:0:2:outlier_mask_uniform,14962229221882318471,s7cd1:20260912:0:2:outlier_direction,4803703022444292546
informative,0,3,20260912,whole_base_sequence,s7cd1:20260912:0:3:truth,13588034318517335661,s7cd1:20260912:0:3:nominal_bearing_noise,14334665688038146040,s7cd1:20260912:0:3:transport_loss_uniform,9429416492690545659,s7cd1:20260912:0:3:transport_delay_uniform,2745356661736235563,s7cd1:20260912:0:3:outlier_mask_uniform,13538360450510625569,s7cd1:20260912:0:3:outlier_direction,1282328800117836713
informative,0,4,20260912,whole_base_sequence,s7cd1:20260912:0:4:truth,955772180987161283,s7cd1:20260912:0:4:nominal_bearing_noise,3416488949017464508,s7cd1:20260912:0:4:transport_loss_uniform,5149073550221258269,s7cd1:20260912:0:4:transport_delay_uniform,2967106821566104190,s7cd1:20260912:0:4:outlier_mask_uniform,13811753815125413725,s7cd1:20260912:0:4:outlier_direction,13071131619169113957
informative,0,5,20260912,whole_base_sequence,s7cd1:20260912:0:5:truth,13647435136733757665,s7cd1:20260912:0:5:nominal_bearing_noise,4199663184175184983,s7cd1:20260912:0:5:transport_loss_uniform,17743540063459040110,s7cd1:20260912:0:5:transport_delay_uniform,14471313427317754407,s7cd1:20260912:0:5:outlier_mask_uniform,2134607472050986658,s7cd1:20260912:0:5:outlier_direction,7624850248775538165
informative,0,6,20260912,whole_base_sequence,s7cd1:20260912:0:6:truth,15403321175239159274,s7cd1:20260912:0:6:nominal_bearing_noise,3050352334468298789,s7cd1:20260912:0:6:transport_loss_uniform,15233491507416370819,s7cd1:20260912:0:6:transport_delay_uniform,14322616201662832137,s7cd1:20260912:0:6:outlier_mask_uniform,10715694127786610261,s7cd1:20260912:0:6:outlier_direction,3342995945359316476
informative,0,7,20260912,whole_base_sequence,s7cd1:20260912:0:7:truth,9955095602647535825,s7cd1:20260912:0:7:nominal_bearing_noise,11850892659589749821,s7cd1:20260912:0:7:transport_loss_uniform,14324756680772979910,s7cd1:20260912:0:7:transport_delay_uniform,4845175417121759432,s7cd1:20260912:0:7:outlier_mask_uniform,2833579589765054583,s7cd1:20260912:0:7:outlier_direction,730918183290227714
informative,0,8,20260912,whole_base_sequence,s7cd1:20260912:0:8:truth,4223528003238643894,s7cd1:20260912:0:8:nominal_bearing_noise,16353387127643061358,s7cd1:20260912:0:8:transport_loss_uniform,18439819965330240065,s7cd1:20260912:0:8:transport_delay_uniform,5287969840153256587,s7cd1:20260912:0:8:outlier_mask_uniform,14932724010329808898,s7cd1:20260912:0:8:outlier_direction,12091840673721797928
informative,0,9,20260912,whole_base_sequence,s7cd1:20260912:0:9:truth,3024358805490748057,s7cd1:20260912:0:9:nominal_bearing_noise,12708882512899504152,s7cd1:20260912:0:9:transport_loss_uniform,11281375712131518060,s7cd1:20260912:0:9:transport_delay_uniform,16411832362699108121,s7cd1:20260912:0:9:outlier_mask_uniform,3050187636893429848,s7cd1:20260912:0:9:outlier_direction,2916289167483733115
informative,0,10,20260912,whole_base_sequence,s7cd1:20260912:0:10:truth,12142504333687703986,s7cd1:20260912:0:10:nominal_bearing_noise,3512749515926882880,s7cd1:20260912:0:10:transport_loss_uniform,14750525923878759528,s7cd1:20260912:0:10:transport_delay_uniform,3206676601266466345,s7cd1:20260912:0:10:outlier_mask_uniform,2521393431163081167,s7cd1:20260912:0:10:outlier_direction,2545458185182672452
informative,0,11,20260912,whole_base_sequence,s7cd1:20260912:0:11:truth,2910673764079418503,s7cd1:20260912:0:11:nominal_bearing_noise,9727892056830057860,s7cd1:20260912:0:11:transport_loss_uniform,3992149933411447273,s7cd1:20260912:0:11:transport_delay_uniform,1308589975956857478,s7cd1:20260912:0:11:outlier_mask_uniform,427010348828653232,s7cd1:20260912:0:11:outlier_direction,937957697802597295
informative,0,12,20260912,whole_base_sequence,s7cd1:20260912:0:12:truth,9729191607239387097,s7cd1:20260912:0:12:nominal_bearing_noise,2367096074802271039,s7cd1:20260912:0:12:transport_loss_uniform,9397174951025763388,s7cd1:20260912:0:12:transport_delay_uniform,10009387456707677719,s7cd1:20260912:0:12:outlier_mask_uniform,5314638113742596007,s7cd1:20260912:0:12:outlier_direction,15654006985823909340
informative,0,13,20260912,whole_base_sequence,s7cd1:20260912:0:13:truth,742352563991241130,s7cd1:20260912:0:13:nominal_bearing_noise,1074108396208346092,s7cd1:20260912:0:13:transport_loss_uniform,3764124926256941972,s7cd1:20260912:0:13:transport_delay_uniform,3044207675272824548,s7cd1:20260912:0:13:outlier_mask_uniform,2594076782964924486,s7cd1:20260912:0:13:outlier_direction,12393957769155478585
informative,0,14,20260912,whole_base_sequence,s7cd1:20260912:0:14:truth,15261528738389738660,s7cd1:20260912:0:14:nominal_bearing_noise,10751679945256185686,s7cd1:20260912:0:14:transport_loss_uniform,5752255872925908572,s7cd1:20260912:0:14:transport_delay_uniform,10309274803809038376,s7cd1:20260912:0:14:outlier_mask_uniform,10924571885609351758,s7cd1:20260912:0:14:outlier_direction,10732376442198582937
informative,0,15,20260912,whole_base_sequence,s7cd1:20260912:0:15:truth,17261811622512053212,s7cd1:20260912:0:15:nominal_bearing_noise,8069231002267916553,s7cd1:20260912:0:15:transport_loss_uniform,18058381946362634658,s7cd1:20260912:0:15:transport_delay_uniform,8711542267852624726,s7cd1:20260912:0:15:outlier_mask_uniform,15710801135628875712,s7cd1:20260912:0:15:outlier_direction,11917112392349378519
informative,0,16,20260912,whole_base_sequence,s7cd1:20260912:0:16:truth,14396660688993586448,s7cd1:20260912:0:16:nominal_bearing_noise,14719878339768589838,s7cd1:20260912:0:16:transport_loss_uniform,9899883388257918827,s7cd1:20260912:0:16:transport_delay_uniform,13467678297996635105,s7cd1:20260912:0:16:outlier_mask_uniform,4388252348724032649,s7cd1:20260912:0:16:outlier_direction,7777353130255233061
informative,0,17,20260912,whole_base_sequence,s7cd1:20260912:0:17:truth,637776039930180405,s7cd1:20260912:0:17:nominal_bearing_noise,10092556689972220658,s7cd1:20260912:0:17:transport_loss_uniform,8945244119824341675,s7cd1:20260912:0:17:transport_delay_uniform,8021466993850448218,s7cd1:20260912:0:17:outlier_mask_uniform,6431831593107831404,s7cd1:20260912:0:17:outlier_direction,7299826979750729760
informative,0,18,20260912,whole_base_sequence,s7cd1:20260912:0:18:truth,14818205279922444004,s7cd1:20260912:0:18:nominal_bearing_noise,12280966009390557963,s7cd1:20260912:0:18:transport_loss_uniform,10341542391564909047,s7cd1:20260912:0:18:transport_delay_uniform,18192990457046491573,s7cd1:20260912:0:18:outlier_mask_uniform,15660874792704660543,s7cd1:20260912:0:18:outlier_direction,1871800651547006358
informative,0,19,20260912,whole_base_sequence,s7cd1:20260912:0:19:truth,496537284033347416,s7cd1:20260912:0:19:nominal_bearing_noise,16392526847387180090,s7cd1:20260912:0:19:transport_loss_uniform,8585415915376593304,s7cd1:20260912:0:19:transport_delay_uniform,18038274872212281365,s7cd1:20260912:0:19:outlier_mask_uniform,16457708057945344282,s7cd1:20260912:0:19:outlier_direction,6203067824695066347
informative,0,20,20260912,whole_base_sequence,s7cd1:20260912:0:20:truth,18132063349460323709,s7cd1:20260912:0:20:nominal_bearing_noise,13766418825236841456,s7cd1:20260912:0:20:transport_loss_uniform,5081109896982640184,s7cd1:20260912:0:20:transport_delay_uniform,9227905082889575364,s7cd1:20260912:0:20:outlier_mask_uniform,144403303095187284,s7cd1:20260912:0:20:outlier_direction,5621110868154382029
informative,0,21,20260912,whole_base_sequence,s7cd1:20260912:0:21:truth,16208936283336311309,s7cd1:20260912:0:21:nominal_bearing_noise,1897468600393132240,s7cd1:20260912:0:21:transport_loss_uniform,2105433590378734291,s7cd1:20260912:0:21:transport_delay_uniform,6620472226252411127,s7cd1:20260912:0:21:outlier_mask_uniform,15113990003275525050,s7cd1:20260912:0:21:outlier_direction,1557362230544215411
informative,0,22,20260912,whole_base_sequence,s7cd1:20260912:0:22:truth,3679862645108887531,s7cd1:20260912:0:22:nominal_bearing_noise,7666785125387168855,s7cd1:20260912:0:22:transport_loss_uniform,5159736581357721359,s7cd1:20260912:0:22:transport_delay_uniform,5943403305395579345,s7cd1:20260912:0:22:outlier_mask_uniform,5508175634936497658,s7cd1:20260912:0:22:outlier_direction,1940708187503585426
informative,0,23,20260912,whole_base_sequence,s7cd1:20260912:0:23:truth,11867241414329189149,s7cd1:20260912:0:23:nominal_bearing_noise,7214872430488513787,s7cd1:20260912:0:23:transport_loss_uniform,9051256090496851854,s7cd1:20260912:0:23:transport_delay_uniform,15685337310490237530,s7cd1:20260912:0:23:outlier_mask_uniform,12553739994246764438,s7cd1:20260912:0:23:outlier_direction,17913931021885394455
informative,0,24,20260912,whole_base_sequence,s7cd1:20260912:0:24:truth,7517322716410920148,s7cd1:20260912:0:24:nominal_bearing_noise,9994713191965660048,s7cd1:20260912:0:24:transport_loss_uniform,14823819532120512928,s7cd1:20260912:0:24:transport_delay_uniform,11385104720567224224,s7cd1:20260912:0:24:outlier_mask_uniform,13258431468613490802,s7cd1:20260912:0:24:outlier_direction,12675682538002909302
informative,0,25,20260912,whole_base_sequence,s7cd1:20260912:0:25:truth,16144673004591750094,s7cd1:20260912:0:25:nominal_bearing_noise,13195160000253934963,s7cd1:20260912:0:25:transport_loss_uniform,15829591969016581250,s7cd1:20260912:0:25:transport_delay_uniform,11641695514271353392,s7cd1:20260912:0:25:outlier_mask_uniform,2450400220208287881,s7cd1:20260912:0:25:outlier_direction,640435517248572188
informative,0,26,20260912,whole_base_sequence,s7cd1:20260912:0:26:truth,1626776592018253156,s7cd1:20260912:0:26:nominal_bearing_noise,12951818116964518653,s7cd1:20260912:0:26:transport_loss_uniform,10619993038091984471,s7cd1:20260912:0:26:transport_delay_uniform,5984517483494111816,s7cd1:20260912:0:26:outlier_mask_uniform,6809573534331914401,s7cd1:20260912:0:26:outlier_direction,15879969852141690252
informative,0,27,20260912,whole_base_sequence,s7cd1:20260912:0:27:truth,2081415057672938832,s7cd1:20260912:0:27:nominal_bearing_noise,15487642804085312665,s7cd1:20260912:0:27:transport_loss_uniform,5984114177441162667,s7cd1:20260912:0:27:transport_delay_uniform,12991900051804066725,s7cd1:20260912:0:27:outlier_mask_uniform,10180420894980985348,s7cd1:20260912:0:27:outlier_direction,800938927044683437
informative,0,28,20260912,whole_base_sequence,s7cd1:20260912:0:28:truth,18371389167632671395,s7cd1:20260912:0:28:nominal_bearing_noise,8988305047390193270,s7cd1:20260912:0:28:transport_loss_uniform,8414470025900569885,s7cd1:20260912:0:28:transport_delay_uniform,4964949605894991073,s7cd1:20260912:0:28:outlier_mask_uniform,12875830811957024952,s7cd1:20260912:0:28:outlier_direction,16469626292974810758
informative,0,29,20260912,whole_base_sequence,s7cd1:20260912:0:29:truth,14226641528236018188,s7cd1:20260912:0:29:nominal_bearing_noise,2385544431620640324,s7cd1:20260912:0:29:transport_loss_uniform,11030656552877472234,s7cd1:20260912:0:29:transport_delay_uniform,16454193144803521996,s7cd1:20260912:0:29:outlier_mask_uniform,1105483077915743932,s7cd1:20260912:0:29:outlier_direction,13115749989724836558
informative,0,30,20260912,whole_base_sequence,s7cd1:20260912:0:30:truth,7699580254216924753,s7cd1:20260912:0:30:nominal_bearing_noise,6496124782797765391,s7cd1:20260912:0:30:transport_loss_uniform,8189047718874478163,s7cd1:20260912:0:30:transport_delay_uniform,18292564077034813166,s7cd1:20260912:0:30:outlier_mask_uniform,14937745116315042985,s7cd1:20260912:0:30:outlier_direction,7751768811302880302
informative,0,31,20260912,whole_base_sequence,s7cd1:20260912:0:31:truth,10079080953166530390,s7cd1:20260912:0:31:nominal_bearing_noise,11433362284496524708,s7cd1:20260912:0:31:transport_loss_uniform,4385961836385244372,s7cd1:20260912:0:31:transport_delay_uniform,3748650980791841253,s7cd1:20260912:0:31:outlier_mask_uniform,14192656265736297688,s7cd1:20260912:0:31:outlier_direction,17763517853391994014
informative,0,32,20260912,whole_base_sequence,s7cd1:20260912:0:32:truth,10268099104358299837,s7cd1:20260912:0:32:nominal_bearing_noise,9264474640871171785,s7cd1:20260912:0:32:transport_loss_uniform,8245774471743864999,s7cd1:20260912:0:32:transport_delay_uniform,5248866783618697685,s7cd1:20260912:0:32:outlier_mask_uniform,5934900992977398421,s7cd1:20260912:0:32:outlier_direction,8624927297018088727
informative,0,33,20260912,whole_base_sequence,s7cd1:20260912:0:33:truth,9210339299781141922,s7cd1:20260912:0:33:nominal_bearing_noise,12735860268448011222,s7cd1:20260912:0:33:transport_loss_uniform,12753855823024602508,s7cd1:20260912:0:33:transport_delay_uniform,2481721954938708317,s7cd1:20260912:0:33:outlier_mask_uniform,3897762757980470054,s7cd1:20260912:0:33:outlier_direction,14521741205818637501
informative,0,34,20260912,whole_base_sequence,s7cd1:20260912:0:34:truth,14635050782783065318,s7cd1:20260912:0:34:nominal_bearing_noise,957013073161058287,s7cd1:20260912:0:34:transport_loss_uniform,16149629015284823402,s7cd1:20260912:0:34:transport_delay_uniform,3891927506670475742,s7cd1:20260912:0:34:outlier_mask_uniform,8480553436802034070,s7cd1:20260912:0:34:outlier_direction,15119182073238813762
informative,0,35,20260912,whole_base_sequence,s7cd1:20260912:0:35:truth,14197386293357423149,s7cd1:20260912:0:35:nominal_bearing_noise,2180928694659655263,s7cd1:20260912:0:35:transport_loss_uniform,17736332258453629691,s7cd1:20260912:0:35:transport_delay_uniform,2522742518924395875,s7cd1:20260912:0:35:outlier_mask_uniform,1776635378902280069,s7cd1:20260912:0:35:outlier_direction,11138847436844016539
informative,0,36,20260912,whole_base_sequence,s7cd1:20260912:0:36:truth,7371679399670527437,s7cd1:20260912:0:36:nominal_bearing_noise,9407856363951286011,s7cd1:20260912:0:36:transport_loss_uniform,5517157734069854955,s7cd1:20260912:0:36:transport_delay_uniform,9900043555886507662,s7cd1:20260912:0:36:outlier_mask_uniform,11474042661093921443,s7cd1:20260912:0:36:outlier_direction,16861815233690302176
informative,0,37,20260912,whole_base_sequence,s7cd1:20260912:0:37:truth,10156913795181083362,s7cd1:20260912:0:37:nominal_bearing_noise,7433676826201770321,s7cd1:20260912:0:37:transport_loss_uniform,17372885107416256360,s7cd1:20260912:0:37:transport_delay_uniform,815623135608094953,s7cd1:20260912:0:37:outlier_mask_uniform,14102290453325625701,s7cd1:20260912:0:37:outlier_direction,10132037285115739726
informative,0,38,20260912,whole_base_sequence,s7cd1:20260912:0:38:truth,16719446025447099627,s7cd1:20260912:0:38:nominal_bearing_noise,3740911896215832178,s7cd1:20260912:0:38:transport_loss_uniform,16875887489851427954,s7cd1:20260912:0:38:transport_delay_uniform,5850779587062070896,s7cd1:20260912:0:38:outlier_mask_uniform,5209913107325487719,s7cd1:20260912:0:38:outlier_direction,6761222250193875418
informative,0,39,20260912,whole_base_sequence,s7cd1:20260912:0:39:truth,14838124063334686640,s7cd1:20260912:0:39:nominal_bearing_noise,11834466669379976177,s7cd1:20260912:0:39:transport_loss_uniform,12401905935252883575,s7cd1:20260912:0:39:transport_delay_uniform,5935888149478105796,s7cd1:20260912:0:39:outlier_mask_uniform,7809761893743651244,s7cd1:20260912:0:39:outlier_direction,6551766570961262338
informative,0,40,20260912,whole_base_sequence,s7cd1:20260912:0:40:truth,11587129756192704062,s7cd1:20260912:0:40:nominal_bearing_noise,8035042033020949437,s7cd1:20260912:0:40:transport_loss_uniform,14079740634524740288,s7cd1:20260912:0:40:transport_delay_uniform,11211545034858393290,s7cd1:20260912:0:40:outlier_mask_uniform,805725532165302776,s7cd1:20260912:0:40:outlier_direction,10331290905945128530
informative,0,41,20260912,whole_base_sequence,s7cd1:20260912:0:41:truth,936392180583944513,s7cd1:20260912:0:41:nominal_bearing_noise,7136780137664939184,s7cd1:20260912:0:41:transport_loss_uniform,3477713182599199578,s7cd1:20260912:0:41:transport_delay_uniform,9789824087899755779,s7cd1:20260912:0:41:outlier_mask_uniform,482461532315674741,s7cd1:20260912:0:41:outlier_direction,5602101525415098368
informative,0,42,20260912,whole_base_sequence,s7cd1:20260912:0:42:truth,9846418761905090606,s7cd1:20260912:0:42:nominal_bearing_noise,10575374539271235652,s7cd1:20260912:0:42:transport_loss_uniform,15081983816063411439,s7cd1:20260912:0:42:transport_delay_uniform,16689141884411774603,s7cd1:20260912:0:42:outlier_mask_uniform,6248938432199414433,s7cd1:20260912:0:42:outlier_direction,1635835147717101923
informative,0,43,20260912,whole_base_sequence,s7cd1:20260912:0:43:truth,13902863270610315454,s7cd1:20260912:0:43:nominal_bearing_noise,14675319729846731696,s7cd1:20260912:0:43:transport_loss_uniform,10082727887937077424,s7cd1:20260912:0:43:transport_delay_uniform,15835246159810046022,s7cd1:20260912:0:43:outlier_mask_uniform,14899686575177814756,s7cd1:20260912:0:43:outlier_direction,3522747365247635508
informative,0,44,20260912,whole_base_sequence,s7cd1:20260912:0:44:truth,16933288755181003437,s7cd1:20260912:0:44:nominal_bearing_noise,506466545347212717,s7cd1:20260912:0:44:transport_loss_uniform,8553269054626728174,s7cd1:20260912:0:44:transport_delay_uniform,14194843280502655935,s7cd1:20260912:0:44:outlier_mask_uniform,16464319194049676137,s7cd1:20260912:0:44:outlier_direction,8444171314800586257
informative,0,45,20260912,whole_base_sequence,s7cd1:20260912:0:45:truth,11226168180291591584,s7cd1:20260912:0:45:nominal_bearing_noise,8391880170568160488,s7cd1:20260912:0:45:transport_loss_uniform,9926489551668143084,s7cd1:20260912:0:45:transport_delay_uniform,15474433693329049394,s7cd1:20260912:0:45:outlier_mask_uniform,2270527795750519703,s7cd1:20260912:0:45:outlier_direction,10787085593505203007
informative,0,46,20260912,whole_base_sequence,s7cd1:20260912:0:46:truth,6653157493699166346,s7cd1:20260912:0:46:nominal_bearing_noise,9482181244066505551,s7cd1:20260912:0:46:transport_loss_uniform,9364154060591523408,s7cd1:20260912:0:46:transport_delay_uniform,11526264078561324696,s7cd1:20260912:0:46:outlier_mask_uniform,12810393017910977952,s7cd1:20260912:0:46:outlier_direction,11580915754404016143
informative,0,47,20260912,whole_base_sequence,s7cd1:20260912:0:47:truth,4469509587412107961,s7cd1:20260912:0:47:nominal_bearing_noise,16936622709296380446,s7cd1:20260912:0:47:transport_loss_uniform,15800004346559698242,s7cd1:20260912:0:47:transport_delay_uniform,4772634469132578462,s7cd1:20260912:0:47:outlier_mask_uniform,631848377414336525,s7cd1:20260912:0:47:outlier_direction,2068138717689182148
informative,0,48,20260912,whole_base_sequence,s7cd1:20260912:0:48:truth,11982338661088506660,s7cd1:20260912:0:48:nominal_bearing_noise,17127646458610037856,s7cd1:20260912:0:48:transport_loss_uniform,12052758476897582132,s7cd1:20260912:0:48:transport_delay_uniform,12336656012021919051,s7cd1:20260912:0:48:outlier_mask_uniform,7936151160188878661,s7cd1:20260912:0:48:outlier_direction,17481504449148177134
informative,0,49,20260912,whole_base_sequence,s7cd1:20260912:0:49:truth,2530658381279446733,s7cd1:20260912:0:49:nominal_bearing_noise,11335319628167095302,s7cd1:20260912:0:49:transport_loss_uniform,15133472454882766329,s7cd1:20260912:0:49:transport_delay_uniform,11953822011111378065,s7cd1:20260912:0:49:outlier_mask_uniform,14729080116999571433,s7cd1:20260912:0:49:outlier_direction,3269403351658301324
informative,0,50,20260912,whole_base_sequence,s7cd1:20260912:0:50:truth,6148046979586967268,s7cd1:20260912:0:50:nominal_bearing_noise,8559556843880721624,s7cd1:20260912:0:50:transport_loss_uniform,12260370988942004903,s7cd1:20260912:0:50:transport_delay_uniform,17431357449322799252,s7cd1:20260912:0:50:outlier_mask_uniform,18352311357529725747,s7cd1:20260912:0:50:outlier_direction,800195314918504649
informative,0,51,20260912,whole_base_sequence,s7cd1:20260912:0:51:truth,17506297930431953003,s7cd1:20260912:0:51:nominal_bearing_noise,7614788319314369930,s7cd1:20260912:0:51:transport_loss_uniform,10125040195997926400,s7cd1:20260912:0:51:transport_delay_uniform,10188054912171286553,s7cd1:20260912:0:51:outlier_mask_uniform,9730098592409684907,s7cd1:20260912:0:51:outlier_direction,4219868063915574242
informative,0,52,20260912,whole_base_sequence,s7cd1:20260912:0:52:truth,6183583758719753824,s7cd1:20260912:0:52:nominal_bearing_noise,3103825624983505096,s7cd1:20260912:0:52:transport_loss_uniform,13644686078386291253,s7cd1:20260912:0:52:transport_delay_uniform,10109860237600243859,s7cd1:20260912:0:52:outlier_mask_uniform,918349106659451607,s7cd1:20260912:0:52:outlier_direction,4570046178672306396
informative,0,53,20260912,whole_base_sequence,s7cd1:20260912:0:53:truth,14691183638377108473,s7cd1:20260912:0:53:nominal_bearing_noise,7768150150427928473,s7cd1:20260912:0:53:transport_loss_uniform,14074476862038206084,s7cd1:20260912:0:53:transport_delay_uniform,9040631371226767459,s7cd1:20260912:0:53:outlier_mask_uniform,3968261610571645894,s7cd1:20260912:0:53:outlier_direction,10674348110244634753
informative,0,54,20260912,whole_base_sequence,s7cd1:20260912:0:54:truth,4776319632316736414,s7cd1:20260912:0:54:nominal_bearing_noise,1503065291189728555,s7cd1:20260912:0:54:transport_loss_uniform,429274776051570144,s7cd1:20260912:0:54:transport_delay_uniform,394768351575128857,s7cd1:20260912:0:54:outlier_mask_uniform,7710266934875659506,s7cd1:20260912:0:54:outlier_direction,14971064806509854134
informative,0,55,20260912,whole_base_sequence,s7cd1:20260912:0:55:truth,2613340414528131759,s7cd1:20260912:0:55:nominal_bearing_noise,15025614613752002507,s7cd1:20260912:0:55:transport_loss_uniform,11345828390099544887,s7cd1:20260912:0:55:transport_delay_uniform,6839079720268170493,s7cd1:20260912:0:55:outlier_mask_uniform,6025535833236275697,s7cd1:20260912:0:55:outlier_direction,2553045965488258545
informative,0,56,20260912,whole_base_sequence,s7cd1:20260912:0:56:truth,16137396644723464573,s7cd1:20260912:0:56:nominal_bearing_noise,8594435635430513629,s7cd1:20260912:0:56:transport_loss_uniform,9771231538375956306,s7cd1:20260912:0:56:transport_delay_uniform,13261366709606895583,s7cd1:20260912:0:56:outlier_mask_uniform,5978029408967958418,s7cd1:20260912:0:56:outlier_direction,2608575634507926602
informative,0,57,20260912,whole_base_sequence,s7cd1:20260912:0:57:truth,5664078397193230242,s7cd1:20260912:0:57:nominal_bearing_noise,210937260436051727,s7cd1:20260912:0:57:transport_loss_uniform,14048405802973459955,s7cd1:20260912:0:57:transport_delay_uniform,5772426406200602880,s7cd1:20260912:0:57:outlier_mask_uniform,4512980279546096944,s7cd1:20260912:0:57:outlier_direction,11146736070292614397
informative,0,58,20260912,whole_base_sequence,s7cd1:20260912:0:58:truth,15072121159652203381,s7cd1:20260912:0:58:nominal_bearing_noise,10548810353918188634,s7cd1:20260912:0:58:transport_loss_uniform,17655453203663733474,s7cd1:20260912:0:58:transport_delay_uniform,10417790945641915991,s7cd1:20260912:0:58:outlier_mask_uniform,5461667107220250699,s7cd1:20260912:0:58:outlier_direction,7490034896740161935
informative,0,59,20260912,whole_base_sequence,s7cd1:20260912:0:59:truth,16600196435320828706,s7cd1:20260912:0:59:nominal_bearing_noise,4268029405050313146,s7cd1:20260912:0:59:transport_loss_uniform,5520145585252239691,s7cd1:20260912:0:59:transport_delay_uniform,18389990947759050955,s7cd1:20260912:0:59:outlier_mask_uniform,7979113741377970458,s7cd1:20260912:0:59:outlier_direction,3196216909048996327
informative,0,60,20260912,whole_base_sequence,s7cd1:20260912:0:60:truth,4660471122869136807,s7cd1:20260912:0:60:nominal_bearing_noise,76784185794286962,s7cd1:20260912:0:60:transport_loss_uniform,5595041023037501905,s7cd1:20260912:0:60:transport_delay_uniform,17519516447724081751,s7cd1:20260912:0:60:outlier_mask_uniform,967307718920101586,s7cd1:20260912:0:60:outlier_direction,6792381944386237698
informative,0,61,20260912,whole_base_sequence,s7cd1:20260912:0:61:truth,16094205785035681194,s7cd1:20260912:0:61:nominal_bearing_noise,17509545600797432091,s7cd1:20260912:0:61:transport_loss_uniform,6337493445017194623,s7cd1:20260912:0:61:transport_delay_uniform,15959928952321817986,s7cd1:20260912:0:61:outlier_mask_uniform,7656275745619403495,s7cd1:20260912:0:61:outlier_direction,9649006551468480755
informative,0,62,20260912,whole_base_sequence,s7cd1:20260912:0:62:truth,10642608288982523063,s7cd1:20260912:0:62:nominal_bearing_noise,4320099374736571711,s7cd1:20260912:0:62:transport_loss_uniform,15773584399068381456,s7cd1:20260912:0:62:transport_delay_uniform,4800810170022466043,s7cd1:20260912:0:62:outlier_mask_uniform,8831323156714108376,s7cd1:20260912:0:62:outlier_direction,12522449061731266854
informative,0,63,20260912,whole_base_sequence,s7cd1:20260912:0:63:truth,11866942801367266315,s7cd1:20260912:0:63:nominal_bearing_noise,14075470085195178534,s7cd1:20260912:0:63:transport_loss_uniform,23094829934935646,s7cd1:20260912:0:63:transport_delay_uniform,14547662700830613168,s7cd1:20260912:0:63:outlier_mask_uniform,6621676133135333769,s7cd1:20260912:0:63:outlier_direction,748525495860556178
informative,0,64,20260912,whole_base_sequence,s7cd1:20260912:0:64:truth,18072593193048847075,s7cd1:20260912:0:64:nominal_bearing_noise,14533798773518552608,s7cd1:20260912:0:64:transport_loss_uniform,6341150240778664373,s7cd1:20260912:0:64:transport_delay_uniform,17567699814223403081,s7cd1:20260912:0:64:outlier_mask_uniform,4755638401214311058,s7cd1:20260912:0:64:outlier_direction,7679038805570877145
informative,0,65,20260912,whole_base_sequence,s7cd1:20260912:0:65:truth,18049653525848584282,s7cd1:20260912:0:65:nominal_bearing_noise,5303521879441541733,s7cd1:20260912:0:65:transport_loss_uniform,8596808986125163404,s7cd1:20260912:0:65:transport_delay_uniform,1851451448898237597,s7cd1:20260912:0:65:outlier_mask_uniform,2264952547058059216,s7cd1:20260912:0:65:outlier_direction,16633069729517707584
informative,0,66,20260912,whole_base_sequence,s7cd1:20260912:0:66:truth,17004064500535548854,s7cd1:20260912:0:66:nominal_bearing_noise,10146931201678735697,s7cd1:20260912:0:66:transport_loss_uniform,750895401400673675,s7cd1:20260912:0:66:transport_delay_uniform,16937961145031616810,s7cd1:20260912:0:66:outlier_mask_uniform,8293771434153001146,s7cd1:20260912:0:66:outlier_direction,2843294191296824786
informative,0,67,20260912,whole_base_sequence,s7cd1:20260912:0:67:truth,17001610820807591675,s7cd1:20260912:0:67:nominal_bearing_noise,4487071351990404440,s7cd1:20260912:0:67:transport_loss_uniform,13897728039492600276,s7cd1:20260912:0:67:transport_delay_uniform,5297051690940487102,s7cd1:20260912:0:67:outlier_mask_uniform,13365671052951395329,s7cd1:20260912:0:67:outlier_direction,10028532102139103105
informative,0,68,20260912,whole_base_sequence,s7cd1:20260912:0:68:truth,16878941182177796821,s7cd1:20260912:0:68:nominal_bearing_noise,4010417166151893750,s7cd1:20260912:0:68:transport_loss_uniform,1948149700119454041,s7cd1:20260912:0:68:transport_delay_uniform,16693253207671589342,s7cd1:20260912:0:68:outlier_mask_uniform,4534468176944896795,s7cd1:20260912:0:68:outlier_direction,9339546066908896150
informative,0,69,20260912,whole_base_sequence,s7cd1:20260912:0:69:truth,1724508465825384521,s7cd1:20260912:0:69:nominal_bearing_noise,6856448172560787127,s7cd1:20260912:0:69:transport_loss_uniform,9514815815483347131,s7cd1:20260912:0:69:transport_delay_uniform,3742716907286942043,s7cd1:20260912:0:69:outlier_mask_uniform,3154076309992092802,s7cd1:20260912:0:69:outlier_direction,9827333901577862081
informative,0,70,20260912,whole_base_sequence,s7cd1:20260912:0:70:truth,14220710032006209531,s7cd1:20260912:0:70:nominal_bearing_noise,6072078178215645972,s7cd1:20260912:0:70:transport_loss_uniform,5468175754089048753,s7cd1:20260912:0:70:transport_delay_uniform,7858047802387005041,s7cd1:20260912:0:70:outlier_mask_uniform,16626993432047724007,s7cd1:20260912:0:70:outlier_direction,10550027685937420265
informative,0,71,20260912,whole_base_sequence,s7cd1:20260912:0:71:truth,14579937308987645836,s7cd1:20260912:0:71:nominal_bearing_noise,3712893897374072154,s7cd1:20260912:0:71:transport_loss_uniform,2710001973114757819,s7cd1:20260912:0:71:transport_delay_uniform,6750387820061184217,s7cd1:20260912:0:71:outlier_mask_uniform,8962399588827196219,s7cd1:20260912:0:71:outlier_direction,11870606373674110661
informative,0,72,20260912,whole_base_sequence,s7cd1:20260912:0:72:truth,14345546749269667751,s7cd1:20260912:0:72:nominal_bearing_noise,4037150303809053574,s7cd1:20260912:0:72:transport_loss_uniform,11826223272824596315,s7cd1:20260912:0:72:transport_delay_uniform,6181533561729408780,s7cd1:20260912:0:72:outlier_mask_uniform,13641046928584953655,s7cd1:20260912:0:72:outlier_direction,6498809919092569000
informative,0,73,20260912,whole_base_sequence,s7cd1:20260912:0:73:truth,8673629612693959032,s7cd1:20260912:0:73:nominal_bearing_noise,5079260596194545069,s7cd1:20260912:0:73:transport_loss_uniform,12508669413817215307,s7cd1:20260912:0:73:transport_delay_uniform,8493228557864722132,s7cd1:20260912:0:73:outlier_mask_uniform,17446753167384082588,s7cd1:20260912:0:73:outlier_direction,10122696849091383632
informative,0,74,20260912,whole_base_sequence,s7cd1:20260912:0:74:truth,6536991002960962630,s7cd1:20260912:0:74:nominal_bearing_noise,18071130040845821842,s7cd1:20260912:0:74:transport_loss_uniform,2820950944615300374,s7cd1:20260912:0:74:transport_delay_uniform,10743842647776091777,s7cd1:20260912:0:74:outlier_mask_uniform,15815268077253290314,s7cd1:20260912:0:74:outlier_direction,16293116185976701489
informative,0,75,20260912,whole_base_sequence,s7cd1:20260912:0:75:truth,6002830150774043955,s7cd1:20260912:0:75:nominal_bearing_noise,2968316728433840727,s7cd1:20260912:0:75:transport_loss_uniform,18436269545347807939,s7cd1:20260912:0:75:transport_delay_uniform,6737697420157311352,s7cd1:20260912:0:75:outlier_mask_uniform,8360719301372942870,s7cd1:20260912:0:75:outlier_direction,15555855564708342337
informative,0,76,20260912,whole_base_sequence,s7cd1:20260912:0:76:truth,7158075722002933383,s7cd1:20260912:0:76:nominal_bearing_noise,843352678430897977,s7cd1:20260912:0:76:transport_loss_uniform,10376741347328329728,s7cd1:20260912:0:76:transport_delay_uniform,5567343766573834911,s7cd1:20260912:0:76:outlier_mask_uniform,10404460031806450726,s7cd1:20260912:0:76:outlier_direction,1742766863243311142
informative,0,77,20260912,whole_base_sequence,s7cd1:20260912:0:77:truth,5738096000879417347,s7cd1:20260912:0:77:nominal_bearing_noise,9763284188936751740,s7cd1:20260912:0:77:transport_loss_uniform,2839890977664096366,s7cd1:20260912:0:77:transport_delay_uniform,11894529313525353023,s7cd1:20260912:0:77:outlier_mask_uniform,17709021254776683520,s7cd1:20260912:0:77:outlier_direction,4890583158742906976
informative,0,78,20260912,whole_base_sequence,s7cd1:20260912:0:78:truth,17205672464527644622,s7cd1:20260912:0:78:nominal_bearing_noise,14333615606967477733,s7cd1:20260912:0:78:transport_loss_uniform,8152819935948719566,s7cd1:20260912:0:78:transport_delay_uniform,1679835676956557820,s7cd1:20260912:0:78:outlier_mask_uniform,967003091112025641,s7cd1:20260912:0:78:outlier_direction,12010214256670955144
informative,0,79,20260912,whole_base_sequence,s7cd1:20260912:0:79:truth,9822095815678441993,s7cd1:20260912:0:79:nominal_bearing_noise,15803921853044496404,s7cd1:20260912:0:79:transport_loss_uniform,6197429162142707011,s7cd1:20260912:0:79:transport_delay_uniform,132070243769849056,s7cd1:20260912:0:79:outlier_mask_uniform,3543878982132480500,s7cd1:20260912:0:79:outlier_direction,11280462820804984845
informative,0,80,20260912,whole_base_sequence,s7cd1:20260912:0:80:truth,11645938541207022380,s7cd1:20260912:0:80:nominal_bearing_noise,5941427002277594141,s7cd1:20260912:0:80:transport_loss_uniform,1481634246855580376,s7cd1:20260912:0:80:transport_delay_uniform,12211906328383200350,s7cd1:20260912:0:80:outlier_mask_uniform,9991881510998752100,s7cd1:20260912:0:80:outlier_direction,3468444984828247194
informative,0,81,20260912,whole_base_sequence,s7cd1:20260912:0:81:truth,9795971065879132583,s7cd1:20260912:0:81:nominal_bearing_noise,4949239992300032935,s7cd1:20260912:0:81:transport_loss_uniform,12600515392008983543,s7cd1:20260912:0:81:transport_delay_uniform,2292978339433847230,s7cd1:20260912:0:81:outlier_mask_uniform,9837244235309014071,s7cd1:20260912:0:81:outlier_direction,3657075563035993374
informative,0,82,20260912,whole_base_sequence,s7cd1:20260912:0:82:truth,16307928173134645388,s7cd1:20260912:0:82:nominal_bearing_noise,14154192275078363877,s7cd1:20260912:0:82:transport_loss_uniform,3826498262549634019,s7cd1:20260912:0:82:transport_delay_uniform,17392708878412717701,s7cd1:20260912:0:82:outlier_mask_uniform,10295651498849356985,s7cd1:20260912:0:82:outlier_direction,9875950377172927180
informative,0,83,20260912,whole_base_sequence,s7cd1:20260912:0:83:truth,4841999625419638166,s7cd1:20260912:0:83:nominal_bearing_noise,17082049527607851185,s7cd1:20260912:0:83:transport_loss_uniform,17954509904382850386,s7cd1:20260912:0:83:transport_delay_uniform,16045975309506852147,s7cd1:20260912:0:83:outlier_mask_uniform,6046651128028817932,s7cd1:20260912:0:83:outlier_direction,7462221729645852394
informative,0,84,20260912,whole_base_sequence,s7cd1:20260912:0:84:truth,3376829580559654342,s7cd1:20260912:0:84:nominal_bearing_noise,12133533293041028377,s7cd1:20260912:0:84:transport_loss_uniform,13030118441290286414,s7cd1:20260912:0:84:transport_delay_uniform,14254540774185447681,s7cd1:20260912:0:84:outlier_mask_uniform,17405500073946778865,s7cd1:20260912:0:84:outlier_direction,4943793740692492275
informative,0,85,20260912,whole_base_sequence,s7cd1:20260912:0:85:truth,13586690893709215769,s7cd1:20260912:0:85:nominal_bearing_noise,8962430779213107130,s7cd1:20260912:0:85:transport_loss_uniform,7576526380343999272,s7cd1:20260912:0:85:transport_delay_uniform,12716519811245717833,s7cd1:20260912:0:85:outlier_mask_uniform,1352171165920896220,s7cd1:20260912:0:85:outlier_direction,7811886622916828516
informative,0,86,20260912,whole_base_sequence,s7cd1:20260912:0:86:truth,7740352561552198721,s7cd1:20260912:0:86:nominal_bearing_noise,14763979258211920587,s7cd1:20260912:0:86:transport_loss_uniform,9639022419839082480,s7cd1:20260912:0:86:transport_delay_uniform,298330521741088628,s7cd1:20260912:0:86:outlier_mask_uniform,14122007013699999876,s7cd1:20260912:0:86:outlier_direction,14031744316821197566
informative,0,87,20260912,whole_base_sequence,s7cd1:20260912:0:87:truth,27011965026099670,s7cd1:20260912:0:87:nominal_bearing_noise,12010938067246093525,s7cd1:20260912:0:87:transport_loss_uniform,15802752236794933475,s7cd1:20260912:0:87:transport_delay_uniform,9621805538832980697,s7cd1:20260912:0:87:outlier_mask_uniform,15383830762585148100,s7cd1:20260912:0:87:outlier_direction,12272916734686417335
informative,0,88,20260912,whole_base_sequence,s7cd1:20260912:0:88:truth,13411728186221532780,s7cd1:20260912:0:88:nominal_bearing_noise,1304222724828897856,s7cd1:20260912:0:88:transport_loss_uniform,11779063762367752869,s7cd1:20260912:0:88:transport_delay_uniform,18273606727103893724,s7cd1:20260912:0:88:outlier_mask_uniform,4107699559275667270,s7cd1:20260912:0:88:outlier_direction,1239289947234770394
informative,0,89,20260912,whole_base_sequence,s7cd1:20260912:0:89:truth,3561905956722954887,s7cd1:20260912:0:89:nominal_bearing_noise,8310496948058053726,s7cd1:20260912:0:89:transport_loss_uniform,2593407072243590145,s7cd1:20260912:0:89:transport_delay_uniform,13360460689658841629,s7cd1:20260912:0:89:outlier_mask_uniform,12806454796846986180,s7cd1:20260912:0:89:outlier_direction,6997128652378984957
informative,0,90,20260912,whole_base_sequence,s7cd1:20260912:0:90:truth,9573924207397789048,s7cd1:20260912:0:90:nominal_bearing_noise,13841984334653589364,s7cd1:20260912:0:90:transport_loss_uniform,6837309571080794440,s7cd1:20260912:0:90:transport_delay_uniform,12544619745639954147,s7cd1:20260912:0:90:outlier_mask_uniform,1081338677672996549,s7cd1:20260912:0:90:outlier_direction,11114406851053172499
informative,0,91,20260912,whole_base_sequence,s7cd1:20260912:0:91:truth,10811500829994496842,s7cd1:20260912:0:91:nominal_bearing_noise,18347091218910939411,s7cd1:20260912:0:91:transport_loss_uniform,5863790703418165807,s7cd1:20260912:0:91:transport_delay_uniform,8790522916663727310,s7cd1:20260912:0:91:outlier_mask_uniform,16248153708023121654,s7cd1:20260912:0:91:outlier_direction,2922094120407959337
informative,0,92,20260912,whole_base_sequence,s7cd1:20260912:0:92:truth,12975522314435503365,s7cd1:20260912:0:92:nominal_bearing_noise,8553102904955468663,s7cd1:20260912:0:92:transport_loss_uniform,7674569113774049043,s7cd1:20260912:0:92:transport_delay_uniform,7775833393340832716,s7cd1:20260912:0:92:outlier_mask_uniform,9900654982853043373,s7cd1:20260912:0:92:outlier_direction,13955154099938556443
informative,0,93,20260912,whole_base_sequence,s7cd1:20260912:0:93:truth,1214938767125224436,s7cd1:20260912:0:93:nominal_bearing_noise,8993314526701095014,s7cd1:20260912:0:93:transport_loss_uniform,5269261166660688529,s7cd1:20260912:0:93:transport_delay_uniform,14915713108708502869,s7cd1:20260912:0:93:outlier_mask_uniform,15293244172685995509,s7cd1:20260912:0:93:outlier_direction,15086118428450527990
informative,0,94,20260912,whole_base_sequence,s7cd1:20260912:0:94:truth,16030731891942136015,s7cd1:20260912:0:94:nominal_bearing_noise,10991418802753124610,s7cd1:20260912:0:94:transport_loss_uniform,15244656155905515073,s7cd1:20260912:0:94:transport_delay_uniform,15503992963189167036,s7cd1:20260912:0:94:outlier_mask_uniform,3542384277382610734,s7cd1:20260912:0:94:outlier_direction,16248813188070485747
informative,0,95,20260912,whole_base_sequence,s7cd1:20260912:0:95:truth,5452678792920536159,s7cd1:20260912:0:95:nominal_bearing_noise,1579222977110418959,s7cd1:20260912:0:95:transport_loss_uniform,15298920673765064592,s7cd1:20260912:0:95:transport_delay_uniform,16334870673283556625,s7cd1:20260912:0:95:outlier_mask_uniform,14533874849987438377,s7cd1:20260912:0:95:outlier_direction,4373700628902535875
informative,0,96,20260912,whole_base_sequence,s7cd1:20260912:0:96:truth,1852373727104809165,s7cd1:20260912:0:96:nominal_bearing_noise,5213535574008609162,s7cd1:20260912:0:96:transport_loss_uniform,7625187904522883558,s7cd1:20260912:0:96:transport_delay_uniform,10446633806958282974,s7cd1:20260912:0:96:outlier_mask_uniform,15342988349672372628,s7cd1:20260912:0:96:outlier_direction,3930640725842391197
informative,0,97,20260912,whole_base_sequence,s7cd1:20260912:0:97:truth,9376405168635016591,s7cd1:20260912:0:97:nominal_bearing_noise,4266233372341008905,s7cd1:20260912:0:97:transport_loss_uniform,1032240198296899678,s7cd1:20260912:0:97:transport_delay_uniform,4184408422314255261,s7cd1:20260912:0:97:outlier_mask_uniform,10410991837989060032,s7cd1:20260912:0:97:outlier_direction,15659000519223858309
informative,0,98,20260912,whole_base_sequence,s7cd1:20260912:0:98:truth,8734660304490046452,s7cd1:20260912:0:98:nominal_bearing_noise,6458582086822960484,s7cd1:20260912:0:98:transport_loss_uniform,15690754284104503656,s7cd1:20260912:0:98:transport_delay_uniform,7953266670845169041,s7cd1:20260912:0:98:outlier_mask_uniform,7935064520873050967,s7cd1:20260912:0:98:outlier_direction,8549941689308585297
informative,0,99,20260912,whole_base_sequence,s7cd1:20260912:0:99:truth,10399826225354825582,s7cd1:20260912:0:99:nominal_bearing_noise,14080574116271725763,s7cd1:20260912:0:99:transport_loss_uniform,3439402382914846620,s7cd1:20260912:0:99:transport_delay_uniform,9871207530876693836,s7cd1:20260912:0:99:outlier_mask_uniform,14475693957076902845,s7cd1:20260912:0:99:outlier_direction,16153545984621363456
poorly_conditioned,1,0,20260912,whole_base_sequence,s7cd1:20260912:1:0:truth,845368354851468880,s7cd1:20260912:1:0:nominal_bearing_noise,3885082388185412482,s7cd1:20260912:1:0:transport_loss_uniform,17534477873360521331,s7cd1:20260912:1:0:transport_delay_uniform,7619254580346969187,s7cd1:20260912:1:0:outlier_mask_uniform,1514714279617550115,s7cd1:20260912:1:0:outlier_direction,1431339309935602338
poorly_conditioned,1,1,20260912,whole_base_sequence,s7cd1:20260912:1:1:truth,5401983444723314959,s7cd1:20260912:1:1:nominal_bearing_noise,16463501274942608727,s7cd1:20260912:1:1:transport_loss_uniform,16757211451598790884,s7cd1:20260912:1:1:transport_delay_uniform,2929434463450241813,s7cd1:20260912:1:1:outlier_mask_uniform,18006619435827597687,s7cd1:20260912:1:1:outlier_direction,13751221142497615986
poorly_conditioned,1,2,20260912,whole_base_sequence,s7cd1:20260912:1:2:truth,13787085280403431977,s7cd1:20260912:1:2:nominal_bearing_noise,8297651000283195730,s7cd1:20260912:1:2:transport_loss_uniform,16594810019256831127,s7cd1:20260912:1:2:transport_delay_uniform,343560850966707241,s7cd1:20260912:1:2:outlier_mask_uniform,5068007562593445378,s7cd1:20260912:1:2:outlier_direction,1683888906960420118
poorly_conditioned,1,3,20260912,whole_base_sequence,s7cd1:20260912:1:3:truth,5253443887175868023,s7cd1:20260912:1:3:nominal_bearing_noise,13314473809792029870,s7cd1:20260912:1:3:transport_loss_uniform,15558147671827428189,s7cd1:20260912:1:3:transport_delay_uniform,13970192884619748946,s7cd1:20260912:1:3:outlier_mask_uniform,1080885443828315112,s7cd1:20260912:1:3:outlier_direction,4732566703430406725
poorly_conditioned,1,4,20260912,whole_base_sequence,s7cd1:20260912:1:4:truth,7100989692843591164,s7cd1:20260912:1:4:nominal_bearing_noise,18220101615767390588,s7cd1:20260912:1:4:transport_loss_uniform,17990404219886399588,s7cd1:20260912:1:4:transport_delay_uniform,9223500772504288269,s7cd1:20260912:1:4:outlier_mask_uniform,9002839270364662952,s7cd1:20260912:1:4:outlier_direction,10073226233403583765
poorly_conditioned,1,5,20260912,whole_base_sequence,s7cd1:20260912:1:5:truth,6118750621588440553,s7cd1:20260912:1:5:nominal_bearing_noise,1688381480987557823,s7cd1:20260912:1:5:transport_loss_uniform,15072366276568843735,s7cd1:20260912:1:5:transport_delay_uniform,4643669184698495707,s7cd1:20260912:1:5:outlier_mask_uniform,7704868676099389272,s7cd1:20260912:1:5:outlier_direction,12724967721682947123
poorly_conditioned,1,6,20260912,whole_base_sequence,s7cd1:20260912:1:6:truth,14344281373251278887,s7cd1:20260912:1:6:nominal_bearing_noise,13870586445783829259,s7cd1:20260912:1:6:transport_loss_uniform,11889823322673701178,s7cd1:20260912:1:6:transport_delay_uniform,5291370347369378978,s7cd1:20260912:1:6:outlier_mask_uniform,1215089147942835196,s7cd1:20260912:1:6:outlier_direction,5005616467944373575
poorly_conditioned,1,7,20260912,whole_base_sequence,s7cd1:20260912:1:7:truth,11870023645408424982,s7cd1:20260912:1:7:nominal_bearing_noise,394167624620962019,s7cd1:20260912:1:7:transport_loss_uniform,17317516537057093363,s7cd1:20260912:1:7:transport_delay_uniform,11072209024467123322,s7cd1:20260912:1:7:outlier_mask_uniform,11450446046603960399,s7cd1:20260912:1:7:outlier_direction,4070522428411499085
poorly_conditioned,1,8,20260912,whole_base_sequence,s7cd1:20260912:1:8:truth,3496997080140874746,s7cd1:20260912:1:8:nominal_bearing_noise,15553701958992203244,s7cd1:20260912:1:8:transport_loss_uniform,13398991333448853305,s7cd1:20260912:1:8:transport_delay_uniform,4487287262647861801,s7cd1:20260912:1:8:outlier_mask_uniform,10986747398633211921,s7cd1:20260912:1:8:outlier_direction,10629445504389802067
poorly_conditioned,1,9,20260912,whole_base_sequence,s7cd1:20260912:1:9:truth,8438909101122153598,s7cd1:20260912:1:9:nominal_bearing_noise,11468926100725670725,s7cd1:20260912:1:9:transport_loss_uniform,1405964917016175131,s7cd1:20260912:1:9:transport_delay_uniform,11890738707880282743,s7cd1:20260912:1:9:outlier_mask_uniform,12986634823038021024,s7cd1:20260912:1:9:outlier_direction,16702158002934090211
poorly_conditioned,1,10,20260912,whole_base_sequence,s7cd1:20260912:1:10:truth,4388489525263087619,s7cd1:20260912:1:10:nominal_bearing_noise,10755747683391440408,s7cd1:20260912:1:10:transport_loss_uniform,6388840661812198749,s7cd1:20260912:1:10:transport_delay_uniform,8469951944884149563,s7cd1:20260912:1:10:outlier_mask_uniform,4771048909622628497,s7cd1:20260912:1:10:outlier_direction,15222134968849844195
poorly_conditioned,1,11,20260912,whole_base_sequence,s7cd1:20260912:1:11:truth,16806447793004420508,s7cd1:20260912:1:11:nominal_bearing_noise,12539765722909238073,s7cd1:20260912:1:11:transport_loss_uniform,13748030481006001501,s7cd1:20260912:1:11:transport_delay_uniform,8896963566392894843,s7cd1:20260912:1:11:outlier_mask_uniform,14997924449463869686,s7cd1:20260912:1:11:outlier_direction,14337243655430306157
poorly_conditioned,1,12,20260912,whole_base_sequence,s7cd1:20260912:1:12:truth,1643230690139963925,s7cd1:20260912:1:12:nominal_bearing_noise,11807921797826431472,s7cd1:20260912:1:12:transport_loss_uniform,16912243690139747822,s7cd1:20260912:1:12:transport_delay_uniform,14458988383551986349,s7cd1:20260912:1:12:outlier_mask_uniform,1375879931915734060,s7cd1:20260912:1:12:outlier_direction,4399752708971474346
poorly_conditioned,1,13,20260912,whole_base_sequence,s7cd1:20260912:1:13:truth,2118128844312636623,s7cd1:20260912:1:13:nominal_bearing_noise,13462194169546493939,s7cd1:20260912:1:13:transport_loss_uniform,3742516490309533696,s7cd1:20260912:1:13:transport_delay_uniform,6884715567000320690,s7cd1:20260912:1:13:outlier_mask_uniform,6469589465156203550,s7cd1:20260912:1:13:outlier_direction,13354623203137656937
poorly_conditioned,1,14,20260912,whole_base_sequence,s7cd1:20260912:1:14:truth,16220674956719561828,s7cd1:20260912:1:14:nominal_bearing_noise,15851039399504970951,s7cd1:20260912:1:14:transport_loss_uniform,3917815148850351902,s7cd1:20260912:1:14:transport_delay_uniform,15290906890140311698,s7cd1:20260912:1:14:outlier_mask_uniform,3179207236201564391,s7cd1:20260912:1:14:outlier_direction,2533372162278877122
poorly_conditioned,1,15,20260912,whole_base_sequence,s7cd1:20260912:1:15:truth,17465252965022213855,s7cd1:20260912:1:15:nominal_bearing_noise,13302872316564714679,s7cd1:20260912:1:15:transport_loss_uniform,16189972844094910204,s7cd1:20260912:1:15:transport_delay_uniform,17540010568005124723,s7cd1:20260912:1:15:outlier_mask_uniform,16813475906325606207,s7cd1:20260912:1:15:outlier_direction,548821200483367102
poorly_conditioned,1,16,20260912,whole_base_sequence,s7cd1:20260912:1:16:truth,9701005588835633395,s7cd1:20260912:1:16:nominal_bearing_noise,13725787951243506027,s7cd1:20260912:1:16:transport_loss_uniform,13952574862265021804,s7cd1:20260912:1:16:transport_delay_uniform,9819417168017821370,s7cd1:20260912:1:16:outlier_mask_uniform,13417658080598653231,s7cd1:20260912:1:16:outlier_direction,13251876168449071717
poorly_conditioned,1,17,20260912,whole_base_sequence,s7cd1:20260912:1:17:truth,9615561180083562309,s7cd1:20260912:1:17:nominal_bearing_noise,7584530095032245983,s7cd1:20260912:1:17:transport_loss_uniform,605440135401958911,s7cd1:20260912:1:17:transport_delay_uniform,10554425705918419223,s7cd1:20260912:1:17:outlier_mask_uniform,16614277995261165654,s7cd1:20260912:1:17:outlier_direction,2877491894161398361
poorly_conditioned,1,18,20260912,whole_base_sequence,s7cd1:20260912:1:18:truth,3079591348199598394,s7cd1:20260912:1:18:nominal_bearing_noise,10421877023882175227,s7cd1:20260912:1:18:transport_loss_uniform,3716617247356252734,s7cd1:20260912:1:18:transport_delay_uniform,14375543907723503296,s7cd1:20260912:1:18:outlier_mask_uniform,8815629129621045251,s7cd1:20260912:1:18:outlier_direction,1261057109950359686
poorly_conditioned,1,19,20260912,whole_base_sequence,s7cd1:20260912:1:19:truth,17204240702113524118,s7cd1:20260912:1:19:nominal_bearing_noise,9019202500061686741,s7cd1:20260912:1:19:transport_loss_uniform,14970782643694720660,s7cd1:20260912:1:19:transport_delay_uniform,911049184130440430,s7cd1:20260912:1:19:outlier_mask_uniform,11384383878283321861,s7cd1:20260912:1:19:outlier_direction,6036074847567952756
poorly_conditioned,1,20,20260912,whole_base_sequence,s7cd1:20260912:1:20:truth,6936945862930740056,s7cd1:20260912:1:20:nominal_bearing_noise,13269419218309528057,s7cd1:20260912:1:20:transport_loss_uniform,17192798582429348976,s7cd1:20260912:1:20:transport_delay_uniform,1664775819984515640,s7cd1:20260912:1:20:outlier_mask_uniform,107177529314810704,s7cd1:20260912:1:20:outlier_direction,14552337933420362420
poorly_conditioned,1,21,20260912,whole_base_sequence,s7cd1:20260912:1:21:truth,2565923408211777582,s7cd1:20260912:1:21:nominal_bearing_noise,5343711657359088447,s7cd1:20260912:1:21:transport_loss_uniform,9366079896817427178,s7cd1:20260912:1:21:transport_delay_uniform,15337335836234859985,s7cd1:20260912:1:21:outlier_mask_uniform,5395918721360863837,s7cd1:20260912:1:21:outlier_direction,11524707486359541766
poorly_conditioned,1,22,20260912,whole_base_sequence,s7cd1:20260912:1:22:truth,4378542749748962532,s7cd1:20260912:1:22:nominal_bearing_noise,10476078595548765324,s7cd1:20260912:1:22:transport_loss_uniform,8303410974937452027,s7cd1:20260912:1:22:transport_delay_uniform,2207379668354670375,s7cd1:20260912:1:22:outlier_mask_uniform,12815161611146858687,s7cd1:20260912:1:22:outlier_direction,4048623884806728428
poorly_conditioned,1,23,20260912,whole_base_sequence,s7cd1:20260912:1:23:truth,9121084390842149376,s7cd1:20260912:1:23:nominal_bearing_noise,15829033132668812200,s7cd1:20260912:1:23:transport_loss_uniform,3443614334614868391,s7cd1:20260912:1:23:transport_delay_uniform,16378666914384701847,s7cd1:20260912:1:23:outlier_mask_uniform,9770342201703782878,s7cd1:20260912:1:23:outlier_direction,699022109910579295
poorly_conditioned,1,24,20260912,whole_base_sequence,s7cd1:20260912:1:24:truth,7400804330690194572,s7cd1:20260912:1:24:nominal_bearing_noise,15503830864012551638,s7cd1:20260912:1:24:transport_loss_uniform,6024890586736636444,s7cd1:20260912:1:24:transport_delay_uniform,11226558138162783031,s7cd1:20260912:1:24:outlier_mask_uniform,13277365592770014679,s7cd1:20260912:1:24:outlier_direction,7323966735073139281
poorly_conditioned,1,25,20260912,whole_base_sequence,s7cd1:20260912:1:25:truth,13244153723882338027,s7cd1:20260912:1:25:nominal_bearing_noise,9712224345038428874,s7cd1:20260912:1:25:transport_loss_uniform,9351147595769715724,s7cd1:20260912:1:25:transport_delay_uniform,363438501137709395,s7cd1:20260912:1:25:outlier_mask_uniform,10896353252815746840,s7cd1:20260912:1:25:outlier_direction,3153491292775596520
poorly_conditioned,1,26,20260912,whole_base_sequence,s7cd1:20260912:1:26:truth,4687316821054396542,s7cd1:20260912:1:26:nominal_bearing_noise,2702256883746774935,s7cd1:20260912:1:26:transport_loss_uniform,5852424253510628731,s7cd1:20260912:1:26:transport_delay_uniform,5306346567006626256,s7cd1:20260912:1:26:outlier_mask_uniform,16787801141930747743,s7cd1:20260912:1:26:outlier_direction,12727218681012148103
poorly_conditioned,1,27,20260912,whole_base_sequence,s7cd1:20260912:1:27:truth,17476317558203866647,s7cd1:20260912:1:27:nominal_bearing_noise,3317018400738513610,s7cd1:20260912:1:27:transport_loss_uniform,524270768577230535,s7cd1:20260912:1:27:transport_delay_uniform,10081942853009387493,s7cd1:20260912:1:27:outlier_mask_uniform,16581384543132160139,s7cd1:20260912:1:27:outlier_direction,17071583679194554534
poorly_conditioned,1,28,20260912,whole_base_sequence,s7cd1:20260912:1:28:truth,869739261674474767,s7cd1:20260912:1:28:nominal_bearing_noise,17968187958157695893,s7cd1:20260912:1:28:transport_loss_uniform,3498822117169967689,s7cd1:20260912:1:28:transport_delay_uniform,16944651039724543205,s7cd1:20260912:1:28:outlier_mask_uniform,11530559863777667229,s7cd1:20260912:1:28:outlier_direction,6355594905771768584
poorly_conditioned,1,29,20260912,whole_base_sequence,s7cd1:20260912:1:29:truth,10805064770432946307,s7cd1:20260912:1:29:nominal_bearing_noise,2083142215267180733,s7cd1:20260912:1:29:transport_loss_uniform,7854182408853485366,s7cd1:20260912:1:29:transport_delay_uniform,2927232784237642450,s7cd1:20260912:1:29:outlier_mask_uniform,9960100954126599577,s7cd1:20260912:1:29:outlier_direction,12569446011599637991
poorly_conditioned,1,30,20260912,whole_base_sequence,s7cd1:20260912:1:30:truth,12541084262698215741,s7cd1:20260912:1:30:nominal_bearing_noise,14889664329682119090,s7cd1:20260912:1:30:transport_loss_uniform,9837709333561500330,s7cd1:20260912:1:30:transport_delay_uniform,13298999131743386890,s7cd1:20260912:1:30:outlier_mask_uniform,3948284297817894623,s7cd1:20260912:1:30:outlier_direction,14887417373833168198
poorly_conditioned,1,31,20260912,whole_base_sequence,s7cd1:20260912:1:31:truth,14056055711781635847,s7cd1:20260912:1:31:nominal_bearing_noise,15849715157582011732,s7cd1:20260912:1:31:transport_loss_uniform,6252721266494453326,s7cd1:20260912:1:31:transport_delay_uniform,13478266831779199757,s7cd1:20260912:1:31:outlier_mask_uniform,1130576614863685282,s7cd1:20260912:1:31:outlier_direction,2643010885451481196
poorly_conditioned,1,32,20260912,whole_base_sequence,s7cd1:20260912:1:32:truth,14237867799765860459,s7cd1:20260912:1:32:nominal_bearing_noise,444097108222060436,s7cd1:20260912:1:32:transport_loss_uniform,5520370879719439250,s7cd1:20260912:1:32:transport_delay_uniform,10821918656612433254,s7cd1:20260912:1:32:outlier_mask_uniform,15533663008696293435,s7cd1:20260912:1:32:outlier_direction,2721711561055162840
poorly_conditioned,1,33,20260912,whole_base_sequence,s7cd1:20260912:1:33:truth,18387850007478296660,s7cd1:20260912:1:33:nominal_bearing_noise,14126777146657291830,s7cd1:20260912:1:33:transport_loss_uniform,14366789551112117166,s7cd1:20260912:1:33:transport_delay_uniform,8062209932821257290,s7cd1:20260912:1:33:outlier_mask_uniform,16467496454284663829,s7cd1:20260912:1:33:outlier_direction,4814254931034321322
poorly_conditioned,1,34,20260912,whole_base_sequence,s7cd1:20260912:1:34:truth,14535060838546891894,s7cd1:20260912:1:34:nominal_bearing_noise,16067289148255947514,s7cd1:20260912:1:34:transport_loss_uniform,11181503932269915984,s7cd1:20260912:1:34:transport_delay_uniform,9750334245038388284,s7cd1:20260912:1:34:outlier_mask_uniform,15045954455253386373,s7cd1:20260912:1:34:outlier_direction,11642629669693205146
poorly_conditioned,1,35,20260912,whole_base_sequence,s7cd1:20260912:1:35:truth,9077503511946154456,s7cd1:20260912:1:35:nominal_bearing_noise,13896377985292705999,s7cd1:20260912:1:35:transport_loss_uniform,9996703494264723729,s7cd1:20260912:1:35:transport_delay_uniform,10563632842900878612,s7cd1:20260912:1:35:outlier_mask_uniform,1896125712907404060,s7cd1:20260912:1:35:outlier_direction,6829169137904701156
poorly_conditioned,1,36,20260912,whole_base_sequence,s7cd1:20260912:1:36:truth,14917326691744416410,s7cd1:20260912:1:36:nominal_bearing_noise,7108996040057842663,s7cd1:20260912:1:36:transport_loss_uniform,4189785027002879325,s7cd1:20260912:1:36:transport_delay_uniform,11350787070326476421,s7cd1:20260912:1:36:outlier_mask_uniform,3356534774449685776,s7cd1:20260912:1:36:outlier_direction,1581451057423019556
poorly_conditioned,1,37,20260912,whole_base_sequence,s7cd1:20260912:1:37:truth,11453709702255224605,s7cd1:20260912:1:37:nominal_bearing_noise,8593286681717006113,s7cd1:20260912:1:37:transport_loss_uniform,17701914549643175601,s7cd1:20260912:1:37:transport_delay_uniform,6850601415276989040,s7cd1:20260912:1:37:outlier_mask_uniform,16739351028482991031,s7cd1:20260912:1:37:outlier_direction,2487171029212356220
poorly_conditioned,1,38,20260912,whole_base_sequence,s7cd1:20260912:1:38:truth,3697893079539342856,s7cd1:20260912:1:38:nominal_bearing_noise,949350829555050897,s7cd1:20260912:1:38:transport_loss_uniform,10592856316558211207,s7cd1:20260912:1:38:transport_delay_uniform,768115596630242944,s7cd1:20260912:1:38:outlier_mask_uniform,2789323148456152028,s7cd1:20260912:1:38:outlier_direction,12244111400687023006
poorly_conditioned,1,39,20260912,whole_base_sequence,s7cd1:20260912:1:39:truth,1195583729392255772,s7cd1:20260912:1:39:nominal_bearing_noise,13058786621640942302,s7cd1:20260912:1:39:transport_loss_uniform,7054280287088559000,s7cd1:20260912:1:39:transport_delay_uniform,2098634815739427637,s7cd1:20260912:1:39:outlier_mask_uniform,14048128430840939781,s7cd1:20260912:1:39:outlier_direction,11581411172297220955
poorly_conditioned,1,40,20260912,whole_base_sequence,s7cd1:20260912:1:40:truth,8346842132258161481,s7cd1:20260912:1:40:nominal_bearing_noise,5849901945726648698,s7cd1:20260912:1:40:transport_loss_uniform,11045034398984058424,s7cd1:20260912:1:40:transport_delay_uniform,6268862848199745664,s7cd1:20260912:1:40:outlier_mask_uniform,2034987978189183255,s7cd1:20260912:1:40:outlier_direction,7774216753227649909
poorly_conditioned,1,41,20260912,whole_base_sequence,s7cd1:20260912:1:41:truth,14634094498973444614,s7cd1:20260912:1:41:nominal_bearing_noise,13457582727962366252,s7cd1:20260912:1:41:transport_loss_uniform,7085584300750951492,s7cd1:20260912:1:41:transport_delay_uniform,13081367535556913664,s7cd1:20260912:1:41:outlier_mask_uniform,1194961740198780579,s7cd1:20260912:1:41:outlier_direction,2901674608892530698
poorly_conditioned,1,42,20260912,whole_base_sequence,s7cd1:20260912:1:42:truth,5324254806266400471,s7cd1:20260912:1:42:nominal_bearing_noise,1940779031038869221,s7cd1:20260912:1:42:transport_loss_uniform,3206716037129976002,s7cd1:20260912:1:42:transport_delay_uniform,16966832724854172344,s7cd1:20260912:1:42:outlier_mask_uniform,17371542183776690248,s7cd1:20260912:1:42:outlier_direction,11379104537393027487
poorly_conditioned,1,43,20260912,whole_base_sequence,s7cd1:20260912:1:43:truth,13879294064547782680,s7cd1:20260912:1:43:nominal_bearing_noise,13960251658333388592,s7cd1:20260912:1:43:transport_loss_uniform,14426162165070367359,s7cd1:20260912:1:43:transport_delay_uniform,2856559238266294792,s7cd1:20260912:1:43:outlier_mask_uniform,2361275966309885284,s7cd1:20260912:1:43:outlier_direction,18218922409809012836
poorly_conditioned,1,44,20260912,whole_base_sequence,s7cd1:20260912:1:44:truth,8496042452083362215,s7cd1:20260912:1:44:nominal_bearing_noise,1534664298243282804,s7cd1:20260912:1:44:transport_loss_uniform,15811458744529005568,s7cd1:20260912:1:44:transport_delay_uniform,15634405322367717067,s7cd1:20260912:1:44:outlier_mask_uniform,2342101539872508428,s7cd1:20260912:1:44:outlier_direction,5584070046380014685
poorly_conditioned,1,45,20260912,whole_base_sequence,s7cd1:20260912:1:45:truth,12318169973167901517,s7cd1:20260912:1:45:nominal_bearing_noise,14304395217126022964,s7cd1:20260912:1:45:transport_loss_uniform,18245043375039258729,s7cd1:20260912:1:45:transport_delay_uniform,15046950393252181919,s7cd1:20260912:1:45:outlier_mask_uniform,482817509510615795,s7cd1:20260912:1:45:outlier_direction,14333607445417477491
poorly_conditioned,1,46,20260912,whole_base_sequence,s7cd1:20260912:1:46:truth,14073458881732563009,s7cd1:20260912:1:46:nominal_bearing_noise,4435553885228954654,s7cd1:20260912:1:46:transport_loss_uniform,18419581638835623168,s7cd1:20260912:1:46:transport_delay_uniform,11420720984963758477,s7cd1:20260912:1:46:outlier_mask_uniform,3537639142794382851,s7cd1:20260912:1:46:outlier_direction,1957288603054378204
poorly_conditioned,1,47,20260912,whole_base_sequence,s7cd1:20260912:1:47:truth,15302030864244428270,s7cd1:20260912:1:47:nominal_bearing_noise,8317452829259285844,s7cd1:20260912:1:47:transport_loss_uniform,11767980423384891032,s7cd1:20260912:1:47:transport_delay_uniform,14693857286875491267,s7cd1:20260912:1:47:outlier_mask_uniform,12540047196947768729,s7cd1:20260912:1:47:outlier_direction,12250170694948490457
poorly_conditioned,1,48,20260912,whole_base_sequence,s7cd1:20260912:1:48:truth,10754128747108649078,s7cd1:20260912:1:48:nominal_bearing_noise,390893293773159867,s7cd1:20260912:1:48:transport_loss_uniform,4684593884595741956,s7cd1:20260912:1:48:transport_delay_uniform,17580031947934511697,s7cd1:20260912:1:48:outlier_mask_uniform,10210551702230705561,s7cd1:20260912:1:48:outlier_direction,7831906825466248992
poorly_conditioned,1,49,20260912,whole_base_sequence,s7cd1:20260912:1:49:truth,7097707032415222474,s7cd1:20260912:1:49:nominal_bearing_noise,18261243754896873574,s7cd1:20260912:1:49:transport_loss_uniform,7882106313868865817,s7cd1:20260912:1:49:transport_delay_uniform,11640896299189155129,s7cd1:20260912:1:49:outlier_mask_uniform,1607130108370489201,s7cd1:20260912:1:49:outlier_direction,541632566578658227
poorly_conditioned,1,50,20260912,whole_base_sequence,s7cd1:20260912:1:50:truth,10839789934218064808,s7cd1:20260912:1:50:nominal_bearing_noise,5397930594299066980,s7cd1:20260912:1:50:transport_loss_uniform,14198617662424305158,s7cd1:20260912:1:50:transport_delay_uniform,3225447082151564121,s7cd1:20260912:1:50:outlier_mask_uniform,680308712146912578,s7cd1:20260912:1:50:outlier_direction,18186484118833988176
poorly_conditioned,1,51,20260912,whole_base_sequence,s7cd1:20260912:1:51:truth,264142236620390355,s7cd1:20260912:1:51:nominal_bearing_noise,16165461600668933037,s7cd1:20260912:1:51:transport_loss_uniform,2779761295412587802,s7cd1:20260912:1:51:transport_delay_uniform,16864051312479616602,s7cd1:20260912:1:51:outlier_mask_uniform,1736807895160122842,s7cd1:20260912:1:51:outlier_direction,303721056676679222
poorly_conditioned,1,52,20260912,whole_base_sequence,s7cd1:20260912:1:52:truth,6221841619090535895,s7cd1:20260912:1:52:nominal_bearing_noise,4565925627990474596,s7cd1:20260912:1:52:transport_loss_uniform,1355891467736692928,s7cd1:20260912:1:52:transport_delay_uniform,3663686650691384387,s7cd1:20260912:1:52:outlier_mask_uniform,12811128770059939774,s7cd1:20260912:1:52:outlier_direction,2997786122650685937
poorly_conditioned,1,53,20260912,whole_base_sequence,s7cd1:20260912:1:53:truth,17619461174121530073,s7cd1:20260912:1:53:nominal_bearing_noise,12818771683434158226,s7cd1:20260912:1:53:transport_loss_uniform,7360737336258401495,s7cd1:20260912:1:53:transport_delay_uniform,3896496021306151456,s7cd1:20260912:1:53:outlier_mask_uniform,18040047768072369038,s7cd1:20260912:1:53:outlier_direction,14132262590046246101
poorly_conditioned,1,54,20260912,whole_base_sequence,s7cd1:20260912:1:54:truth,13168995658128951252,s7cd1:20260912:1:54:nominal_bearing_noise,7941366614472532931,s7cd1:20260912:1:54:transport_loss_uniform,574865294124606539,s7cd1:20260912:1:54:transport_delay_uniform,7874649572258709905,s7cd1:20260912:1:54:outlier_mask_uniform,13196717503096828404,s7cd1:20260912:1:54:outlier_direction,15118416994486895076
poorly_conditioned,1,55,20260912,whole_base_sequence,s7cd1:20260912:1:55:truth,15236249092614660989,s7cd1:20260912:1:55:nominal_bearing_noise,16116552577712019001,s7cd1:20260912:1:55:transport_loss_uniform,3379548693634502274,s7cd1:20260912:1:55:transport_delay_uniform,6421658323815903843,s7cd1:20260912:1:55:outlier_mask_uniform,16715181175587742012,s7cd1:20260912:1:55:outlier_direction,11514233041613604775
poorly_conditioned,1,56,20260912,whole_base_sequence,s7cd1:20260912:1:56:truth,5488702244679830026,s7cd1:20260912:1:56:nominal_bearing_noise,4621614676957274649,s7cd1:20260912:1:56:transport_loss_uniform,9553160672193293146,s7cd1:20260912:1:56:transport_delay_uniform,6900511741289832046,s7cd1:20260912:1:56:outlier_mask_uniform,10515008579676562530,s7cd1:20260912:1:56:outlier_direction,10662838192380315702
poorly_conditioned,1,57,20260912,whole_base_sequence,s7cd1:20260912:1:57:truth,16107519165172270367,s7cd1:20260912:1:57:nominal_bearing_noise,1713144919950513546,s7cd1:20260912:1:57:transport_loss_uniform,2922807242504430153,s7cd1:20260912:1:57:transport_delay_uniform,6912633396674215353,s7cd1:20260912:1:57:outlier_mask_uniform,16248108519224144148,s7cd1:20260912:1:57:outlier_direction,13556249895733160029
poorly_conditioned,1,58,20260912,whole_base_sequence,s7cd1:20260912:1:58:truth,4654548707820478726,s7cd1:20260912:1:58:nominal_bearing_noise,14026270602367918297,s7cd1:20260912:1:58:transport_loss_uniform,16600000953291197884,s7cd1:20260912:1:58:transport_delay_uniform,9190727574930602046,s7cd1:20260912:1:58:outlier_mask_uniform,8492323292223994910,s7cd1:20260912:1:58:outlier_direction,4311441641992608890
poorly_conditioned,1,59,20260912,whole_base_sequence,s7cd1:20260912:1:59:truth,15043511708398717943,s7cd1:20260912:1:59:nominal_bearing_noise,6470672795538864171,s7cd1:20260912:1:59:transport_loss_uniform,11409552019787626027,s7cd1:20260912:1:59:transport_delay_uniform,798822355776780163,s7cd1:20260912:1:59:outlier_mask_uniform,5044771448530049154,s7cd1:20260912:1:59:outlier_direction,12246725784535131004
poorly_conditioned,1,60,20260912,whole_base_sequence,s7cd1:20260912:1:60:truth,3187879168420718014,s7cd1:20260912:1:60:nominal_bearing_noise,9980930094976000889,s7cd1:20260912:1:60:transport_loss_uniform,8418731900513663627,s7cd1:20260912:1:60:transport_delay_uniform,10754998730984722066,s7cd1:20260912:1:60:outlier_mask_uniform,3310599786338615438,s7cd1:20260912:1:60:outlier_direction,18026609801148938563
poorly_conditioned,1,61,20260912,whole_base_sequence,s7cd1:20260912:1:61:truth,7384518612659340531,s7cd1:20260912:1:61:nominal_bearing_noise,13760748914258089093,s7cd1:20260912:1:61:transport_loss_uniform,7876283374611583096,s7cd1:20260912:1:61:transport_delay_uniform,12817495762468471332,s7cd1:20260912:1:61:outlier_mask_uniform,6233865451288531396,s7cd1:20260912:1:61:outlier_direction,4389090150212539563
poorly_conditioned,1,62,20260912,whole_base_sequence,s7cd1:20260912:1:62:truth,15859345670697614299,s7cd1:20260912:1:62:nominal_bearing_noise,10653870553027927489,s7cd1:20260912:1:62:transport_loss_uniform,15957568023097213086,s7cd1:20260912:1:62:transport_delay_uniform,2598983817038659955,s7cd1:20260912:1:62:outlier_mask_uniform,4370909238160714787,s7cd1:20260912:1:62:outlier_direction,16167639209326236486
poorly_conditioned,1,63,20260912,whole_base_sequence,s7cd1:20260912:1:63:truth,7268671001184615189,s7cd1:20260912:1:63:nominal_bearing_noise,4943647553058289761,s7cd1:20260912:1:63:transport_loss_uniform,2365826492069148686,s7cd1:20260912:1:63:transport_delay_uniform,4565719794415003553,s7cd1:20260912:1:63:outlier_mask_uniform,1005009386861004430,s7cd1:20260912:1:63:outlier_direction,4272174939057823732
poorly_conditioned,1,64,20260912,whole_base_sequence,s7cd1:20260912:1:64:truth,16477603227325528336,s7cd1:20260912:1:64:nominal_bearing_noise,2502820823589880502,s7cd1:20260912:1:64:transport_loss_uniform,9297565402778418520,s7cd1:20260912:1:64:transport_delay_uniform,8178916420534621735,s7cd1:20260912:1:64:outlier_mask_uniform,1078201693746177528,s7cd1:20260912:1:64:outlier_direction,13267223762028505303
poorly_conditioned,1,65,20260912,whole_base_sequence,s7cd1:20260912:1:65:truth,5965467301258520131,s7cd1:20260912:1:65:nominal_bearing_noise,7680369760826780351,s7cd1:20260912:1:65:transport_loss_uniform,12156683320347597459,s7cd1:20260912:1:65:transport_delay_uniform,5059840991755576954,s7cd1:20260912:1:65:outlier_mask_uniform,13879938349572733563,s7cd1:20260912:1:65:outlier_direction,13010329305600321078
poorly_conditioned,1,66,20260912,whole_base_sequence,s7cd1:20260912:1:66:truth,11698761139447464043,s7cd1:20260912:1:66:nominal_bearing_noise,15692149895941154112,s7cd1:20260912:1:66:transport_loss_uniform,12022204241600829665,s7cd1:20260912:1:66:transport_delay_uniform,12575699411732663750,s7cd1:20260912:1:66:outlier_mask_uniform,11150814603521600152,s7cd1:20260912:1:66:outlier_direction,10571922745481975359
poorly_conditioned,1,67,20260912,whole_base_sequence,s7cd1:20260912:1:67:truth,11161309642678694139,s7cd1:20260912:1:67:nominal_bearing_noise,4203061089351160949,s7cd1:20260912:1:67:transport_loss_uniform,1881564260429711021,s7cd1:20260912:1:67:transport_delay_uniform,2766106912011508843,s7cd1:20260912:1:67:outlier_mask_uniform,200184872664838493,s7cd1:20260912:1:67:outlier_direction,2328873796461632852
poorly_conditioned,1,68,20260912,whole_base_sequence,s7cd1:20260912:1:68:truth,17790307984956868449,s7cd1:20260912:1:68:nominal_bearing_noise,15802332449363747532,s7cd1:20260912:1:68:transport_loss_uniform,10045955529356117792,s7cd1:20260912:1:68:transport_delay_uniform,6191936032930667657,s7cd1:20260912:1:68:outlier_mask_uniform,8860838875375206614,s7cd1:20260912:1:68:outlier_direction,5655179091071305813
poorly_conditioned,1,69,20260912,whole_base_sequence,s7cd1:20260912:1:69:truth,11162635177897156241,s7cd1:20260912:1:69:nominal_bearing_noise,16907561623467884572,s7cd1:20260912:1:69:transport_loss_uniform,7064008580272876718,s7cd1:20260912:1:69:transport_delay_uniform,2571062111753521758,s7cd1:20260912:1:69:outlier_mask_uniform,16238050832959774562,s7cd1:20260912:1:69:outlier_direction,7635184337300422565
poorly_conditioned,1,70,20260912,whole_base_sequence,s7cd1:20260912:1:70:truth,1093662673426646683,s7cd1:20260912:1:70:nominal_bearing_noise,17770785790898066467,s7cd1:20260912:1:70:transport_loss_uniform,14284573643899432551,s7cd1:20260912:1:70:transport_delay_uniform,1133821119708794727,s7cd1:20260912:1:70:outlier_mask_uniform,4292950135053680298,s7cd1:20260912:1:70:outlier_direction,493884509791528544
poorly_conditioned,1,71,20260912,whole_base_sequence,s7cd1:20260912:1:71:truth,4973985652547054518,s7cd1:20260912:1:71:nominal_bearing_noise,9224227661748532775,s7cd1:20260912:1:71:transport_loss_uniform,15946205710276515644,s7cd1:20260912:1:71:transport_delay_uniform,5183920689038871728,s7cd1:20260912:1:71:outlier_mask_uniform,236585141024587233,s7cd1:20260912:1:71:outlier_direction,10438204459437387698
poorly_conditioned,1,72,20260912,whole_base_sequence,s7cd1:20260912:1:72:truth,9645738601430274556,s7cd1:20260912:1:72:nominal_bearing_noise,16563391536059546777,s7cd1:20260912:1:72:transport_loss_uniform,7651262433354783274,s7cd1:20260912:1:72:transport_delay_uniform,1695978004775712807,s7cd1:20260912:1:72:outlier_mask_uniform,8315804841126977992,s7cd1:20260912:1:72:outlier_direction,16578498976451389341
poorly_conditioned,1,73,20260912,whole_base_sequence,s7cd1:20260912:1:73:truth,2333440162630873484,s7cd1:20260912:1:73:nominal_bearing_noise,10000234461172524104,s7cd1:20260912:1:73:transport_loss_uniform,5107578318023290286,s7cd1:20260912:1:73:transport_delay_uniform,7319577516713585115,s7cd1:20260912:1:73:outlier_mask_uniform,7492608763316900314,s7cd1:20260912:1:73:outlier_direction,11259566814121994294
poorly_conditioned,1,74,20260912,whole_base_sequence,s7cd1:20260912:1:74:truth,13089431596424205017,s7cd1:20260912:1:74:nominal_bearing_noise,14059261925449091343,s7cd1:20260912:1:74:transport_loss_uniform,15564745214686763576,s7cd1:20260912:1:74:transport_delay_uniform,15230741713155832461,s7cd1:20260912:1:74:outlier_mask_uniform,2981355329285653945,s7cd1:20260912:1:74:outlier_direction,7010561382353705453
poorly_conditioned,1,75,20260912,whole_base_sequence,s7cd1:20260912:1:75:truth,1387471206811424440,s7cd1:20260912:1:75:nominal_bearing_noise,16161643978390524402,s7cd1:20260912:1:75:transport_loss_uniform,4008589219986581264,s7cd1:20260912:1:75:transport_delay_uniform,3300197980686060355,s7cd1:20260912:1:75:outlier_mask_uniform,258621975227429582,s7cd1:20260912:1:75:outlier_direction,11760010286547621308
poorly_conditioned,1,76,20260912,whole_base_sequence,s7cd1:20260912:1:76:truth,8929241447502881286,s7cd1:20260912:1:76:nominal_bearing_noise,15627412139029723488,s7cd1:20260912:1:76:transport_loss_uniform,11255812988910838071,s7cd1:20260912:1:76:transport_delay_uniform,975539479767750382,s7cd1:20260912:1:76:outlier_mask_uniform,14889688788112593576,s7cd1:20260912:1:76:outlier_direction,12975647438696999483
poorly_conditioned,1,77,20260912,whole_base_sequence,s7cd1:20260912:1:77:truth,9864028305617016374,s7cd1:20260912:1:77:nominal_bearing_noise,14675646192456235784,s7cd1:20260912:1:77:transport_loss_uniform,6179425161167444264,s7cd1:20260912:1:77:transport_delay_uniform,15634420208230610557,s7cd1:20260912:1:77:outlier_mask_uniform,2177725684500413998,s7cd1:20260912:1:77:outlier_direction,12224728272580675361
poorly_conditioned,1,78,20260912,whole_base_sequence,s7cd1:20260912:1:78:truth,1141379497000621951,s7cd1:20260912:1:78:nominal_bearing_noise,12393511565096841175,s7cd1:20260912:1:78:transport_loss_uniform,16074427945999010317,s7cd1:20260912:1:78:transport_delay_uniform,17410310635323435876,s7cd1:20260912:1:78:outlier_mask_uniform,7339947158165740112,s7cd1:20260912:1:78:outlier_direction,1544480601676492726
poorly_conditioned,1,79,20260912,whole_base_sequence,s7cd1:20260912:1:79:truth,17568879247489665426,s7cd1:20260912:1:79:nominal_bearing_noise,7950058264136230028,s7cd1:20260912:1:79:transport_loss_uniform,5085572025798334557,s7cd1:20260912:1:79:transport_delay_uniform,1888936944307729685,s7cd1:20260912:1:79:outlier_mask_uniform,14763739034978810363,s7cd1:20260912:1:79:outlier_direction,12119715599695985595
poorly_conditioned,1,80,20260912,whole_base_sequence,s7cd1:20260912:1:80:truth,16183667903398547009,s7cd1:20260912:1:80:nominal_bearing_noise,6733021937967025833,s7cd1:20260912:1:80:transport_loss_uniform,11818601761564687222,s7cd1:20260912:1:80:transport_delay_uniform,5192574833361152812,s7cd1:20260912:1:80:outlier_mask_uniform,6920483249433698650,s7cd1:20260912:1:80:outlier_direction,1426130273713912023
poorly_conditioned,1,81,20260912,whole_base_sequence,s7cd1:20260912:1:81:truth,8518529602467013240,s7cd1:20260912:1:81:nominal_bearing_noise,7163393455470621762,s7cd1:20260912:1:81:transport_loss_uniform,17598032970885152807,s7cd1:20260912:1:81:transport_delay_uniform,13554501072595783382,s7cd1:20260912:1:81:outlier_mask_uniform,5406269352879622532,s7cd1:20260912:1:81:outlier_direction,13948067394666011568
poorly_conditioned,1,82,20260912,whole_base_sequence,s7cd1:20260912:1:82:truth,10580988823126271464,s7cd1:20260912:1:82:nominal_bearing_noise,13898111662796114375,s7cd1:20260912:1:82:transport_loss_uniform,12699152889127450016,s7cd1:20260912:1:82:transport_delay_uniform,3913023214747917526,s7cd1:20260912:1:82:outlier_mask_uniform,14426901010544008186,s7cd1:20260912:1:82:outlier_direction,17816779088092738607
poorly_conditioned,1,83,20260912,whole_base_sequence,s7cd1:20260912:1:83:truth,1858372925641303973,s7cd1:20260912:1:83:nominal_bearing_noise,13559482908592780119,s7cd1:20260912:1:83:transport_loss_uniform,11151644782386016981,s7cd1:20260912:1:83:transport_delay_uniform,14592610469860618785,s7cd1:20260912:1:83:outlier_mask_uniform,2014839538312122130,s7cd1:20260912:1:83:outlier_direction,6626789086606083066
poorly_conditioned,1,84,20260912,whole_base_sequence,s7cd1:20260912:1:84:truth,16667156264029369403,s7cd1:20260912:1:84:nominal_bearing_noise,2123264250262102867,s7cd1:20260912:1:84:transport_loss_uniform,11215976905468354165,s7cd1:20260912:1:84:transport_delay_uniform,4833914984341747231,s7cd1:20260912:1:84:outlier_mask_uniform,4146432554784104577,s7cd1:20260912:1:84:outlier_direction,7068645259197201094
poorly_conditioned,1,85,20260912,whole_base_sequence,s7cd1:20260912:1:85:truth,14415244094984217517,s7cd1:20260912:1:85:nominal_bearing_noise,2264651480881357090,s7cd1:20260912:1:85:transport_loss_uniform,15498219437699315887,s7cd1:20260912:1:85:transport_delay_uniform,6303771072076538136,s7cd1:20260912:1:85:outlier_mask_uniform,18122040734317010495,s7cd1:20260912:1:85:outlier_direction,15687729129849276872
poorly_conditioned,1,86,20260912,whole_base_sequence,s7cd1:20260912:1:86:truth,3917132623006461635,s7cd1:20260912:1:86:nominal_bearing_noise,8668932992040570539,s7cd1:20260912:1:86:transport_loss_uniform,12088964661965043276,s7cd1:20260912:1:86:transport_delay_uniform,7983649096610411571,s7cd1:20260912:1:86:outlier_mask_uniform,7656286806333410536,s7cd1:20260912:1:86:outlier_direction,16742486646465549304
poorly_conditioned,1,87,20260912,whole_base_sequence,s7cd1:20260912:1:87:truth,12057240352834060942,s7cd1:20260912:1:87:nominal_bearing_noise,11550755965036462869,s7cd1:20260912:1:87:transport_loss_uniform,18353880471026109848,s7cd1:20260912:1:87:transport_delay_uniform,15271428409662452665,s7cd1:20260912:1:87:outlier_mask_uniform,310385948449579790,s7cd1:20260912:1:87:outlier_direction,12729163096772242061
poorly_conditioned,1,88,20260912,whole_base_sequence,s7cd1:20260912:1:88:truth,9443029611500541470,s7cd1:20260912:1:88:nominal_bearing_noise,2544578983300959467,s7cd1:20260912:1:88:transport_loss_uniform,11247995642803087916,s7cd1:20260912:1:88:transport_delay_uniform,4081961474316516909,s7cd1:20260912:1:88:outlier_mask_uniform,12005664838730883123,s7cd1:20260912:1:88:outlier_direction,14545857035085834142
poorly_conditioned,1,89,20260912,whole_base_sequence,s7cd1:20260912:1:89:truth,1047206651543068756,s7cd1:20260912:1:89:nominal_bearing_noise,1179918930752158172,s7cd1:20260912:1:89:transport_loss_uniform,4593012480724498118,s7cd1:20260912:1:89:transport_delay_uniform,11488696918947231783,s7cd1:20260912:1:89:outlier_mask_uniform,10932035939351595147,s7cd1:20260912:1:89:outlier_direction,3432494628340196484
poorly_conditioned,1,90,20260912,whole_base_sequence,s7cd1:20260912:1:90:truth,12434134147497131847,s7cd1:20260912:1:90:nominal_bearing_noise,15838931132551562558,s7cd1:20260912:1:90:transport_loss_uniform,7862780839770720913,s7cd1:20260912:1:90:transport_delay_uniform,2916404180723232794,s7cd1:20260912:1:90:outlier_mask_uniform,11146077962625443278,s7cd1:20260912:1:90:outlier_direction,8065027314475185764
poorly_conditioned,1,91,20260912,whole_base_sequence,s7cd1:20260912:1:91:truth,17732264480751259442,s7cd1:20260912:1:91:nominal_bearing_noise,9284333425675657806,s7cd1:20260912:1:91:transport_loss_uniform,997429698335573475,s7cd1:20260912:1:91:transport_delay_uniform,4889803900595667062,s7cd1:20260912:1:91:outlier_mask_uniform,12652205727832342116,s7cd1:20260912:1:91:outlier_direction,15476249686181371910
poorly_conditioned,1,92,20260912,whole_base_sequence,s7cd1:20260912:1:92:truth,5690982417942670349,s7cd1:20260912:1:92:nominal_bearing_noise,8861553871639994517,s7cd1:20260912:1:92:transport_loss_uniform,3519405646896075022,s7cd1:20260912:1:92:transport_delay_uniform,7267229449970712517,s7cd1:20260912:1:92:outlier_mask_uniform,2913677447898400436,s7cd1:20260912:1:92:outlier_direction,12132642046040955610
poorly_conditioned,1,93,20260912,whole_base_sequence,s7cd1:20260912:1:93:truth,14899896953102142215,s7cd1:20260912:1:93:nominal_bearing_noise,6227382226756510319,s7cd1:20260912:1:93:transport_loss_uniform,5029733032123440248,s7cd1:20260912:1:93:transport_delay_uniform,7694412892603800385,s7cd1:20260912:1:93:outlier_mask_uniform,17506535745353417052,s7cd1:20260912:1:93:outlier_direction,7376006843216990781
poorly_conditioned,1,94,20260912,whole_base_sequence,s7cd1:20260912:1:94:truth,15826420615563821117,s7cd1:20260912:1:94:nominal_bearing_noise,9366567049117885289,s7cd1:20260912:1:94:transport_loss_uniform,15329510263710179231,s7cd1:20260912:1:94:transport_delay_uniform,3368921166545567143,s7cd1:20260912:1:94:outlier_mask_uniform,10713538196463923113,s7cd1:20260912:1:94:outlier_direction,9237415297990927208
poorly_conditioned,1,95,20260912,whole_base_sequence,s7cd1:20260912:1:95:truth,8437245935801601950,s7cd1:20260912:1:95:nominal_bearing_noise,16200969103082539614,s7cd1:20260912:1:95:transport_loss_uniform,4994012111848469048,s7cd1:20260912:1:95:transport_delay_uniform,9452657857787101599,s7cd1:20260912:1:95:outlier_mask_uniform,12094321126623913227,s7cd1:20260912:1:95:outlier_direction,17378623595926931943
poorly_conditioned,1,96,20260912,whole_base_sequence,s7cd1:20260912:1:96:truth,11025110221346292791,s7cd1:20260912:1:96:nominal_bearing_noise,1751125132518083519,s7cd1:20260912:1:96:transport_loss_uniform,5342140044039258939,s7cd1:20260912:1:96:transport_delay_uniform,1116075668628525937,s7cd1:20260912:1:96:outlier_mask_uniform,9131186518917191932,s7cd1:20260912:1:96:outlier_direction,15093109865022578095
poorly_conditioned,1,97,20260912,whole_base_sequence,s7cd1:20260912:1:97:truth,683958956006974239,s7cd1:20260912:1:97:nominal_bearing_noise,17013545637318129861,s7cd1:20260912:1:97:transport_loss_uniform,8781719530659031975,s7cd1:20260912:1:97:transport_delay_uniform,14507279505246646245,s7cd1:20260912:1:97:outlier_mask_uniform,18152375871969641504,s7cd1:20260912:1:97:outlier_direction,10609608790140505665
poorly_conditioned,1,98,20260912,whole_base_sequence,s7cd1:20260912:1:98:truth,9505584336976473940,s7cd1:20260912:1:98:nominal_bearing_noise,15506859724617238780,s7cd1:20260912:1:98:transport_loss_uniform,11211537295032136345,s7cd1:20260912:1:98:transport_delay_uniform,9198644357847841571,s7cd1:20260912:1:98:outlier_mask_uniform,4567031257960741508,s7cd1:20260912:1:98:outlier_direction,5332682839006236589
poorly_conditioned,1,99,20260912,whole_base_sequence,s7cd1:20260912:1:99:truth,15400170521134940562,s7cd1:20260912:1:99:nominal_bearing_noise,13761510397202079057,s7cd1:20260912:1:99:transport_loss_uniform,3257852630088798578,s7cd1:20260912:1:99:transport_delay_uniform,10680431277399748660,s7cd1:20260912:1:99:outlier_mask_uniform,17464416690900117783,s7cd1:20260912:1:99:outlier_direction,9981669865719645533
