geometry,profile,variant,independent_sequence_count,dependent_event_count,initialization_success_count,initialization_success_fraction,initialization_success_ci95_low,initialization_success_ci95_high,mean_initialization_time_s,final_valid_count,final_invalid_count,final_valid_fraction,final_valid_fraction_ci95_low,final_valid_fraction_ci95_high,final_failure_reason_counts,conditional_position_rmse_m,conditional_position_p95_m,conditional_velocity_rmse_mps,conditional_velocity_p95_mps,conditional_metric_valid_denominator,total_sequence_denominator,conditional_state_95_coverage_fraction,conditional_state_95_coverage_ci95_low,conditional_state_95_coverage_ci95_high,unconditional_valid_and_covered_fraction,unconditional_valid_and_covered_ci95_low,unconditional_valid_and_covered_ci95_high,delivered_clean_event_count,false_rejected_clean_event_count,false_rejected_clean_event_fraction,delivered_outlier_event_count,detected_outlier_event_count,detected_outlier_event_fraction,missed_outlier_event_count,missed_outlier_event_fraction,unclassified_outlier_event_count,mean_pre_update_nis_all_attempts,pre_update_nis_defined_count,pre_update_nis_rejected_count,mean_initialization_runtime_s,mean_measurement_update_runtime_s,mean_total_processing_runtime_s,maximum_covariance_symmetry_error,minimum_covariance_eigenvalue,maximum_covariance_condition_number,paired_valid_fraction_difference_vs_c1,paired_valid_fraction_difference_ci95_low,paired_valid_fraction_difference_ci95_high,paired_unconditional_coverage_difference_vs_c1,paired_unconditional_coverage_difference_ci95_low,paired_unconditional_coverage_difference_ci95_high,paired_conditional_position_rmse_difference_vs_c1_m,paired_position_rmse_difference_ci95_low_m,paired_position_rmse_difference_ci95_high_m,paired_conditional_velocity_rmse_difference_vs_c1_mps,paired_velocity_rmse_difference_ci95_low_mps,paired_velocity_rmse_difference_ci95_high_mps,paired_mean_false_rejection_rate_difference_vs_c1,paired_false_rejection_rate_difference_ci95_low,paired_false_rejection_rate_difference_ci95_high,paired_bootstrap_resample_count,paired_bootstrap_unit,p95_method,outlier_truth_used_by_estimator,covariance_after_selection_assumed_calibrated
informative,nominal,c1_baseline,100,4500,100,1.0,0.9630065017930143,1.0,1.9422692923708866,100,0,1.0,0.9630065017930143,1.0,{},0.758719771239699,1.399700790174876,0.07517653481313069,0.1354070516161919,100,100,0.92,0.8500189229905127,0.9589065385156194,0.92,0.8500189229905127,0.9589065385156194,4500,0,0.0,0,0,nan,0,nan,0,1.9858285568436553,3900,0,0.037979497001506386,0.020580774976406247,0.09105898798443376,0.0,6.822857559908319e-05,4820.98134493889,0.0,0.0,0.0,0.0,0.0,0.0,0.0,0.0,0.0,0.0,0.0,0.0,0.0,0.0,0.0,2000,whole_base_sequence,linear,False,False
informative,nominal,robust_initialization_only,100,4500,100,1.0,0.9630065017930143,1.0,1.9422692923708866,100,0,1.0,0.9630065017930143,1.0,{},0.758719771239699,1.399700790174876,0.07517653481313069,0.1354070516161919,100,100,0.92,0.8500189229905127,0.9589065385156194,0.92,0.8500189229905127,0.9589065385156194,4500,0,0.0,0,0,nan,0,nan,0,1.9858285568436553,3900,0,0.07737610399781261,0.020446091010817326,0.13011312399059535,0.0,6.822857559908319e-05,4820.98134493889,0.0,0.0,0.0,0.0,0.0,0.0,0.0,0.0,0.0,0.0,0.0,0.0,0.0,0.0,0.0,2000,whole_base_sequence,linear,False,False
informative,nominal,nis_gate_only,100,4500,100,1.0,0.9630065017930143,1.0,1.9422692923708866,100,0,1.0,0.9630065017930143,1.0,{},0.7704837696970688,1.4733418010620238,0.07557089397148416,0.1354070516161919,100,100,0.9,0.8256343384950865,0.9447708629393249,0.9,0.8256343384950865,0.9447708629393249,4500,37,0.008222222222222223,0,0,nan,0,nan,0,2.0064688184535244,3900,37,0.038402977998484855,0.02037537600728683,0.09073311600484885,0.0,6.822857559908319e-05,4832.337217021795,0.0,0.0,0.0,-0.020000000000000018,-0.05,0.0,0.011763998457369751,-0.001639428739163759,0.026464912255574978,0.00039435915835346613,-0.0008367852877907932,0.0015202069618346788,0.008222222222222223,0.005555555555555556,0.011111111111111112,2000,whole_base_sequence,linear,False,False
informative,nominal,robust_combined,100,4500,100,1.0,0.9630065017930143,1.0,1.9422692923708866,100,0,1.0,0.9630065017930143,1.0,{},0.7704837696970688,1.4733418010620238,0.07557089397148416,0.1354070516161919,100,100,0.9,0.8256343384950865,0.9447708629393249,0.9,0.8256343384950865,0.9447708629393249,4500,37,0.008222222222222223,0,0,nan,0,nan,0,2.0064688184535244,3900,37,0.0765339849999873,0.020246160029782915,0.12869321500882505,0.0,6.822857559908319e-05,4832.337217021795,0.0,0.0,0.0,-0.020000000000000018,-0.05,0.0,0.011763998457369751,-0.002087917631219227,0.026490905879973214,0.00039435915835346613,-0.0008630865216687232,0.0016036131838299771,0.008222222222222223,0.005555555555555556,0.011555555555555555,2000,whole_base_sequence,linear,False,False
informative,dropout_20,c1_baseline,100,3599,100,1.0,0.9630065017930143,1.0,2.439093556428955,100,0,1.0,0.9630065017930143,1.0,{},0.8906500043566081,1.6363070681737442,0.0873016391075016,0.15697614996166553,100,100,0.93,0.8625048526092651,0.9656807389327273,0.93,0.8625048526092651,0.9656807389327273,3599,0,0.0,0,0,nan,0,nan,0,2.008141056345554,2999,0,0.0388733050058363,0.015857268991530872,0.077045988010359,0.0,7.908668770437048e-05,5925.811243592117,0.0,0.0,0.0,0.0,0.0,0.0,0.0,0.0,0.0,0.0,0.0,0.0,0.0,0.0,0.0,2000,whole_base_sequence,linear,False,False
informative,dropout_20,robust_initialization_only,100,3599,100,1.0,0.9630065017930143,1.0,2.439093556428955,100,0,1.0,0.9630065017930143,1.0,{},0.8906500043566081,1.6363070681737442,0.0873016391075016,0.15697614996166553,100,100,0.93,0.8625048526092651,0.9656807389327273,0.93,0.8625048526092651,0.9656807389327273,3599,0,0.0,0,0,nan,0,nan,0,2.008141056345554,2999,0,0.07945202499860898,0.015830239005153998,0.11751511998067145,0.0,7.908668770437048e-05,5925.811243592117,0.0,0.0,0.0,0.0,0.0,0.0,0.0,0.0,0.0,0.0,0.0,0.0,0.0,0.0,0.0,2000,whole_base_sequence,linear,False,False
informative,dropout_20,nis_gate_only,100,3599,100,1.0,0.9630065017930143,1.0,2.439093556428955,100,0,1.0,0.9630065017930143,1.0,{},0.9109612780379707,1.6638574512381918,0.08829807704779088,0.15697614996166553,100,100,0.92,0.8500189229905127,0.9589065385156194,0.92,0.8500189229905127,0.9589065385156194,3599,32,0.008891358710752986,0,0,nan,0,nan,0,2.0477999838124434,2999,32,0.03930836699903011,0.015867040000739508,0.0774149669992039,0.0,7.915585885914836e-05,5942.389448612046,0.0,0.0,0.0,-0.010000000000000009,-0.03,0.0,0.02031127368136254,-0.0038243019897490236,0.05215469897351385,0.0009964379402892798,-0.0005699062677668194,0.00301676281917936,0.008917815474505496,0.0049711298822360086,0.014181049011391379,2000,whole_base_sequence,linear,False,False
informative,dropout_20,robust_combined,100,3599,100,1.0,0.9630065017930143,1.0,2.439093556428955,100,0,1.0,0.9630065017930143,1.0,{},0.9109612780379707,1.6638574512381918,0.08829807704779088,0.15697614996166553,100,100,0.92,0.8500189229905127,0.9589065385156194,0.92,0.8500189229905127,0.9589065385156194,3599,32,0.008891358710752986,0,0,nan,0,nan,0,2.0477999838124434,2999,32,0.07828182099910919,0.015523898999672383,0.1156298780196812,0.0,7.915585885914836e-05,5942.389448612046,0.0,0.0,0.0,-0.010000000000000009,-0.03,0.0,0.02031127368136254,-0.004013543173346473,0.05121796632103169,0.0009964379402892798,-0.0005616667048954332,0.002906720899095133,0.008917815474505496,0.005000928098694189,0.01402689191671223,2000,whole_base_sequence,linear,False,False
informative,dropout_50,c1_baseline,100,2223,100,1.0,0.9630065017930143,1.0,3.7157170893437046,100,0,1.0,0.9630065017930143,1.0,{},1.1875384806134397,1.9642557180725828,0.11671244171596495,0.19106845321127514,100,100,0.94,0.8752318455410406,0.9722138760368118,0.94,0.8752318455410406,0.9722138760368118,2223,0,0.0,0,0,nan,0,nan,0,2.012384437107011,1623,0,0.038679782994440755,0.00844926200574264,0.05732703200890683,0.0,0.0001019706810968422,11158.833321467519,0.0,0.0,0.0,0.0,0.0,0.0,0.0,0.0,0.0,0.0,0.0,0.0,0.0,0.0,0.0,2000,whole_base_sequence,linear,False,False
informative,dropout_50,robust_initialization_only,100,2223,100,1.0,0.9630065017930143,1.0,3.7157170893437046,100,0,1.0,0.9630065017930143,1.0,{},1.1875384806134397,1.9642557180725828,0.11671244171596495,0.19106845321127514,100,100,0.94,0.8752318455410406,0.9722138760368118,0.94,0.8752318455410406,0.9722138760368118,2223,0,0.0,0,0,nan,0,nan,0,2.012384437107011,1623,0,0.07829643399745692,0.008446350997546688,0.09685401500901207,0.0,0.0001019706810968422,11158.833321467519,0.0,0.0,0.0,0.0,0.0,0.0,0.0,0.0,0.0,0.0,0.0,0.0,0.0,0.0,0.0,2000,whole_base_sequence,linear,False,False
informative,dropout_50,nis_gate_only,100,2223,100,1.0,0.9630065017930143,1.0,3.7157170893437046,100,0,1.0,0.9630065017930143,1.0,{},1.24137250446066,2.269059532969313,0.11985161239464216,0.21414418767781107,100,100,0.93,0.8625048526092651,0.9656807389327273,0.93,0.8625048526092651,0.9656807389327273,2223,29,0.013045434098065677,0,0,nan,0,nan,0,2.0822504887988895,1623,29,0.03970435900206212,0.00853902199305594,0.058421729000401684,0.0,0.0001019706810968422,12233.295149551854,0.0,0.0,0.0,-0.009999999999999898,-0.03,0.0,0.05383402384722036,0.009880509578494462,0.11033698992403053,0.0031391706786772083,0.00021392836719904204,0.006752167656759263,0.0130750241958278,0.008387943155242926,0.018836432375362578,2000,whole_base_sequence,linear,False,False
informative,dropout_50,robust_combined,100,2223,100,1.0,0.9630065017930143,1.0,3.7157170893437046,100,0,1.0,0.9630065017930143,1.0,{},1.24137250446066,2.269059532969313,0.11985161239464216,0.21414418767781107,100,100,0.93,0.8625048526092651,0.9656807389327273,0.93,0.8625048526092651,0.9656807389327273,2223,29,0.013045434098065677,0,0,nan,0,nan,0,2.0822504887988895,1623,29,0.08006562900030985,0.008468939009471797,0.0986957560153678,0.0,0.0001019706810968422,12233.295149551854,0.0,0.0,0.0,-0.009999999999999898,-0.03,0.0,0.05383402384722036,0.009903891388886355,0.11008287021705344,0.0031391706786772083,0.00024322368461258959,0.007040544526766827,0.0130750241958278,0.008023607525988566,0.018810285197059656,2000,whole_base_sequence,linear,False,False
informative,one_station_gap,c1_baseline,100,4000,100,1.0,0.9630065017930143,1.0,1.9422692923708866,100,0,1.0,0.9630065017930143,1.0,{},0.816777663530462,1.4763067412852853,0.0780631784895787,0.14054698064664284,100,100,0.93,0.8625048526092651,0.9656807389327273,0.93,0.8625048526092651,0.9656807389327273,4000,0,0.0,0,0,nan,0,nan,0,1.9671503333989553,3400,0,0.038305717006442135,0.017696149984840304,0.08216414699563757,0.0,9.913815721537311e-05,3934.044095495554,0.0,0.0,0.0,0.0,0.0,0.0,0.0,0.0,0.0,0.0,0.0,0.0,0.0,0.0,0.0,2000,whole_base_sequence,linear,False,False
informative,one_station_gap,robust_initialization_only,100,4000,100,1.0,0.9630065017930143,1.0,1.9422692923708866,100,0,1.0,0.9630065017930143,1.0,{},0.816777663530462,1.4763067412852853,0.0780631784895787,0.14054698064664284,100,100,0.93,0.8625048526092651,0.9656807389327273,0.93,0.8625048526092651,0.9656807389327273,4000,0,0.0,0,0,nan,0,nan,0,1.9671503333989553,3400,0,0.07723800000210758,0.0177403670019703,0.1212656189664267,0.0,9.913815721537311e-05,3934.044095495554,0.0,0.0,0.0,0.0,0.0,0.0,0.0,0.0,0.0,0.0,0.0,0.0,0.0,0.0,0.0,2000,whole_base_sequence,linear,False,False
informative,one_station_gap,nis_gate_only,100,4000,100,1.0,0.9630065017930143,1.0,1.9422692923708866,100,0,1.0,0.9630065017930143,1.0,{},0.8338417083304305,1.5840195664176147,0.0788585476224708,0.14308737486775422,100,100,0.93,0.8625048526092651,0.9656807389327273,0.93,0.8625048526092651,0.9656807389327273,4000,30,0.0075,0,0,nan,0,nan,0,1.9887344431722083,3400,30,0.03923343600006774,0.01827869500149973,0.08446323401352857,0.0,9.913815721537311e-05,4317.276170050174,0.0,0.0,0.0,0.0,0.0,0.0,0.01706404479996848,4.48429288280458e-05,0.03767382349967389,0.0007953691328921042,-0.00028242857705174264,0.002021650476542098,0.0075000000000000015,0.004750000000000001,0.010250000000000002,2000,whole_base_sequence,linear,False,False
informative,one_station_gap,robust_combined,100,4000,100,1.0,0.9630065017930143,1.0,1.9422692923708866,100,0,1.0,0.9630065017930143,1.0,{},0.8338417083304305,1.5840195664176147,0.0788585476224708,0.14308737486775422,100,100,0.93,0.8625048526092651,0.9656807389327273,0.93,0.8625048526092651,0.9656807389327273,4000,30,0.0075,0,0,nan,0,nan,0,1.9887344431722083,3400,30,0.0810743979999097,0.01835186499694828,0.12661302400461863,0.0,9.913815721537311e-05,4317.276170050174,0.0,0.0,0.0,0.0,0.0,0.0,0.01706404479996848,0.00035014928155410475,0.037587510997037325,0.0007953691328921042,-0.0002497199089502536,0.0020330281141401935,0.0075000000000000015,0.004750000000000001,0.010249999999999999,2000,whole_base_sequence,linear,False,False
informative,all_station_gap,c1_baseline,100,2900,100,1.0,0.9630065017930143,1.0,1.9422692923708866,100,0,1.0,0.9630065017930143,1.0,{},0.8196986650636924,1.424260109158516,0.07819657382582301,0.14185393056038023,100,100,0.95,0.8882495307680808,0.9784563208456319,0.95,0.8882495307680808,0.9784563208456319,2900,0,0.0,0,0,nan,0,nan,0,1.9420898611328605,2300,0,0.039418753002537416,0.012561100017046556,0.06818878799036611,0.0,0.00012187906798632024,3454.890127665463,0.0,0.0,0.0,0.0,0.0,0.0,0.0,0.0,0.0,0.0,0.0,0.0,0.0,0.0,0.0,2000,whole_base_sequence,linear,False,False
informative,all_station_gap,robust_initialization_only,100,2900,100,1.0,0.9630065017930143,1.0,1.9422692923708866,100,0,1.0,0.9630065017930143,1.0,{},0.8196986650636924,1.424260109158516,0.07819657382582301,0.14185393056038023,100,100,0.95,0.8882495307680808,0.9784563208456319,0.95,0.8882495307680808,0.9784563208456319,2900,0,0.0,0,0,nan,0,nan,0,1.9420898611328605,2300,0,0.07992149700294249,0.012225184004637412,0.1079070039925864,0.0,0.00012187906798632024,3454.890127665463,0.0,0.0,0.0,0.0,0.0,0.0,0.0,0.0,0.0,0.0,0.0,0.0,0.0,0.0,0.0,2000,whole_base_sequence,linear,False,False
informative,all_station_gap,nis_gate_only,100,2900,100,1.0,0.9630065017930143,1.0,1.9422692923708866,100,0,1.0,0.9630065017930143,1.0,{},0.8305157793246111,1.424260109158516,0.07894969128186678,0.14185393056038023,100,100,0.95,0.8882495307680808,0.9784563208456319,0.95,0.8882495307680808,0.9784563208456319,2900,17,0.0058620689655172415,0,0,nan,0,nan,0,1.9585860434347804,2300,17,0.0391782790038269,0.012414873999659903,0.06758279299887363,0.0,0.00012187906798632024,3454.890127665463,0.0,0.0,0.0,0.0,0.0,0.0,0.010817114260918692,-0.0023253917975332994,0.026387131036416288,0.0007531174560437698,-0.0002280216198210297,0.0018339891513593355,0.005862068965517242,0.0031034482758620693,0.00896551724137931,2000,whole_base_sequence,linear,False,False
informative,all_station_gap,robust_combined,100,2900,100,1.0,0.9630065017930143,1.0,1.9422692923708866,100,0,1.0,0.9630065017930143,1.0,{},0.8305157793246111,1.424260109158516,0.07894969128186678,0.14185393056038023,100,100,0.95,0.8882495307680808,0.9784563208456319,0.95,0.8882495307680808,0.9784563208456319,2900,17,0.0058620689655172415,0,0,nan,0,nan,0,1.9585860434347804,2300,17,0.07942385799600743,0.012351692010997794,0.10771093698684125,0.0,0.00012187906798632024,3454.890127665463,0.0,0.0,0.0,0.0,0.0,0.0,0.010817114260918692,-0.002010626759481551,0.026135381011163042,0.0007531174560437698,-0.0002908432461354374,0.0019015051240924374,0.005862068965517242,0.003448275862068965,0.00896551724137931,2000,whole_base_sequence,linear,False,False
informative,long_delay,c1_baseline,100,4500,100,1.0,0.9630065017930143,1.0,2.8700616949588578,100,0,1.0,0.9630065017930143,1.0,{},0.759169108276206,1.4051477027083938,0.07521764612320563,0.13573264897473508,100,100,0.92,0.8500189229905127,0.9589065385156194,0.92,0.8500189229905127,0.9589065385156194,4500,0,0.0,0,0,nan,0,nan,0,1.9844020740511148,3900,0,0.039386915999930355,0.021059828998986632,0.09314648298372048,0.0,6.871666784614477e-05,4822.344635147849,0.0,0.0,0.0,0.0,0.0,0.0,0.0,0.0,0.0,0.0,0.0,0.0,0.0,0.0,0.0,2000,whole_base_sequence,linear,False,False
informative,long_delay,robust_initialization_only,100,4500,100,1.0,0.9630065017930143,1.0,2.8729526702756165,100,0,1.0,0.9630065017930143,1.0,{},0.7600158459033717,1.4051477027083938,0.07532545314946236,0.13573264897473508,100,100,0.92,0.8500189229905127,0.9589065385156194,0.92,0.8500189229905127,0.9589065385156194,4500,1,0.00022222222222222223,0,0,nan,0,nan,0,1.9836649069793784,3899,0,0.08218194399785717,0.02094670499674976,0.13623465598735493,0.0,6.871666784614477e-05,4822.344635147849,0.0,0.0,0.0,0.0,0.0,0.0,0.0008467376271656946,0.0,0.0028496264846198543,0.00010780702625673433,0.0,0.0003451230403989767,0.00022222222222222223,0.0,0.0006666666666666666,2000,whole_base_sequence,linear,False,False
informative,long_delay,nis_gate_only,100,4500,100,1.0,0.9630065017930143,1.0,2.8700616949588578,100,0,1.0,0.9630065017930143,1.0,{},0.7737902576395842,1.4788789960620754,0.07635410122805904,0.13573264897473508,100,100,0.89,0.8136870349691969,0.9374580364293543,0.89,0.8136870349691969,0.9374580364293543,4500,35,0.0077777777777777776,0,0,nan,0,nan,0,2.0003090129371963,3900,35,0.0407698800007347,0.020891205985099078,0.09458012698101811,0.0,6.871666784614477e-05,4828.174419215288,0.0,0.0,0.0,-0.030000000000000027,-0.07,0.0,0.014621149363378216,0.0005307041907429284,0.029432663265771975,0.0011364551048534122,-0.00011956417857860759,0.002290700991727445,0.007777777777777779,0.005333333333333333,0.010666666666666666,2000,whole_base_sequence,linear,False,False
informative,long_delay,robust_combined,100,4500,100,1.0,0.9630065017930143,1.0,2.8729526702756165,100,0,1.0,0.9630065017930143,1.0,{},0.7746210130646224,1.4788789960620754,0.07646030589920985,0.13573264897473508,100,100,0.89,0.8136870349691969,0.9374580364293543,0.89,0.8136870349691969,0.9374580364293543,4500,36,0.008,0,0,nan,0,nan,0,1.9995759256138275,3899,35,0.08244903500017245,0.020933524991269225,0.13638379902695305,0.0,6.871666784614477e-05,4828.174419215288,0.0,0.0,0.0,-0.030000000000000027,-0.07,0.0,0.015451904788416404,0.0017554663443632213,0.030516356071799,0.0012426597760042263,0.0001027094053783168,0.002445013276445662,0.008,0.005555555555555556,0.010888888888888885,2000,whole_base_sequence,linear,False,False
informative,outlier_mild,c1_baseline,100,4500,100,1.0,0.9630065017930143,1.0,1.9422692923708866,100,0,1.0,0.9630065017930143,1.0,{},1.7413221414081124,3.5494953725285274,0.17194715091558524,0.31036494816348315,100,100,0.21,0.141656540619153,0.29979968834089865,0.21,0.141656540619153,0.29979968834089865,4278,0,0.0,222,0,0.0,222,1.0,0,11.317537809127687,3900,0,0.03967336500354577,0.0213403679971816,0.09508554799773265,0.0,6.954376069093585e-05,4932.654167974555,0.0,0.0,0.0,0.0,0.0,0.0,0.0,0.0,0.0,0.0,0.0,0.0,0.0,0.0,0.0,2000,whole_base_sequence,linear,False,False
informative,outlier_mild,robust_initialization_only,100,4500,100,1.0,0.9630065017930143,1.0,2.0967444069427854,100,0,1.0,0.9630065017930143,1.0,{},1.62273297790812,3.3368318236811416,0.14891684778640724,0.2812400124091379,100,100,0.27,0.1926958414957634,0.36432116767944994,0.27,0.1926958414957634,0.36432116767944994,4278,3,0.0007012622720897616,222,35,0.15765765765765766,187,0.8423423423423423,0,10.70589840327114,3862,0,0.20411249999713618,0.02085771397687495,0.2580546169774607,0.0,6.954376069093585e-05,4921.451137462515,0.0,0.0,0.0,0.060000000000000026,0.0,0.12,-0.11858916349999227,-0.2660213345944816,0.018636597765943043,-0.023030303129178004,-0.040006232720951926,-0.00628175004661506,0.000726460578559274,0.0,0.0016680374361883155,2000,whole_base_sequence,linear,False,False
informative,outlier_mild,nis_gate_only,100,4500,100,1.0,0.9630065017930143,1.0,1.9422692923708866,100,0,1.0,0.9630065017930143,1.0,{},33.60348545334933,84.04802285317868,2.4855954902323925,6.296820944590058,100,100,0.63,0.5322052958094291,0.7181763946567546,0.63,0.5322052958094291,0.7181763946567546,4278,878,0.20523609163160356,222,184,0.8288288288288288,38,0.17117117117117117,0,37.787001398875454,3900,1062,0.03976302099647001,0.021032847994356417,0.0895220279804198,0.0,6.932053904856424e-05,647979.55092778,0.0,0.0,0.0,0.42000000000000004,0.32,0.52,31.862163311941217,23.935763229949828,38.87227144171457,2.3136483393168072,1.7471728661907857,2.8481828213987264,0.20987524451662284,0.1441454334665303,0.27797207484486264,2000,whole_base_sequence,linear,False,False
informative,outlier_mild,robust_combined,100,4500,100,1.0,0.9630065017930143,1.0,2.0967444069427854,100,0,1.0,0.9630065017930143,1.0,{},13.320874308861013,1.7469159085436705,0.9607553579522914,0.1678973317185608,100,100,0.89,0.8136870349691969,0.9374580364293543,0.89,0.8136870349691969,0.9374580364293543,4278,141,0.03295932678821879,222,217,0.9774774774774775,5,0.02252252252252252,0,11.18231851930528,3862,320,0.20337427500111516,0.021062498005921953,0.25636523100198244,0.0,6.932053904856424e-05,329717.84331844305,0.0,0.0,0.0,0.68,0.59,0.76,11.579552167452901,0.1830111926471861,20.17598227564592,0.7888082070367062,-0.01742821099793125,1.3964646341488491,0.03412659550067378,0.011022282708782992,0.06397680312140748,2000,whole_base_sequence,linear,False,False
informative,outlier_strong,c1_baseline,100,4500,46,0.46,0.36560808309024106,0.5573513967663177,1.9464382101382651,46,54,0.46,0.36560808309024106,0.5573513967663177,"{""initialization_failed:initialization_quality_gate_failed"": 40, ""initialization_failed:projected_kkt_not_satisfied"": 14}",8.471795965109663,14.11358954723534,0.7630841949578056,1.2378513452686297,46,100,0.0,0.0,0.07707356308558039,0.0,0.0,0.03699349820698568,4045,0,0.0,455,0,0.0,174,0.3824175824175824,281,288.6964199476075,1794,0,3.585029595999513,0.010079058999544942,3.627012235976872,0.0,4.9224430154609464e-05,7591.986861078965,0.0,0.0,0.0,0.0,0.0,0.0,0.0,0.0,0.0,0.0,0.0,0.0,0.0,0.0,0.0,2000,whole_base_sequence,linear,False,False
informative,outlier_strong,robust_initialization_only,100,4500,100,1.0,0.9630065017930143,1.0,2.2382204179463114,100,0,1.0,0.9630065017930143,1.0,{},7.805926673164639,14.137566734916621,0.7063647430863833,1.2426499535650182,100,100,0.01,0.0017674320641406505,0.054486196178705315,0.01,0.0017674320641406505,0.054486196178705315,4045,1,0.00024721878862793575,455,80,0.17582417582417584,375,0.8241758241758241,0,284.2217223586607,3819,0,0.6757502099970588,0.020511706988327206,0.728824365985347,0.0,4.9224430154609464e-05,7591.986861078965,0.54,0.45,0.64,0.01,0.0,0.03,-0.6658692919450244,-1.425495463612684,0.1285043296708278,-0.056719451871422244,-0.12456712134650545,0.016567270903545903,0.0002702702702702703,0.0,0.0008108108108108109,2000,whole_base_sequence,linear,False,False
informative,outlier_strong,nis_gate_only,100,4500,46,0.46,0.36560808309024106,0.5573513967663177,1.9464382101382651,46,54,0.46,0.36560808309024106,0.5573513967663177,"{""initialization_failed:initialization_quality_gate_failed"": 40, ""initialization_failed:projected_kkt_not_satisfied"": 14}",71.50572439821411,1.5752453033554163,5.112023393433064,0.15683120585077967,46,100,0.8695652173913043,0.74334142220927,0.9388215963796489,0.4,0.3094012864324589,0.4979974132089382,4045,80,0.019777503090234856,455,172,0.378021978021978,2,0.004395604395604396,281,353.0385265150906,1794,252,3.494863987021381,0.009849579010624438,3.5347624600038396,0.0,7.044836149746231e-05,726673.1558461296,0.0,0.0,0.0,0.4,0.31,0.5,63.03392843310445,-8.206918898572894,106.61920949210197,4.348939198475258,-0.732907542609749,7.706588320529582,0.01949738108315742,0.001239799033424209,0.04619330288116765,2000,whole_base_sequence,linear,False,False
informative,outlier_strong,robust_combined,100,4500,100,1.0,0.9630065017930143,1.0,2.2382204179463114,100,0,1.0,0.9630065017930143,1.0,{},0.8143395901074333,1.3651779382909974,0.08043179079912409,0.13479968602430362,100,100,0.93,0.8625048526092651,0.9656807389327273,0.93,0.8625048526092651,0.9656807389327273,4045,32,0.007911001236093944,455,455,1.0,0,0.0,0,224.26805497552573,3819,406,0.6754593369940994,0.02039214699936565,0.7260958170273807,0.0,7.044836149746231e-05,5382.311013012476,0.54,0.44,0.64,0.93,0.88,0.97,-7.65745637500223,-8.792349213579449,-6.503876967175685,-0.6826524041586814,-0.792693576205681,-0.5814905360470078,0.008091865869599696,0.004720371779569805,0.012082740226500674,2000,whole_base_sequence,linear,False,False
informative,mixed,c1_baseline,100,3599,70,0.7,0.6041514536665332,0.7810511470506724,3.2515339994087,70,30,0.7,0.6041514536665332,0.7810511470506724,"{""initialization_failed:initialization_quality_gate_failed"": 27, ""initialization_failed:projected_kkt_not_satisfied"": 3}",7.3331035752930225,14.248870938208862,0.6670314838940719,1.384547862083322,70,100,0.17142857142857143,0.10087724640529248,0.2761664803214543,0.12,0.06999406437019488,0.19812099426711421,3419,0,0.0,180,0,0.0,104,0.5777777777777777,76,149.669247322612,2103,0,1.3578620390000287,0.010679669997189193,1.3895805899985134,0.0,6.750507992747223e-05,6321.299465853508,0.0,0.0,0.0,0.0,0.0,0.0,0.0,0.0,0.0,0.0,0.0,0.0,0.0,0.0,0.0,2000,whole_base_sequence,linear,False,False
informative,mixed,robust_initialization_only,100,3599,100,1.0,0.9630065017930143,1.0,3.3677714234464338,100,0,1.0,0.9630065017930143,1.0,{},6.8599500647968625,13.183021610989098,0.614835686474717,1.1645785231743533,100,100,0.2,0.1333669333310325,0.2888291655931589,0.2,0.1333669333310325,0.2888291655931589,3419,1,0.0002924831822170225,180,37,0.20555555555555555,143,0.7944444444444444,0,144.5878896000971,2961,0,0.24276321800018194,0.01593342298292555,0.28090764798398593,0.0,6.750507992747223e-05,6321.299465853508,0.30000000000000004,0.21,0.39,0.08000000000000002,0.03,0.14,-0.47315351049615995,-1.019814891500582,0.09751489668709963,-0.05219579741935487,-0.10258811721369866,0.007139337686947588,0.0002941176470588235,0.0,0.0008823529411764705,2000,whole_base_sequence,linear,False,False
informative,mixed,nis_gate_only,100,3599,70,0.7,0.6041514536665332,0.7810511470506724,3.2515339994087,70,30,0.7,0.6041514536665332,0.7810511470506724,"{""initialization_failed:initialization_quality_gate_failed"": 27, ""initialization_failed:projected_kkt_not_satisfied"": 3}",54.12510223538913,1.969015114473332,4.116238869600102,0.19140123303246642,70,100,0.8714285714285714,0.7733524405057483,0.9308589988466248,0.61,0.5120301704584073,0.6998312599360558,3419,73,0.021351272301842646,180,101,0.5611111111111111,3,0.016666666666666666,76,198.8614039205041,2103,174,1.3684922039997764,0.010880104998941533,1.4000805840041721,0.0,7.996908068618082e-05,632636.8255645421,0.0,0.0,0.0,0.49,0.39,0.58,46.791998660096105,-6.963621364969649,85.90178948687549,3.44920738570603,-0.6088025488888948,6.2954630591661,0.021025505670841733,0.0028106530071307107,0.05035845935971602,2000,whole_base_sequence,linear,False,False
informative,mixed,robust_combined,100,3599,100,1.0,0.9630065017930143,1.0,3.3677714234464338,100,0,1.0,0.9630065017930143,1.0,{},0.9496062960315038,1.824140295731501,0.09304783973557956,0.17440454122359156,100,100,0.91,0.837737871472837,0.9519274599974348,0.91,0.837737871472837,0.9519274599974348,3419,20,0.0058496636443404505,180,180,1.0,0,0.0,0,115.57777149980134,2961,162,0.24598590700130443,0.016250301011605187,0.2844522489939118,0.0,7.996908068618082e-05,6071.738021691672,0.30000000000000004,0.21,0.39,0.79,0.71,0.87,-6.383497279261519,-7.814870013446963,-4.991337100384699,-0.5739836441584922,-0.7146761475563536,-0.4387743443234338,0.00590194464768639,0.0034584869434901894,0.008745555730058547,2000,whole_base_sequence,linear,False,False
poorly_conditioned,nominal,c1_baseline,100,4500,100,1.0,0.9630065017930143,1.0,1.9373216306868895,100,0,1.0,0.9630065017930143,1.0,{},0.5611487981304215,0.8855425256014396,0.06005446251115338,0.09870095874706485,100,100,0.96,0.9016292856411208,0.9843366960084523,0.96,0.9016292856411208,0.9843366960084523,4500,0,0.0,0,0,nan,0,nan,0,1.980465679778354,3900,0,0.06357092800200917,0.032215690014418215,0.1485278779931832,0.0,7.683518026175667e-05,2288.290379076124,0.0,0.0,0.0,0.0,0.0,0.0,0.0,0.0,0.0,0.0,0.0,0.0,0.0,0.0,0.0,2000,whole_base_sequence,linear,False,False
poorly_conditioned,nominal,robust_initialization_only,100,4500,100,1.0,0.9630065017930143,1.0,1.9373216306868895,100,0,1.0,0.9630065017930143,1.0,{},0.5611487981304215,0.8855425256014396,0.06005446251115338,0.09870095874706485,100,100,0.96,0.9016292856411208,0.9843366960084523,0.96,0.9016292856411208,0.9843366960084523,4500,0,0.0,0,0,nan,0,nan,0,1.980465679778354,3900,0,0.12725367700157222,0.03207573999883607,0.21190670602431055,0.0,7.683518026175667e-05,2288.290379076124,0.0,0.0,0.0,0.0,0.0,0.0,0.0,0.0,0.0,0.0,0.0,0.0,0.0,0.0,0.0,2000,whole_base_sequence,linear,False,False
poorly_conditioned,nominal,nis_gate_only,100,4500,100,1.0,0.9630065017930143,1.0,1.9373216306868895,100,0,1.0,0.9630065017930143,1.0,{},0.5674645283739927,0.9091631065324314,0.060532163474912005,0.09891131039342502,100,100,0.96,0.9016292856411208,0.9843366960084523,0.96,0.9016292856411208,0.9843366960084523,4500,32,0.0071111111111111115,0,0,nan,0,nan,0,2.003197897775938,3900,32,0.0634645030007232,0.031795572002884,0.14708764499402605,0.0,7.683518026175667e-05,2530.2840746710767,0.0,0.0,0.0,0.0,-0.03,0.03,0.006315730243571238,-0.010324630844693353,0.025810202298193034,0.00047770096375862603,-0.0007322997803657666,0.002144613436263564,0.0071111111111111115,0.004666666666666666,0.00977777777777778,2000,whole_base_sequence,linear,False,False
poorly_conditioned,nominal,robust_combined,100,4500,100,1.0,0.9630065017930143,1.0,1.9373216306868895,100,0,1.0,0.9630065017930143,1.0,{},0.5674645283739927,0.9091631065324314,0.060532163474912005,0.09891131039342502,100,100,0.96,0.9016292856411208,0.9843366960084523,0.96,0.9016292856411208,0.9843366960084523,4500,32,0.0071111111111111115,0,0,nan,0,nan,0,2.003197897775938,3900,32,0.12801534799858927,0.032116888978052885,0.21227467199962122,0.0,7.683518026175667e-05,2530.2840746710767,0.0,0.0,0.0,0.0,-0.03,0.03,0.006315730243571238,-0.010817592325883016,0.02661114227430594,0.00047770096375862603,-0.0006707368579086097,0.0021753195653748665,0.0071111111111111115,0.004666666666666666,0.009777777777777778,2000,whole_base_sequence,linear,False,False
poorly_conditioned,dropout_20,c1_baseline,100,3621,100,1.0,0.9630065017930143,1.0,2.3870007969498017,100,0,1.0,0.9630065017930143,1.0,{},0.6757776024585184,1.2026528445036746,0.07244936791529057,0.12895931580187966,100,100,0.9,0.8256343384950865,0.9447708629393249,0.9,0.8256343384950865,0.9447708629393249,3621,0,0.0,0,0,nan,0,nan,0,1.9612017635154546,3021,0,0.06375891700037756,0.02473808699287474,0.12456258801568765,0.0,8.397987047856163e-05,3254.6670008041324,0.0,0.0,0.0,0.0,0.0,0.0,0.0,0.0,0.0,0.0,0.0,0.0,0.0,0.0,0.0,2000,whole_base_sequence,linear,False,False
poorly_conditioned,dropout_20,robust_initialization_only,100,3621,100,1.0,0.9630065017930143,1.0,2.3870007969498017,100,0,1.0,0.9630065017930143,1.0,{},0.6757776024585184,1.2026528445036746,0.07244936791529057,0.12895931580187966,100,100,0.9,0.8256343384950865,0.9447708629393249,0.9,0.8256343384950865,0.9447708629393249,3621,0,0.0,0,0,nan,0,nan,0,1.9612017635154546,3021,0,0.1282413110003108,0.024944534012465738,0.18963070299418178,0.0,8.397987047856163e-05,3254.6670008041324,0.0,0.0,0.0,0.0,0.0,0.0,0.0,0.0,0.0,0.0,0.0,0.0,0.0,0.0,0.0,2000,whole_base_sequence,linear,False,False
poorly_conditioned,dropout_20,nis_gate_only,100,3621,100,1.0,0.9630065017930143,1.0,2.3870007969498017,100,0,1.0,0.9630065017930143,1.0,{},0.6738582942974995,1.2193463823793182,0.07214409655857892,0.1311433056867779,100,100,0.9,0.8256343384950865,0.9447708629393249,0.9,0.8256343384950865,0.9447708629393249,3621,19,0.005247169290251312,0,0,nan,0,nan,0,1.980810960108313,3021,19,0.06396047300193458,0.024839589016046375,0.12482091299549211,0.0,8.397987047856163e-05,3254.6670008041324,0.0,0.0,0.0,0.0,0.0,0.0,-0.0019193081610188178,-0.015991400181109363,0.011448882785220311,-0.0003052713567116422,-0.0014029744929746097,0.0006379450930017634,0.005205113787350629,0.002961139107109502,0.007773505920051971,2000,whole_base_sequence,linear,False,False
poorly_conditioned,dropout_20,robust_combined,100,3621,100,1.0,0.9630065017930143,1.0,2.3870007969498017,100,0,1.0,0.9630065017930143,1.0,{},0.6738582942974995,1.2193463823793182,0.07214409655857892,0.1311433056867779,100,100,0.9,0.8256343384950865,0.9447708629393249,0.9,0.8256343384950865,0.9447708629393249,3621,19,0.005247169290251312,0,0,nan,0,nan,0,1.980810960108313,3021,19,0.1282131319999462,0.024982409997028297,0.18952290899935179,0.0,8.397987047856163e-05,3254.6670008041324,0.0,0.0,0.0,0.0,0.0,0.0,-0.0019193081610188178,-0.016203955539809533,0.012111371715150426,-0.0003052713567116422,-0.0013416380953691187,0.0006644863726164865,0.005205113787350629,0.0028160149429063905,0.007798895420605944,2000,whole_base_sequence,linear,False,False
poorly_conditioned,dropout_50,c1_baseline,100,2289,100,1.0,0.9630065017930143,1.0,3.4741294532464853,100,0,1.0,0.9630065017930143,1.0,{},0.8476207064391484,1.3673856691493191,0.0993490120490951,0.15371017247847094,100,100,0.93,0.8625048526092651,0.9656807389327273,0.93,0.8625048526092651,0.9656807389327273,2289,0,0.0,0,0,nan,0,nan,0,2.4731144398084433,1689,0,0.06253076399851125,0.01385436499142088,0.09364588501746766,0.0,0.0001035740272971246,5464.090311499291,0.0,0.0,0.0,0.0,0.0,0.0,0.0,0.0,0.0,0.0,0.0,0.0,0.0,0.0,0.0,2000,whole_base_sequence,linear,False,False
poorly_conditioned,dropout_50,robust_initialization_only,100,2289,100,1.0,0.9630065017930143,1.0,3.4741294532464853,100,0,1.0,0.9630065017930143,1.0,{},0.8476207064391484,1.3673856691493191,0.0993490120490951,0.15371017247847094,100,100,0.93,0.8625048526092651,0.9656807389327273,0.93,0.8625048526092651,0.9656807389327273,2289,0,0.0,0,0,nan,0,nan,0,2.4731144398084433,1689,0,0.12592998800217173,0.013807213990367018,0.15695842298155185,0.0,0.0001035740272971246,5464.090311499291,0.0,0.0,0.0,0.0,0.0,0.0,0.0,0.0,0.0,0.0,0.0,0.0,0.0,0.0,0.0,2000,whole_base_sequence,linear,False,False
poorly_conditioned,dropout_50,nis_gate_only,100,2289,100,1.0,0.9630065017930143,1.0,3.4741294532464853,100,0,1.0,0.9630065017930143,1.0,{},1.0413705199428096,1.598135326773663,0.10134263831527666,0.15668062564769017,100,100,0.92,0.8500189229905127,0.9589065385156194,0.92,0.8500189229905127,0.9589065385156194,2289,22,0.009611183923110528,0,0,nan,0,nan,0,2.1057513681968008,1689,22,0.062194908004603346,0.01394790701335296,0.09347305800765753,0.0,0.0001036718285647069,13306.996805484403,0.0,0.0,0.0,-0.010000000000000009,-0.03,0.0,0.19374981350366116,-0.005618054678164072,0.4967666359814631,0.0019936262661815612,-0.0001624405666108629,0.004425045638678876,0.00958999675395671,0.0036243888152077803,0.01854508433940302,2000,whole_base_sequence,linear,False,False
poorly_conditioned,dropout_50,robust_combined,100,2289,100,1.0,0.9630065017930143,1.0,3.4741294532464853,100,0,1.0,0.9630065017930143,1.0,{},1.0413705199428096,1.598135326773663,0.10134263831527666,0.15668062564769017,100,100,0.92,0.8500189229905127,0.9589065385156194,0.92,0.8500189229905127,0.9589065385156194,2289,22,0.009611183923110528,0,0,nan,0,nan,0,2.1057513681968008,1689,22,0.12618547299993224,0.013872443006839603,0.15729218403052073,0.0,0.0001036718285647069,13306.996805484403,0.0,0.0,0.0,-0.010000000000000009,-0.03,0.0,0.19374981350366116,-0.00606088751335436,0.508358818212367,0.0019936262661815612,-0.00011761205785656285,0.004384486502493372,0.00958999675395671,0.0037556089743589747,0.01900033511492216,2000,whole_base_sequence,linear,False,False
poorly_conditioned,one_station_gap,c1_baseline,100,4000,100,1.0,0.9630065017930143,1.0,1.9373216306868895,100,0,1.0,0.9630065017930143,1.0,{},0.5614016236931495,0.9076716339742736,0.06022565894946601,0.09522300867380266,100,100,0.97,0.9154806357094724,0.9897454759759611,0.97,0.9154806357094724,0.9897454759759611,4000,0,0.0,0,0,nan,0,nan,0,1.9916200194382077,3400,0,0.06306160399515648,0.027900312996353024,0.1339905579976039,0.0,9.991751514907779e-05,1853.015944158861,0.0,0.0,0.0,0.0,0.0,0.0,0.0,0.0,0.0,0.0,0.0,0.0,0.0,0.0,0.0,2000,whole_base_sequence,linear,False,False
poorly_conditioned,one_station_gap,robust_initialization_only,100,4000,100,1.0,0.9630065017930143,1.0,1.9373216306868895,100,0,1.0,0.9630065017930143,1.0,{},0.5614016236931495,0.9076716339742736,0.06022565894946601,0.09522300867380266,100,100,0.97,0.9154806357094724,0.9897454759759611,0.97,0.9154806357094724,0.9897454759759611,4000,0,0.0,0,0,nan,0,nan,0,1.9916200194382077,3400,0,0.12772776699915994,0.027907473976374605,0.19837547099858058,0.0,9.991751514907779e-05,1853.015944158861,0.0,0.0,0.0,0.0,0.0,0.0,0.0,0.0,0.0,0.0,0.0,0.0,0.0,0.0,0.0,2000,whole_base_sequence,linear,False,False
poorly_conditioned,one_station_gap,nis_gate_only,100,4000,100,1.0,0.9630065017930143,1.0,1.9373216306868895,100,0,1.0,0.9630065017930143,1.0,{},0.5684770477888853,0.9098740338727751,0.060764188256475116,0.09741982817543529,100,100,0.97,0.9154806357094724,0.9897454759759611,0.97,0.9154806357094724,0.9897454759759611,4000,26,0.0065,0,0,nan,0,nan,0,2.0100795075653255,3400,26,0.06297316499461886,0.02775240597897209,0.1330859359994065,0.0,9.991751514907779e-05,2066.206550230992,0.0,0.0,0.0,0.0,-0.03,0.03,0.007075424095735805,-0.011320393768945105,0.0291880684845679,0.0005385293070091085,-0.0006880568219144168,0.0022081667452459684,0.006500000000000001,0.004243750000000001,0.009249999999999998,2000,whole_base_sequence,linear,False,False
poorly_conditioned,one_station_gap,robust_combined,100,4000,100,1.0,0.9630065017930143,1.0,1.9373216306868895,100,0,1.0,0.9630065017930143,1.0,{},0.5684770477888853,0.9098740338727751,0.060764188256475116,0.09741982817543529,100,100,0.97,0.9154806357094724,0.9897454759759611,0.97,0.9154806357094724,0.9897454759759611,4000,26,0.0065,0,0,nan,0,nan,0,2.0100795075653255,3400,26,0.1266727649990935,0.027950578026357108,0.19725376799702643,0.0,9.991751514907779e-05,2066.206550230992,0.0,0.0,0.0,0.0,-0.03,0.03,0.007075424095735805,-0.012297462412336665,0.0305030926249739,0.0005385293070091085,-0.000734801332972009,0.002209183627991503,0.006500000000000001,0.004,0.009000000000000001,2000,whole_base_sequence,linear,False,False
poorly_conditioned,all_station_gap,c1_baseline,100,2900,100,1.0,0.9630065017930143,1.0,1.9373216306868895,100,0,1.0,0.9630065017930143,1.0,{},0.5617542527933796,0.9181368561077835,0.06236438602745584,0.09878205657959556,100,100,0.98,0.929988209271456,0.9944980324498376,0.98,0.929988209271456,0.9944980324498376,2900,0,0.0,0,0,nan,0,nan,0,2.0070349588129033,2300,0,0.06329776399885305,0.018644545979914256,0.10678043899999466,0.0,0.0001372342098751804,1345.436617605291,0.0,0.0,0.0,0.0,0.0,0.0,0.0,0.0,0.0,0.0,0.0,0.0,0.0,0.0,0.0,2000,whole_base_sequence,linear,False,False
poorly_conditioned,all_station_gap,robust_initialization_only,100,2900,100,1.0,0.9630065017930143,1.0,1.9373216306868895,100,0,1.0,0.9630065017930143,1.0,{},0.5617542527933796,0.9181368561077835,0.06236438602745584,0.09878205657959556,100,100,0.98,0.929988209271456,0.9944980324498376,0.98,0.929988209271456,0.9944980324498376,2900,0,0.0,0,0,nan,0,nan,0,2.0070349588129033,2300,0,0.12804960700508672,0.018841149018262515,0.1719394669868052,0.0,0.0001372342098751804,1345.436617605291,0.0,0.0,0.0,0.0,0.0,0.0,0.0,0.0,0.0,0.0,0.0,0.0,0.0,0.0,0.0,2000,whole_base_sequence,linear,False,False
poorly_conditioned,all_station_gap,nis_gate_only,100,2900,100,1.0,0.9630065017930143,1.0,1.9373216306868895,100,0,1.0,0.9630065017930143,1.0,{},0.568756104471784,0.9310632072156301,0.06286994898437766,0.10159594975612307,100,100,0.97,0.9154806357094724,0.9897454759759611,0.97,0.9154806357094724,0.9897454759759611,2900,20,0.006896551724137931,0,0,nan,0,nan,0,2.0267812841975807,2300,20,0.06316054700233507,0.01870892997889314,0.10670406000106596,0.0,0.0001372342098751804,1509.2488605600454,0.0,0.0,0.0,-0.010000000000000009,-0.03,0.0,0.007001851678404392,-0.012390762581191766,0.03269859777573058,0.0005055629569218206,-0.000686063261963824,0.002178028507965556,0.00689655172413793,0.0037931034482758625,0.01,2000,whole_base_sequence,linear,False,False
poorly_conditioned,all_station_gap,robust_combined,100,2900,100,1.0,0.9630065017930143,1.0,1.9373216306868895,100,0,1.0,0.9630065017930143,1.0,{},0.568756104471784,0.9310632072156301,0.06286994898437766,0.10159594975612307,100,100,0.97,0.9154806357094724,0.9897454759759611,0.97,0.9154806357094724,0.9897454759759611,2900,20,0.006896551724137931,0,0,nan,0,nan,0,2.0267812841975807,2300,20,0.12756932099873666,0.01909426099329721,0.17200175200065132,0.0,0.0001372342098751804,1509.2488605600454,0.0,0.0,0.0,-0.010000000000000009,-0.03,0.0,0.007001851678404392,-0.012573418319482632,0.030467795301814492,0.0005055629569218206,-0.0006847003000591597,0.0020676275733962093,0.00689655172413793,0.0037931034482758625,0.010344827586206896,2000,whole_base_sequence,linear,False,False
poorly_conditioned,long_delay,c1_baseline,100,4500,100,1.0,0.9630065017930143,1.0,2.793993398587454,100,0,1.0,0.9630065017930143,1.0,{},0.5609888707644684,0.8862500570191713,0.060039610974403086,0.09913623721813994,100,100,0.96,0.9016292856411208,0.9843366960084523,0.96,0.9016292856411208,0.9843366960084523,4500,0,0.0,0,0,nan,0,nan,0,1.9859288838195317,3900,0,0.0614834459987469,0.032372018034802746,0.1460915349930292,0.0,7.666889155445833e-05,2293.6047864812504,0.0,0.0,0.0,0.0,0.0,0.0,0.0,0.0,0.0,0.0,0.0,0.0,0.0,0.0,0.0,2000,whole_base_sequence,linear,False,False
poorly_conditioned,long_delay,robust_initialization_only,100,4500,100,1.0,0.9630065017930143,1.0,2.793993398587454,100,0,1.0,0.9630065017930143,1.0,{},0.5609888707644684,0.8862500570191713,0.060039610974403086,0.09913623721813994,100,100,0.96,0.9016292856411208,0.9843366960084523,0.96,0.9016292856411208,0.9843366960084523,4500,0,0.0,0,0,nan,0,nan,0,1.9859288838195317,3900,0,0.12378801099956036,0.03223837001074571,0.20864083300053607,0.0,7.666889155445833e-05,2293.6047864812504,0.0,0.0,0.0,0.0,0.0,0.0,0.0,0.0,0.0,0.0,0.0,0.0,0.0,0.0,0.0,2000,whole_base_sequence,linear,False,False
poorly_conditioned,long_delay,nis_gate_only,100,4500,100,1.0,0.9630065017930143,1.0,2.793993398587454,100,0,1.0,0.9630065017930143,1.0,{},0.5697845098905481,0.9360120183795587,0.06132799767860855,0.0992905063952699,100,100,0.96,0.9016292856411208,0.9843366960084523,0.96,0.9016292856411208,0.9843366960084523,4500,32,0.0071111111111111115,0,0,nan,0,nan,0,2.010576150669406,3900,32,0.0610491989942966,0.03210995198984165,0.14507110300764908,0.0,7.666889155445833e-05,2533.8377089260257,0.0,0.0,0.0,0.0,-0.03,0.03,0.008795639126079724,-0.009946993427241447,0.031132225982118403,0.0012883867042054672,-4.763014036333802e-05,0.00297508243367327,0.0071111111111111115,0.004444444444444444,0.010222222222222221,2000,whole_base_sequence,linear,False,False
poorly_conditioned,long_delay,robust_combined,100,4500,100,1.0,0.9630065017930143,1.0,2.793993398587454,100,0,1.0,0.9630065017930143,1.0,{},0.5697845098905481,0.9360120183795587,0.06132799767860855,0.0992905063952699,100,100,0.96,0.9016292856411208,0.9843366960084523,0.96,0.9016292856411208,0.9843366960084523,4500,32,0.0071111111111111115,0,0,nan,0,nan,0,2.010576150669406,3900,32,0.12470000700152013,0.03176774901046883,0.20803630000329576,0.0,7.666889155445833e-05,2533.8377089260257,0.0,0.0,0.0,0.0,-0.03,0.03,0.008795639126079724,-0.00979014000944813,0.031228284824939945,0.0012883867042054672,-4.4356958358607655e-05,0.0029368038070481084,0.0071111111111111115,0.004222222222222223,0.010222222222222221,2000,whole_base_sequence,linear,False,False
poorly_conditioned,outlier_mild,c1_baseline,100,4500,100,1.0,0.9630065017930143,1.0,1.9373216306868895,100,0,1.0,0.9630065017930143,1.0,{},1.3421857766015401,2.357751784227681,0.14113706583056917,0.2450217999601125,100,100,0.2,0.1333669333310325,0.2888291655931589,0.2,0.1333669333310325,0.2888291655931589,4257,0,0.0,243,0,0.0,243,1.0,0,12.483279101689384,3900,0,0.06399947999801953,0.03216314302291721,0.14891531500557903,0.0,7.741084635082481e-05,2408.9908433530854,0.0,0.0,0.0,0.0,0.0,0.0,0.0,0.0,0.0,0.0,0.0,0.0,0.0,0.0,0.0,2000,whole_base_sequence,linear,False,False
poorly_conditioned,outlier_mild,robust_initialization_only,100,4500,100,1.0,0.9630065017930143,1.0,2.062625635110664,100,0,1.0,0.9630065017930143,1.0,{},1.334940103683797,2.485731294256159,0.13734967720255825,0.24334884036477256,100,100,0.23,0.15843265880303448,0.3215438302287378,0.23,0.15843265880303448,0.3215438302287378,4257,5,0.0011745360582569885,243,26,0.10699588477366255,217,0.8930041152263375,0,12.110020572835309,3869,0,0.26448605700337796,0.03177303297736216,0.3482321059948299,0.0,7.826351379176745e-05,2318.229828706941,0.0,0.0,0.0,0.03,0.0,0.06024999999999863,-0.007245672917743251,-0.03944096046306131,0.022361421988413142,-0.0037873886280109237,-0.010446301443928349,0.00268596864084813,0.0012084582556789022,0.00024390243902439024,0.0024004426302568663,2000,whole_base_sequence,linear,False,False
poorly_conditioned,outlier_mild,nis_gate_only,100,4500,100,1.0,0.9630065017930143,1.0,1.9373216306868895,100,0,1.0,0.9630065017930143,1.0,{},33.68051700778967,81.75316011103087,2.461019607914091,5.770041238298978,100,100,0.71,0.6146110882442888,0.7898516425087772,0.71,0.6146110882442888,0.7898516425087772,4257,653,0.1533944092083627,243,212,0.8724279835390947,31,0.12757201646090535,0,61.14802972766808,3900,865,0.06393350899743382,0.03191180600435473,0.14199549999670125,0.0,8.050232637977584e-05,952057.8939574526,0.0,0.0,0.0,0.51,0.4,0.61,32.33833123118813,20.23906421366426,43.433292212996484,2.319882542083522,1.393993644588017,3.1398580530910736,0.15661511951840937,0.09819972294044897,0.2191450172338218,2000,whole_base_sequence,linear,False,False
poorly_conditioned,outlier_mild,robust_combined,100,4500,100,1.0,0.9630065017930143,1.0,2.062625635110664,100,0,1.0,0.9630065017930143,1.0,{},40.548976015822305,8.666227030303542,3.0797062412893474,0.6884638671226475,100,100,0.9,0.8256343384950865,0.9447708629393249,0.9,0.8256343384950865,0.9447708629393249,4257,205,0.04815597838853653,243,237,0.9753086419753086,6,0.024691358024691357,0,63.91332166836395,3869,411,0.2619197239971254,0.03173568397876807,0.3426575410022633,0.0,7.84295196570136e-05,2373849.964734592,0.0,0.0,0.0,0.7,0.61,0.79,39.206790239220766,16.536932802015553,55.37551563029404,2.9385691754587784,1.2303080444974819,4.176294284299212,0.04929695484133942,0.01732956386550048,0.08856078880429771,2000,whole_base_sequence,linear,False,False
poorly_conditioned,outlier_strong,c1_baseline,100,4500,56,0.56,0.4622810465167699,0.6532797336983921,1.934578352102322,56,44,0.56,0.4622810465167699,0.6532797336983921,"{""initialization_failed:initialization_quality_gate_failed"": 36, ""initialization_failed:projected_kkt_not_satisfied"": 8}",5.9988801335545805,9.906724866157258,0.6084641952642439,1.0404635699658265,56,100,0.0,0.0,0.06419393671876342,0.0,0.0,0.03699349820698568,4031,0,0.0,469,0,0.0,234,0.4989339019189765,235,307.46725393387294,2184,0,4.65149884798564,0.017881931975716726,4.71911380999547,0.0,6.721131709077984e-05,2815.3951826870007,0.0,0.0,0.0,0.0,0.0,0.0,0.0,0.0,0.0,0.0,0.0,0.0,0.0,0.0,0.0,2000,whole_base_sequence,linear,False,False
poorly_conditioned,outlier_strong,robust_initialization_only,100,4500,100,1.0,0.9630065017930143,1.0,2.176240469281761,100,0,1.0,0.9630065017930143,1.0,{},5.811582782653724,10.536021340455948,0.5958392346503707,1.0130776744892445,100,100,0.0,0.0,0.03699349820698568,0.0,0.0,0.03699349820698568,4031,0,0.0,469,65,0.13859275053304904,404,0.8614072494669509,0,306.0572802807313,3833,0,1.6524803119996796,0.03144930798269343,1.7351784000144108,0.0,6.644895934617853e-05,2815.3951826870007,0.43999999999999995,0.34,0.55,0.0,0.0,0.0,-0.18729735090085686,-0.6888427402232651,0.3331081723184359,-0.012624960613873193,-0.07075192140383332,0.045590265170442804,0.0,0.0,0.0,2000,whole_base_sequence,linear,False,False
poorly_conditioned,outlier_strong,nis_gate_only,100,4500,56,0.56,0.4622810465167699,0.6532797336983921,1.934578352102322,56,44,0.56,0.4622810465167699,0.6532797336983921,"{""initialization_failed:initialization_quality_gate_failed"": 36, ""initialization_failed:projected_kkt_not_satisfied"": 8}",43.0425869740475,1.1065658384304615,3.0791636581065496,0.12534091571174777,56,100,0.9464285714285714,0.8539269093117847,0.9816142186178909,0.53,0.4328885697009936,0.6248918204065872,4031,48,0.011907715207144629,469,232,0.4946695095948827,2,0.0042643923240938165,235,294.3360763593842,2184,280,4.6145401870069325,0.0179859840037534,4.680183561016456,0.0,8.137727533535825e-05,197718.77590412294,0.0,0.0,0.0,0.53,0.43,0.63,37.04370684049292,-5.859982333670611,72.24701291576167,2.4706994628423056,-0.5885828301899312,5.120633155213117,0.011871522975039708,0.0018894642887836311,0.030069706527165407,2000,whole_base_sequence,linear,False,False
poorly_conditioned,outlier_strong,robust_combined,100,4500,100,1.0,0.9630065017930143,1.0,2.176240469281761,100,0,1.0,0.9630065017930143,1.0,{},0.5990761411357015,1.0191380975288942,0.06466078068647799,0.10773725802138163,100,100,0.97,0.9154806357094724,0.9897454759759611,0.97,0.9154806357094724,0.9897454759759611,4031,24,0.005953857603572314,469,469,1.0,0,0.0,0,235.39180867271799,3833,428,1.3931883449986344,0.031299999993643725,1.4725689340097596,0.0,8.076503650916994e-05,2951.6919577753633,0.43999999999999995,0.35,0.54,0.97,0.93,1.0,-5.399803992418879,-6.090442487450188,-4.735146747025087,-0.5438034145777659,-0.6282483306858111,-0.46272064758277115,0.005856049253211686,0.003352606426471996,0.008592391787020039,2000,whole_base_sequence,linear,False,False
poorly_conditioned,mixed,c1_baseline,100,3621,77,0.77,0.6784561697712622,0.8415673411969654,3.175671601825974,77,23,0.77,0.6784561697712622,0.8415673411969654,"{""initialization_failed:initialization_quality_gate_failed"": 21, ""initialization_failed:projected_kkt_not_satisfied"": 2}",5.35830865691748,10.33510937079847,0.5255782627817338,1.014246685791194,77,100,0.16883116883116883,0.10140668708276009,0.2677288932991118,0.13,0.07757167427240512,0.20980351440076428,3421,0,0.0,200,0,0.0,132,0.66,68,167.37808013046305,2300,0,1.717950975995045,0.018425581985502502,1.7705966789863306,0.0,7.353543511681314e-05,3113.3593918908996,0.0,0.0,0.0,0.0,0.0,0.0,0.0,0.0,0.0,0.0,0.0,0.0,0.0,0.0,0.0,2000,whole_base_sequence,linear,False,False
poorly_conditioned,mixed,robust_initialization_only,100,3621,100,1.0,0.9630065017930143,1.0,3.270369245382266,100,0,1.0,0.9630065017930143,1.0,{},5.196521884260347,10.27007407984844,0.5055061114790319,1.0006247553806469,100,100,0.16,0.10095288488804782,0.24420269389270244,0.16,0.10095288488804782,0.24420269389270244,3421,0,0.0,200,31,0.155,169,0.845,0,166.25382774907837,2990,0,0.43668124299496414,0.02427296000707429,0.4960365829890361,0.0,7.353543511681314e-05,3113.3593918908996,0.22999999999999998,0.15,0.31,0.03,0.0,0.07,-0.16178677265713226,-0.4609997729471259,0.1900378768705872,-0.0200721513027019,-0.04739559110879337,0.00990761443021121,0.0,0.0,0.0,2000,whole_base_sequence,linear,False,False
poorly_conditioned,mixed,nis_gate_only,100,3621,77,0.77,0.6784561697712622,0.8415673411969654,3.175671601825974,77,23,0.77,0.6784561697712622,0.8415673411969654,"{""initialization_failed:initialization_quality_gate_failed"": 21, ""initialization_failed:projected_kkt_not_satisfied"": 2}",16.03253692669367,1.373002535119768,1.1786184495200185,0.1448716995287652,77,100,0.8831168831168831,0.7925491643206027,0.937274379943506,0.68,0.5833738138954762,0.7633085267500092,3421,46,0.013446360713241743,200,131,0.655,1,0.005,68,154.10954858468534,2300,177,1.7255156219983474,0.018659256993560122,1.7776582070067526,0.0,8.649559447078537e-05,2532419.380717816,0.0,0.0,0.0,0.55,0.45,0.65,10.67422826977619,-5.168339674577737,23.59172285820582,0.6530401867382847,-0.497951306396272,1.5949735900575885,0.013125292650135352,0.0026475263272464408,0.03208860971440867,2000,whole_base_sequence,linear,False,False
poorly_conditioned,mixed,robust_combined,100,3621,100,1.0,0.9630065017930143,1.0,3.270369245382266,100,0,1.0,0.9630065017930143,1.0,{},0.6977972138290132,1.2038243404161046,0.07531306414666386,0.13127225643968846,100,100,0.91,0.837737871472837,0.9519274599974348,0.91,0.837737871472837,0.9519274599974348,3421,18,0.005261619409529378,200,200,1.0,0,0.0,0,128.11483053908233,2990,187,0.43627562900132033,0.024308095993474124,0.49468384600011633,0.0,8.483354056325214e-05,3415.3871999465055,0.22999999999999998,0.15,0.31,0.78,0.7,0.86,-4.660511443088467,-5.375710621164065,-3.886018065488266,-0.45026519863507,-0.521532172965663,-0.37566560262317583,0.005159924684767388,0.0028367257070886108,0.007906246770349061,2000,whole_base_sequence,linear,False,False
