geometry,motion,azimuth_noise_std_deg,elevation_noise_std_deg,delivery_schedule,method,independent_sequence_count,successful_initialization_count,successful_initialization_fraction,successful_initialization_fraction_ci95_low,successful_initialization_fraction_ci95_high,final_valid_count,final_failure_fraction,final_failure_reason_counts,mean_time_to_first_estimate_s,final_position_rmse_m,final_position_p95_m,final_velocity_rmse_mps,final_velocity_p95_mps,final_state_95_coverage_fraction,final_state_95_coverage_ci95_low,final_state_95_coverage_ci95_high,mean_sequence_measurement_nis,mean_sequence_nis_95_coverage_fraction,median_total_runtime_s,mean_update_runtime_s,maximum_covariance_symmetry_error,minimum_covariance_eigenvalue,coverage_interval_unit,temporal_nis_nees_are_dependent
informative,stationary,0.03,0.05,ordered,retarded_ekf,4,4,1.0,0.5101091635454027,1.0,4,0.0,{},1.108,0.051466112761344586,0.06901238862084559,0.02504138780054479,0.036422778353932005,1.0,0.5101091635454027,1.0,1.7188507929008625,1.0,0.03837185000156751,0.0005395472224134008,0.0,2.6689367938778215e-05,whole_sequence_final_outcome,True
informative,stationary,0.03,0.05,ordered,causal_prefix_batch,4,4,1.0,0.5101091635454027,1.0,4,0.0,{},0.30800000000000005,0.05146688440337201,0.0690113305004804,0.02504387541075213,0.03642460859970413,1.0,0.5101091635454027,1.0,nan,nan,0.6487057500053197,nan,0.0,2.6693493263426222e-05,whole_sequence_final_outcome,True
informative,stationary,0.03,0.05,ordered,initial_batch_no_updates,4,4,1.0,0.5101091635454027,1.0,4,0.0,{},1.108,0.3896063083428442,0.5190035930554546,0.11787291686631046,0.15347761072140995,1.0,0.5101091635454027,1.0,nan,nan,0.03145680000670836,nan,1.734723475976807e-18,3.5300245840574024e-05,whole_sequence_final_outcome,True
informative,stationary,0.03,0.05,ordered,offline_full_record_noncausal,4,4,1.0,0.5101091635454027,1.0,4,0.0,{},3.507999999999999,0.05146688440337201,0.0690113305004804,0.02504387541075213,0.03642460859970413,1.0,0.5101091635454027,1.0,nan,nan,0.07850145000156772,nan,0.0,2.6693493263426222e-05,whole_sequence_final_outcome,True
informative,stationary,0.03,0.05,reordered,retarded_ekf,4,4,1.0,0.5101091635454027,1.0,4,0.0,{},1.182520338965675,0.06657077991311655,0.08833494511028599,0.02698607539990412,0.033669230345621776,0.75,0.30064184258240184,0.9544127391902995,2.3705749183866707,0.9166666666666666,0.05439019999357697,0.0006602583333814335,0.0,2.265364819051224e-05,whole_sequence_final_outcome,True
informative,stationary,0.03,0.05,reordered,causal_prefix_batch,4,4,1.0,0.5101091635454027,1.0,4,0.0,{},0.41262966007152835,0.06655547903039005,0.08830200050616896,0.02698060099305697,0.03366302310578897,0.75,0.30064184258240184,0.9544127391902995,nan,nan,0.8015034500040201,nan,0.0,2.2652111995830323e-05,whole_sequence_final_outcome,True
informative,stationary,0.03,0.05,reordered,initial_batch_no_updates,4,4,1.0,0.5101091635454027,1.0,4,0.0,{},1.182520338965675,0.4084225159235531,0.5526843857218416,0.11480252068414742,0.15397945665799131,0.75,0.30064184258240184,0.9544127391902995,nan,nan,0.04699139999684121,nan,3.469446951953614e-18,3.129236250830936e-05,whole_sequence_final_outcome,True
informative,stationary,0.03,0.05,reordered,offline_full_record_noncausal,4,4,1.0,0.5101091635454027,1.0,4,0.0,{},3.613855953709899,0.06655547903039005,0.08830200050616896,0.02698060099305697,0.03366302310578897,0.75,0.30064184258240184,0.9544127391902995,nan,nan,0.09648059999926772,nan,0.0,2.2652111995830323e-05,whole_sequence_final_outcome,True
informative,stationary,0.1,0.18,ordered,retarded_ekf,4,4,1.0,0.5101091635454027,1.0,4,0.0,{},1.108,0.21895845751975873,0.2783250145517356,0.09654303060712702,0.11994723239093347,1.0,0.5101091635454027,1.0,1.3633131590916494,1.0,0.0642300000108662,0.0007679277775120379,0.0,0.00030599625157824045,whole_sequence_final_outcome,True
informative,stationary,0.1,0.18,ordered,causal_prefix_batch,4,4,1.0,0.5101091635454027,1.0,4,0.0,{},0.30800000000000005,0.21876978894010538,0.278092563291987,0.09655567263380063,0.11990699310365639,1.0,0.5101091635454027,1.0,nan,nan,0.9913126500014187,nan,0.0,0.00030584866817295046,whole_sequence_final_outcome,True
informative,stationary,0.1,0.18,ordered,initial_batch_no_updates,4,4,1.0,0.5101091635454027,1.0,4,0.0,{},1.108,0.974977765506563,1.2421877256164786,0.32438057641362994,0.4123036079981364,1.0,0.5101091635454027,1.0,nan,nan,0.05506815000080678,nan,2.7755575615628914e-17,0.00040501566048363057,whole_sequence_final_outcome,True
informative,stationary,0.1,0.18,ordered,offline_full_record_noncausal,4,4,1.0,0.5101091635454027,1.0,4,0.0,{},3.507999999999999,0.21876978894010538,0.278092563291987,0.09655567263380063,0.11990699310365639,1.0,0.5101091635454027,1.0,nan,nan,0.11527709999973013,nan,0.0,0.00030584866817295046,whole_sequence_final_outcome,True
informative,stationary,0.1,0.18,reordered,retarded_ekf,4,4,1.0,0.5101091635454027,1.0,4,0.0,{},1.0413351401412871,0.2982317832498084,0.3699913868624431,0.13375877381069876,0.17967505124209088,0.75,0.30064184258240184,0.9544127391902995,1.7275667052270496,0.9722222222222222,0.042859400007728254,0.000544113888786847,0.0,0.0002627894385334311,whole_sequence_final_outcome,True
informative,stationary,0.1,0.18,reordered,causal_prefix_batch,4,4,1.0,0.5101091635454027,1.0,4,0.0,{},0.31372164096040445,0.2983076302398899,0.37012583713008745,0.13374503356532313,0.17964195755198725,0.75,0.30064184258240184,0.9544127391902995,nan,nan,0.648631000001842,nan,0.0,0.0002626985833052413,whole_sequence_final_outcome,True
informative,stationary,0.1,0.18,reordered,initial_batch_no_updates,4,4,1.0,0.5101091635454027,1.0,4,0.0,{},1.0413351401412871,1.690390121244555,2.2709467505333576,0.5202235210871636,0.6939847053788928,1.0,0.5101091635454027,1.0,nan,nan,0.03635550000217336,nan,2.7755575615628914e-17,0.0003544008694260503,whole_sequence_final_outcome,True
informative,stationary,0.1,0.18,reordered,offline_full_record_noncausal,4,4,1.0,0.5101091635454027,1.0,4,0.0,{},3.4267287362651326,0.2983076302398899,0.37012583713008745,0.13374503356532313,0.17964195755198725,0.75,0.30064184258240184,0.9544127391902995,nan,nan,0.07441525000103866,nan,0.0,0.0002626985833052413,whole_sequence_final_outcome,True
informative,stationary,0.3,0.5,ordered,retarded_ekf,4,4,1.0,0.5101091635454027,1.0,4,0.0,{},1.108,0.6067163512603795,0.8492067664426731,0.27972749054723495,0.3417053883845361,1.0,0.5101091635454027,1.0,2.875912687270491,0.8888888888888888,0.04421020000518183,0.0005360638884263204,0.0,0.0028219177301687763,whole_sequence_final_outcome,True
informative,stationary,0.3,0.5,ordered,causal_prefix_batch,4,4,1.0,0.5101091635454027,1.0,4,0.0,{},0.30800000000000005,0.6093785160454511,0.8524125571623663,0.280347291932972,0.34153104771694487,1.0,0.5101091635454027,1.0,nan,nan,0.6687394500022492,nan,0.0,0.002826879494867536,whole_sequence_final_outcome,True
informative,stationary,0.3,0.5,ordered,initial_batch_no_updates,4,4,1.0,0.5101091635454027,1.0,4,0.0,{},1.108,4.190301504233016,5.107081338327706,1.2312094231814332,1.5142932070596813,1.0,0.5101091635454027,1.0,nan,nan,0.03767145000347227,nan,2.220446049250313e-16,0.00374165665705681,whole_sequence_final_outcome,True
informative,stationary,0.3,0.5,ordered,offline_full_record_noncausal,4,4,1.0,0.5101091635454027,1.0,4,0.0,{},3.507999999999999,0.6093785160454511,0.8524125571623663,0.280347291932972,0.34153104771694487,1.0,0.5101091635454027,1.0,nan,nan,0.08791964999909396,nan,0.0,0.002826879494867536,whole_sequence_final_outcome,True
informative,stationary,0.3,0.5,reordered,retarded_ekf,4,4,1.0,0.5101091635454027,1.0,4,0.0,{},1.21551966102024,0.7915653327679698,1.0726646906037138,0.3400294315690519,0.47591610302181253,1.0,0.5101091635454027,1.0,1.5952711087140037,0.9444444444444444,0.045199699996373965,0.0005485472220243537,0.0,0.0020509008074788963,whole_sequence_final_outcome,True
informative,stationary,0.3,0.5,reordered,causal_prefix_batch,4,4,1.0,0.5101091635454027,1.0,4,0.0,{},0.4866267490681947,0.7926502308463546,1.0728760336520589,0.34046527795389225,0.4764880135304303,1.0,0.5101091635454027,1.0,nan,nan,0.7142479499980254,nan,0.0,0.002050846858819001,whole_sequence_final_outcome,True
informative,stationary,0.3,0.5,reordered,initial_batch_no_updates,4,4,1.0,0.5101091635454027,1.0,4,0.0,{},1.21551966102024,4.915462108258456,7.80522925640834,1.3988433641334126,2.2527522372342834,0.75,0.30064184258240184,0.9544127391902995,nan,nan,0.03844030000254861,nan,1.1102230246251565e-16,0.0028380908240270104,whole_sequence_final_outcome,True
informative,stationary,0.3,0.5,reordered,offline_full_record_noncausal,4,4,1.0,0.5101091635454027,1.0,4,0.0,{},3.6574200328716486,0.7926502308463546,1.0728760336520589,0.34046527795389225,0.4764880135304303,1.0,0.5101091635454027,1.0,nan,nan,0.08389035000072909,nan,0.0,0.002050846858819001,whole_sequence_final_outcome,True
informative,uniform_oblique,0.03,0.05,ordered,retarded_ekf,4,4,1.0,0.5101091635454027,1.0,4,0.0,{},1.108,0.08061149027606691,0.0927099675963395,0.027349833209024243,0.03233548077614179,1.0,0.5101091635454027,1.0,3.207328286769452,0.8055555555555555,0.04577994999817747,0.0005266611113054549,0.0,2.8049715874884815e-05,whole_sequence_final_outcome,True
informative,uniform_oblique,0.03,0.05,ordered,causal_prefix_batch,4,4,1.0,0.5101091635454027,1.0,4,0.0,{},0.30800000000000005,0.08063270803117908,0.09275125995912009,0.02735151196994963,0.03230214188814126,1.0,0.5101091635454027,1.0,nan,nan,0.7174330499983625,nan,0.0,2.803588440543177e-05,whole_sequence_final_outcome,True
informative,uniform_oblique,0.03,0.05,ordered,initial_batch_no_updates,4,4,1.0,0.5101091635454027,1.0,4,0.0,{},1.108,0.4016340704529318,0.5622907815409796,0.12118631495383315,0.16489690519075095,1.0,0.5101091635454027,1.0,nan,nan,0.03946230000110518,nan,1.734723475976807e-18,3.7012606373202264e-05,whole_sequence_final_outcome,True
informative,uniform_oblique,0.03,0.05,ordered,offline_full_record_noncausal,4,4,1.0,0.5101091635454027,1.0,4,0.0,{},3.507999999999999,0.08063270803117908,0.09275125995912009,0.02735151196994963,0.03230214188814126,1.0,0.5101091635454027,1.0,nan,nan,0.0816959499989025,nan,0.0,2.803588440543177e-05,whole_sequence_final_outcome,True
informative,uniform_oblique,0.03,0.05,reordered,retarded_ekf,4,4,1.0,0.5101091635454027,1.0,4,0.0,{},0.9942586145559767,0.06722128485871443,0.0827155125019853,0.02691841140477337,0.03384398292371786,1.0,0.5101091635454027,1.0,1.631032487554064,0.9722222222222222,0.044048299996575224,0.0005427249999330443,0.0,2.1366617800798612e-05,whole_sequence_final_outcome,True
informative,uniform_oblique,0.03,0.05,reordered,causal_prefix_batch,4,4,1.0,0.5101091635454027,1.0,4,0.0,{},0.27912175573093856,0.06721561963737265,0.08269065990666113,0.026918325648082907,0.033831237346590465,1.0,0.5101091635454027,1.0,nan,nan,0.7312644499997987,nan,0.0,2.1363382970894138e-05,whole_sequence_final_outcome,True
informative,uniform_oblique,0.03,0.05,reordered,initial_batch_no_updates,4,4,1.0,0.5101091635454027,1.0,4,0.0,{},0.9942586145559767,0.2844526051187776,0.4043460730427014,0.083229735608792,0.11646542415869816,1.0,0.5101091635454027,1.0,nan,nan,0.03731500000139931,nan,3.469446951953614e-18,2.9465087947140086e-05,whole_sequence_final_outcome,True
informative,uniform_oblique,0.03,0.05,reordered,offline_full_record_noncausal,4,4,1.0,0.5101091635454027,1.0,4,0.0,{},3.534154436158129,0.06721561963737265,0.08269065990666113,0.026918325648082907,0.033831237346590465,1.0,0.5101091635454027,1.0,nan,nan,0.08209869999882358,nan,0.0,2.1363382970894138e-05,whole_sequence_final_outcome,True
informative,uniform_oblique,0.1,0.18,ordered,retarded_ekf,4,4,1.0,0.5101091635454027,1.0,4,0.0,{},1.108,0.12423548019594668,0.14632162380951583,0.04629880342057667,0.06438229214253437,1.0,0.5101091635454027,1.0,1.5100409513806692,1.0,0.03941370000029565,0.0005602749999727368,0.0,0.0003045106787340423,whole_sequence_final_outcome,True
informative,uniform_oblique,0.1,0.18,ordered,causal_prefix_batch,4,4,1.0,0.5101091635454027,1.0,4,0.0,{},0.30800000000000005,0.12409954791278874,0.14586721363881236,0.04623528619299965,0.06421745233951325,1.0,0.5101091635454027,1.0,nan,nan,0.7091301499949623,nan,0.0,0.00030494772702741756,whole_sequence_final_outcome,True
informative,uniform_oblique,0.1,0.18,ordered,initial_batch_no_updates,4,4,1.0,0.5101091635454027,1.0,4,0.0,{},1.108,1.2929356224727002,1.973406591645011,0.39347459197995166,0.59139911352711,1.0,0.5101091635454027,1.0,nan,nan,0.03300729999500618,nan,2.7755575615628914e-17,0.0004029773144820728,whole_sequence_final_outcome,True
informative,uniform_oblique,0.1,0.18,ordered,offline_full_record_noncausal,4,4,1.0,0.5101091635454027,1.0,4,0.0,{},3.507999999999999,0.12409954791278874,0.14586721363881236,0.04623528619299965,0.06421745233951325,1.0,0.5101091635454027,1.0,nan,nan,0.08142354999836243,nan,0.0,0.00030494772702741756,whole_sequence_final_outcome,True
informative,uniform_oblique,0.1,0.18,reordered,retarded_ekf,4,4,1.0,0.5101091635454027,1.0,4,0.0,{},1.1958361176012187,0.2185006550875195,0.3082792136556264,0.08708710409304588,0.10891176817572659,1.0,0.5101091635454027,1.0,1.658362433796615,0.9722222222222222,0.0448238000026322,0.0006012749999071173,0.0,0.00023359667558914184,whole_sequence_final_outcome,True
informative,uniform_oblique,0.1,0.18,reordered,causal_prefix_batch,4,4,1.0,0.5101091635454027,1.0,4,0.0,{},0.3751850199634859,0.21841060570426407,0.30808321323374827,0.08708879242850896,0.10890442680652875,1.0,0.5101091635454027,1.0,nan,nan,0.7103504999977304,nan,0.0,0.00023369701021391616,whole_sequence_final_outcome,True
informative,uniform_oblique,0.1,0.18,reordered,initial_batch_no_updates,4,4,1.0,0.5101091635454027,1.0,4,0.0,{},1.1958361176012187,1.329124085063443,1.8109741547454976,0.38812010991444135,0.5367104950242817,1.0,0.5101091635454027,1.0,nan,nan,0.03744485000424902,nan,2.7755575615628914e-17,0.00032251296756984375,whole_sequence_final_outcome,True
informative,uniform_oblique,0.1,0.18,reordered,offline_full_record_noncausal,4,4,1.0,0.5101091635454027,1.0,4,0.0,{},3.5110626162940344,0.21841060570426407,0.30808321323374827,0.08708879242850896,0.10890442680652875,1.0,0.5101091635454027,1.0,nan,nan,0.08097369999995863,nan,0.0,0.00023369701021391616,whole_sequence_final_outcome,True
informative,uniform_oblique,0.3,0.5,ordered,retarded_ekf,4,4,1.0,0.5101091635454027,1.0,4,0.0,{},1.108,0.6260568950505971,0.8211002670156397,0.33532314147691866,0.4874013850726272,0.75,0.30064184258240184,0.9544127391902995,1.8384288912406421,0.9722222222222222,0.06784165000317444,0.000809924999986025,0.0,0.002779842418909165,whole_sequence_final_outcome,True
informative,uniform_oblique,0.3,0.5,ordered,causal_prefix_batch,4,4,1.0,0.5101091635454027,1.0,4,0.0,{},0.30800000000000005,0.6254494838313033,0.8177980785594965,0.3363180076999277,0.48846601334081996,0.75,0.30064184258240184,0.9544127391902995,nan,nan,1.0726704500102642,nan,0.0,0.002789930390304759,whole_sequence_final_outcome,True
informative,uniform_oblique,0.3,0.5,ordered,initial_batch_no_updates,4,4,1.0,0.5101091635454027,1.0,4,0.0,{},1.108,3.152962028488614,4.327673722272133,0.9402212275666226,1.3485092857591934,0.75,0.30064184258240184,0.9544127391902995,nan,nan,0.058510900005785516,nan,2.220446049250313e-16,0.0036787369521148936,whole_sequence_final_outcome,True
informative,uniform_oblique,0.3,0.5,ordered,offline_full_record_noncausal,4,4,1.0,0.5101091635454027,1.0,4,0.0,{},3.507999999999999,0.6254494838313033,0.8177980785594965,0.3363180076999277,0.48846601334081996,0.75,0.30064184258240184,0.9544127391902995,nan,nan,0.12543915000060224,nan,0.0,0.002789930390304759,whole_sequence_final_outcome,True
informative,uniform_oblique,0.3,0.5,reordered,retarded_ekf,4,4,1.0,0.5101091635454027,1.0,4,0.0,{},1.080143252837252,0.6913200271963769,0.8013042109709272,0.2622836682132853,0.3305285346204493,1.0,0.5101091635454027,1.0,2.1438316896172083,0.9444444444444444,0.04316715000095428,0.0006006055553168859,0.0,0.002145579570947993,whole_sequence_final_outcome,True
informative,uniform_oblique,0.3,0.5,reordered,causal_prefix_batch,4,4,1.0,0.5101091635454027,1.0,4,0.0,{},0.22643018872046528,0.6914296281724442,0.8023870025945237,0.2621133393223029,0.3305516213657102,1.0,0.5101091635454027,1.0,nan,nan,0.7196203000003152,nan,0.0,0.0021360392004578475,whole_sequence_final_outcome,True
informative,uniform_oblique,0.3,0.5,reordered,initial_batch_no_updates,4,4,1.0,0.5101091635454027,1.0,4,0.0,{},1.080143252837252,5.5357365701143975,6.688730659185051,1.6179625639780995,2.021940305983167,1.0,0.5101091635454027,1.0,nan,nan,0.03646889999981795,nan,2.220446049250313e-16,0.002932424958560284,whole_sequence_final_outcome,True
informative,uniform_oblique,0.3,0.5,reordered,offline_full_record_noncausal,4,4,1.0,0.5101091635454027,1.0,4,0.0,{},3.510335687019733,0.6914296281724442,0.8023870025945237,0.2621133393223029,0.3305516213657102,1.0,0.5101091635454027,1.0,nan,nan,0.08058470000105444,nan,0.0,0.0021360392004578475,whole_sequence_final_outcome,True
poorly_conditioned,stationary,0.03,0.05,ordered,retarded_ekf,4,4,1.0,0.5101091635454027,1.0,4,0.0,{},1.108,0.0676356899613436,0.09879672774094067,0.023100140134106356,0.03304084422944097,1.0,0.5101091635454027,1.0,2.330473907529151,0.8888888888888888,0.037386700001661666,0.0005246638889325873,0.0,3.4515796270568996e-05,whole_sequence_final_outcome,True
poorly_conditioned,stationary,0.03,0.05,ordered,causal_prefix_batch,4,4,1.0,0.5101091635454027,1.0,4,0.0,{},0.6769999999999999,0.06766915551424495,0.09885840517300157,0.023104652942938227,0.03306370397205429,1.0,0.5101091635454027,1.0,nan,nan,0.7371580500002892,nan,0.0,3.452436515915097e-05,whole_sequence_final_outcome,True
poorly_conditioned,stationary,0.03,0.05,ordered,initial_batch_no_updates,4,4,1.0,0.5101091635454027,1.0,4,0.0,{},1.108,0.47434886729484627,0.6974556397693973,0.14360532092816905,0.21021145064756544,1.0,0.5101091635454027,1.0,nan,nan,0.03098964999844611,nan,3.469446951953614e-18,4.595645165501985e-05,whole_sequence_final_outcome,True
poorly_conditioned,stationary,0.03,0.05,ordered,offline_full_record_noncausal,4,4,1.0,0.5101091635454027,1.0,4,0.0,{},3.507999999999999,0.06766915551424495,0.09885840517300157,0.023104652942938227,0.03306370397205429,1.0,0.5101091635454027,1.0,nan,nan,0.07503970000107074,nan,0.0,3.452436515915097e-05,whole_sequence_final_outcome,True
poorly_conditioned,stationary,0.03,0.05,reordered,retarded_ekf,4,4,1.0,0.5101091635454027,1.0,4,0.0,{},1.1005205693384368,0.059558466457601676,0.07454966121879739,0.02856067494337833,0.036758065536074136,1.0,0.5101091635454027,1.0,2.2881436517379328,0.9444444444444444,0.043261599996185396,0.0005539999999907903,0.0,2.813015977085751e-05,whole_sequence_final_outcome,True
poorly_conditioned,stationary,0.03,0.05,reordered,causal_prefix_batch,4,4,1.0,0.5101091635454027,1.0,4,0.0,{},0.6964896398660553,0.05955367438624094,0.0745308981083285,0.028560550182587224,0.03673057196688812,1.0,0.5101091635454027,1.0,nan,nan,1.1698713499918085,nan,0.0,2.813807050331004e-05,whole_sequence_final_outcome,True
poorly_conditioned,stationary,0.03,0.05,reordered,initial_batch_no_updates,4,4,1.0,0.5101091635454027,1.0,4,0.0,{},1.1005205693384368,0.5321777644619247,0.6761045740529147,0.1399052634696304,0.16774194812463528,1.0,0.5101091635454027,1.0,nan,nan,0.03650709999601531,nan,3.469446951953614e-18,3.9136836068672505e-05,whole_sequence_final_outcome,True
poorly_conditioned,stationary,0.03,0.05,reordered,offline_full_record_noncausal,4,4,1.0,0.5101091635454027,1.0,4,0.0,{},3.5094463286205735,0.05955367438624094,0.0745308981083285,0.028560550182587224,0.03673057196688812,1.0,0.5101091635454027,1.0,nan,nan,0.07485284999893338,nan,0.0,2.813807050331004e-05,whole_sequence_final_outcome,True
poorly_conditioned,stationary,0.1,0.18,ordered,retarded_ekf,4,4,1.0,0.5101091635454027,1.0,4,0.0,{},1.108,0.14117918862776369,0.17634662480708774,0.07946696726467975,0.10007823567231199,1.0,0.5101091635454027,1.0,2.28231177561877,0.9166666666666666,0.04006649999246292,0.0005406194447156547,0.0,0.0003930361403806588,whole_sequence_final_outcome,True
poorly_conditioned,stationary,0.1,0.18,ordered,causal_prefix_batch,4,4,1.0,0.5101091635454027,1.0,4,0.0,{},0.7999999999999999,0.14084745274763746,0.17576402958249804,0.07952029665406998,0.10006876321575556,1.0,0.5101091635454027,1.0,nan,nan,1.6066926999974385,nan,0.0,0.0003933651782967655,whole_sequence_final_outcome,True
poorly_conditioned,stationary,0.1,0.18,ordered,initial_batch_no_updates,4,4,1.0,0.5101091635454027,1.0,4,0.0,{},1.108,1.4464150455257931,1.7653690950712262,0.45140774793405825,0.5926738050030426,1.0,0.5101091635454027,1.0,nan,nan,0.033177499997691484,nan,5.551115123125783e-17,0.0005233547950463666,whole_sequence_final_outcome,True
poorly_conditioned,stationary,0.1,0.18,ordered,offline_full_record_noncausal,4,4,1.0,0.5101091635454027,1.0,4,0.0,{},3.507999999999999,0.14084745274763746,0.17576402958249804,0.07952029665406998,0.10006876321575556,1.0,0.5101091635454027,1.0,nan,nan,0.07762374999947497,nan,0.0,0.0003933651782967655,whole_sequence_final_outcome,True
poorly_conditioned,stationary,0.1,0.18,reordered,retarded_ekf,4,4,1.0,0.5101091635454027,1.0,4,0.0,{},1.11812794693386,0.383232051126639,0.5196380242276609,0.13742118478605636,0.2105166256784107,1.0,0.5101091635454027,1.0,2.174701252300012,0.9444444444444444,0.05676245000177005,0.0007451166665204153,0.0,0.0003424937664329946,whole_sequence_final_outcome,True
poorly_conditioned,stationary,0.1,0.18,reordered,causal_prefix_batch,4,4,1.0,0.5101091635454027,1.0,4,0.0,{},0.7807071222555052,0.38321813492425355,0.5193609750257498,0.1373312489657218,0.21027863771811442,1.0,0.5101091635454027,1.0,nan,nan,3.1109453499993833,nan,0.0,0.00034212347260665325,whole_sequence_final_outcome,True
poorly_conditioned,stationary,0.1,0.18,reordered,initial_batch_no_updates,4,4,1.0,0.5101091635454027,1.0,4,0.0,{},1.11812794693386,0.9860738128419331,1.1073514661649455,0.2696644583527699,0.3334145064400266,1.0,0.5101091635454027,1.0,nan,nan,0.04768639999929292,nan,5.551115123125783e-17,0.0004662593393962499,whole_sequence_final_outcome,True
poorly_conditioned,stationary,0.1,0.18,reordered,offline_full_record_noncausal,4,4,1.0,0.5101091635454027,1.0,4,0.0,{},3.4422315869046067,0.38321813492425355,0.5193609750257498,0.1373312489657218,0.21027863771811442,1.0,0.5101091635454027,1.0,nan,nan,0.10276389999853563,nan,0.0,0.00034212347260665325,whole_sequence_final_outcome,True
poorly_conditioned,stationary,0.3,0.5,ordered,retarded_ekf,4,4,1.0,0.5101091635454027,1.0,4,0.0,{},1.108,0.6870217439176826,0.9904915939681133,0.28808178736497875,0.37144896300105434,1.0,0.5101091635454027,1.0,2.4956930301069735,0.9444444444444444,0.03702085000441002,0.0005189055550039888,0.0,0.0034074356029367182,whole_sequence_final_outcome,True
poorly_conditioned,stationary,0.3,0.5,ordered,causal_prefix_batch,4,4,1.0,0.5101091635454027,1.0,4,0.0,{},0.7999999999999999,0.6833172361365176,0.9901911031787165,0.287157335182789,0.3731981526124638,1.0,0.5101091635454027,1.0,nan,nan,1.5614889000025869,nan,0.0,0.0034194373329204278,whole_sequence_final_outcome,True
poorly_conditioned,stationary,0.3,0.5,ordered,initial_batch_no_updates,4,4,1.0,0.5101091635454027,1.0,4,0.0,{},1.108,3.6295536508914155,5.4319420381405426,1.1323414538243557,1.6893138838678532,1.0,0.5101091635454027,1.0,nan,nan,0.030527600001732935,nan,4.440892098500626e-16,0.004528870286560247,whole_sequence_final_outcome,True
poorly_conditioned,stationary,0.3,0.5,ordered,offline_full_record_noncausal,4,4,1.0,0.5101091635454027,1.0,4,0.0,{},3.507999999999999,0.6833172361365176,0.9901911031787165,0.287157335182789,0.3731981526124638,1.0,0.5101091635454027,1.0,nan,nan,0.07947815000079572,nan,0.0,0.0034194373329204278,whole_sequence_final_outcome,True
poorly_conditioned,stationary,0.3,0.5,reordered,retarded_ekf,4,4,1.0,0.5101091635454027,1.0,4,0.0,{},1.0640364045031971,0.6350179028985862,0.7782423055179825,0.24253172775960194,0.2927354232125244,1.0,0.5101091635454027,1.0,1.9154610790658306,0.9444444444444444,0.03940580000198679,0.0005427777780116432,0.0,0.0027529990590319797,whole_sequence_final_outcome,True
poorly_conditioned,stationary,0.3,0.5,reordered,causal_prefix_batch,4,4,1.0,0.5101091635454027,1.0,4,0.0,{},0.7471517129712113,0.6357141085841538,0.7797976639279671,0.24234918151915522,0.29337676586468653,1.0,0.5101091635454027,1.0,nan,nan,2.140665100003389,nan,0.0,0.002755988052780317,whole_sequence_final_outcome,True
poorly_conditioned,stationary,0.3,0.5,reordered,initial_batch_no_updates,4,4,1.0,0.5101091635454027,1.0,4,0.0,{},1.0640364045031971,3.4977715492692756,5.1695274532712965,1.0598387378747125,1.5185652137290846,1.0,0.5101091635454027,1.0,nan,nan,0.032715799992729444,nan,4.440892098500626e-16,0.0038460527385536796,whole_sequence_final_outcome,True
poorly_conditioned,stationary,0.3,0.5,reordered,offline_full_record_noncausal,4,4,1.0,0.5101091635454027,1.0,4,0.0,{},3.5437518346540537,0.6357141085841538,0.7797976639279671,0.24234918151915522,0.29337676586468653,1.0,0.5101091635454027,1.0,nan,nan,0.08301639999990584,nan,0.0,0.002755988052780317,whole_sequence_final_outcome,True
poorly_conditioned,uniform_oblique,0.03,0.05,ordered,retarded_ekf,4,4,1.0,0.5101091635454027,1.0,4,0.0,{},1.108,0.10015959463804308,0.14590270106364062,0.041039197374187396,0.06251753266520764,1.0,0.5101091635454027,1.0,2.000446579353989,0.9166666666666666,0.04512054999577231,0.0005763916662747053,0.0,3.139864152096691e-05,whole_sequence_final_outcome,True
poorly_conditioned,uniform_oblique,0.03,0.05,ordered,causal_prefix_batch,4,4,1.0,0.5101091635454027,1.0,4,0.0,{},0.7999999999999999,0.10010380670497017,0.14579326680697088,0.04100191023358764,0.06245994494925286,1.0,0.5101091635454027,1.0,nan,nan,3.17468700000245,nan,0.0,3.1389256947278945e-05,whole_sequence_final_outcome,True
poorly_conditioned,uniform_oblique,0.03,0.05,ordered,initial_batch_no_updates,4,4,1.0,0.5101091635454027,1.0,4,0.0,{},1.108,0.46089357268737985,0.6183950264769423,0.12865135296759628,0.1706070533192671,1.0,0.5101091635454027,1.0,nan,nan,0.03886074999900302,nan,3.469446951953614e-18,4.2156878121767636e-05,whole_sequence_final_outcome,True
poorly_conditioned,uniform_oblique,0.03,0.05,ordered,offline_full_record_noncausal,4,4,1.0,0.5101091635454027,1.0,4,0.0,{},3.507999999999999,0.10010380670497017,0.14579326680697088,0.04100191023358764,0.06245994494925286,1.0,0.5101091635454027,1.0,nan,nan,0.09305904999928316,nan,0.0,3.1389256947278945e-05,whole_sequence_final_outcome,True
poorly_conditioned,uniform_oblique,0.03,0.05,reordered,retarded_ekf,4,4,1.0,0.5101091635454027,1.0,4,0.0,{},1.2299979363430285,0.054037392157974595,0.07240500520211153,0.02068838182959835,0.02714065112468555,1.0,0.5101091635454027,1.0,2.2952904304420323,0.9166666666666666,0.04524794999997539,0.0005325416666690015,0.0,2.6747558041976835e-05,whole_sequence_final_outcome,True
poorly_conditioned,uniform_oblique,0.03,0.05,reordered,causal_prefix_batch,4,4,1.0,0.5101091635454027,1.0,4,0.0,{},0.8155526925773583,0.054025823139219664,0.07238692580859064,0.020701138971278208,0.027156663548332124,1.0,0.5101091635454027,1.0,nan,nan,2.8760639500087564,nan,0.0,2.6768644829015472e-05,whole_sequence_final_outcome,True
poorly_conditioned,uniform_oblique,0.03,0.05,reordered,initial_batch_no_updates,4,4,1.0,0.5101091635454027,1.0,4,0.0,{},1.2299979363430285,0.44073892125448416,0.5202408453241338,0.12384439460517067,0.14968702566081077,1.0,0.5101091635454027,1.0,nan,nan,0.03860930000337248,nan,6.938893903907228e-18,3.790170698348474e-05,whole_sequence_final_outcome,True
poorly_conditioned,uniform_oblique,0.03,0.05,reordered,offline_full_record_noncausal,4,4,1.0,0.5101091635454027,1.0,4,0.0,{},3.6399377746314134,0.054025823139219664,0.07238692580859064,0.020701138971278208,0.027156663548332124,1.0,0.5101091635454027,1.0,nan,nan,0.09137949999967532,nan,0.0,2.6768644829015472e-05,whole_sequence_final_outcome,True
poorly_conditioned,uniform_oblique,0.1,0.18,ordered,retarded_ekf,4,4,1.0,0.5101091635454027,1.0,4,0.0,{},1.108,0.27712290679711565,0.3848600559856522,0.1361823192518234,0.16098716003481475,1.0,0.5101091635454027,1.0,2.267709455331902,0.9444444444444444,0.0621714000008069,0.0007105861107750874,0.0,0.0003766195489388716,whole_sequence_final_outcome,True
poorly_conditioned,uniform_oblique,0.1,0.18,ordered,causal_prefix_batch,4,4,1.0,0.5101091635454027,1.0,4,0.0,{},0.7999999999999999,0.2771112349500706,0.38478267561857604,0.13611913631280248,0.16093022187907383,1.0,0.5101091635454027,1.0,nan,nan,2.3681124500017177,nan,0.0,0.00037684317557030376,whole_sequence_final_outcome,True
poorly_conditioned,uniform_oblique,0.1,0.18,ordered,initial_batch_no_updates,4,4,1.0,0.5101091635454027,1.0,4,0.0,{},1.108,0.9126011846573191,1.1766303041270387,0.30430915651709306,0.401165358944425,1.0,0.5101091635454027,1.0,nan,nan,0.05335380000360601,nan,5.551115123125783e-17,0.0005090101584117634,whole_sequence_final_outcome,True
poorly_conditioned,uniform_oblique,0.1,0.18,ordered,offline_full_record_noncausal,4,4,1.0,0.5101091635454027,1.0,4,0.0,{},3.507999999999999,0.2771112349500706,0.38478267561857604,0.13611913631280248,0.16093022187907383,1.0,0.5101091635454027,1.0,nan,nan,0.11149870000008377,nan,0.0,0.00037684317557030376,whole_sequence_final_outcome,True
poorly_conditioned,uniform_oblique,0.1,0.18,reordered,retarded_ekf,4,4,1.0,0.5101091635454027,1.0,4,0.0,{},1.2772573870962272,0.22541446701375065,0.2541386493696608,0.09112946090360259,0.1112350887271349,1.0,0.5101091635454027,1.0,1.8588823966627328,1.0,0.03951160000542586,0.0005316444447897892,0.0,0.0003181309971506377,whole_sequence_final_outcome,True
poorly_conditioned,uniform_oblique,0.1,0.18,reordered,causal_prefix_batch,4,4,1.0,0.5101091635454027,1.0,4,0.0,{},0.8907604978794854,0.22542726097950003,0.2545622802010753,0.09102320869737371,0.11142875202003195,1.0,0.5101091635454027,1.0,nan,nan,3.069282549999116,nan,0.0,0.000317217999617091,whole_sequence_final_outcome,True
poorly_conditioned,uniform_oblique,0.1,0.18,reordered,initial_batch_no_updates,4,4,1.0,0.5101091635454027,1.0,4,0.0,{},1.2772573870962272,1.8070259352797053,2.2578648297405213,0.5066426635820511,0.6267334639515059,1.0,0.5101091635454027,1.0,nan,nan,0.03289395000501827,nan,5.551115123125783e-17,0.0004394505144095769,whole_sequence_final_outcome,True
poorly_conditioned,uniform_oblique,0.1,0.18,reordered,offline_full_record_noncausal,4,4,1.0,0.5101091635454027,1.0,4,0.0,{},3.558666607518083,0.22542726097950003,0.2545622802010753,0.09102320869737371,0.11142875202003195,1.0,0.5101091635454027,1.0,nan,nan,0.07783930000005057,nan,0.0,0.000317217999617091,whole_sequence_final_outcome,True
poorly_conditioned,uniform_oblique,0.3,0.5,ordered,retarded_ekf,4,4,1.0,0.5101091635454027,1.0,4,0.0,{},1.108,0.5212091360427439,0.6899934458877705,0.29410077493094133,0.41255398746139077,1.0,0.5101091635454027,1.0,1.5596515878056976,1.0,0.04637754999748722,0.0006375027779641743,0.0,0.0033895795955535407,whole_sequence_final_outcome,True
poorly_conditioned,uniform_oblique,0.3,0.5,ordered,causal_prefix_batch,4,4,1.0,0.5101091635454027,1.0,4,0.0,{},0.7999999999999999,0.5219768073517755,0.6936580782324974,0.29364344036549644,0.41308546800494794,1.0,0.5101091635454027,1.0,nan,nan,1.8626398499964125,nan,0.0,0.003384296658219926,whole_sequence_final_outcome,True
poorly_conditioned,uniform_oblique,0.3,0.5,ordered,initial_batch_no_updates,4,4,1.0,0.5101091635454027,1.0,4,0.0,{},1.108,5.741376367280344,7.550347597775196,1.6903817855613454,2.2484766877547915,1.0,0.5101091635454027,1.0,nan,nan,0.03936055000485794,nan,4.440892098500626e-16,0.004575534771258865,whole_sequence_final_outcome,True
poorly_conditioned,uniform_oblique,0.3,0.5,ordered,offline_full_record_noncausal,4,4,1.0,0.5101091635454027,1.0,4,0.0,{},3.507999999999999,0.5219768073517755,0.6936580782324974,0.29364344036549644,0.41308546800494794,1.0,0.5101091635454027,1.0,nan,nan,0.09410695000042324,nan,0.0,0.003384296658219926,whole_sequence_final_outcome,True
poorly_conditioned,uniform_oblique,0.3,0.5,reordered,retarded_ekf,4,4,1.0,0.5101091635454027,1.0,4,0.0,{},1.1186387900152321,0.8874928943445708,1.1302726891043422,0.37330218623357847,0.5531874566891288,1.0,0.5101091635454027,1.0,1.6214191517359122,0.9722222222222222,0.04781185000865662,0.0005835222220614216,0.0,0.002751189599447264,whole_sequence_final_outcome,True
poorly_conditioned,uniform_oblique,0.3,0.5,reordered,causal_prefix_batch,4,4,1.0,0.5101091635454027,1.0,4,0.0,{},0.8237250417241997,0.886420067987875,1.1279490233300302,0.37110902500562243,0.5504920563398892,1.0,0.5101091635454027,1.0,nan,nan,1.8933684499916126,nan,0.0,0.002757588540533864,whole_sequence_final_outcome,True
poorly_conditioned,uniform_oblique,0.3,0.5,reordered,initial_batch_no_updates,4,4,1.0,0.5101091635454027,1.0,4,0.0,{},1.1186387900152321,4.8837209802648,7.424179084922908,1.353412669728824,1.9708755659218071,1.0,0.5101091635454027,1.0,nan,nan,0.041089949996603536,nan,4.440892098500626e-16,0.003820276243251956,whole_sequence_final_outcome,True
poorly_conditioned,uniform_oblique,0.3,0.5,reordered,offline_full_record_noncausal,4,4,1.0,0.5101091635454027,1.0,4,0.0,{},3.5619874149016177,0.886420067987875,1.1279490233300302,0.37110902500562243,0.5504920563398892,1.0,0.5101091635454027,1.0,nan,nan,0.08736730000055104,nan,0.0,0.002757588540533864,whole_sequence_final_outcome,True
