geometry,geometry_index,sequence_index,base_seed,independent_unit,profile_run_count_per_block,profiles_are_paired,seed_scheme,truth_provenance,truth_seed,nominal_bearing_noise_provenance,nominal_bearing_noise_seed,transport_loss_uniform_provenance,transport_loss_uniform_seed,transport_delay_uniform_provenance,transport_delay_uniform_seed,outlier_mask_uniform_provenance,outlier_mask_uniform_seed,outlier_direction_provenance,outlier_direction_seed
informative,0,0,20260910,whole_base_sequence,9,True,"SeedSequence([base_seed,geometry_index,sequence_index,mechanism_id])",s7cd1:20260910:0:0:truth,16851200148011116536,s7cd1:20260910:0:0:nominal_bearing_noise,13836873569461146076,s7cd1:20260910:0:0:transport_loss_uniform,13213395061692411087,s7cd1:20260910:0:0:transport_delay_uniform,11349404180243611701,s7cd1:20260910:0:0:outlier_mask_uniform,15358284627873340791,s7cd1:20260910:0:0:outlier_direction,16038766168629232954
informative,0,1,20260910,whole_base_sequence,9,True,"SeedSequence([base_seed,geometry_index,sequence_index,mechanism_id])",s7cd1:20260910:0:1:truth,17659467774097097538,s7cd1:20260910:0:1:nominal_bearing_noise,1154650693607207060,s7cd1:20260910:0:1:transport_loss_uniform,17731694898449738289,s7cd1:20260910:0:1:transport_delay_uniform,894539375676034626,s7cd1:20260910:0:1:outlier_mask_uniform,11425528666294240055,s7cd1:20260910:0:1:outlier_direction,15445734074582139170
informative,0,2,20260910,whole_base_sequence,9,True,"SeedSequence([base_seed,geometry_index,sequence_index,mechanism_id])",s7cd1:20260910:0:2:truth,8916804711757041926,s7cd1:20260910:0:2:nominal_bearing_noise,3864953144984530293,s7cd1:20260910:0:2:transport_loss_uniform,6822425392884643856,s7cd1:20260910:0:2:transport_delay_uniform,15039544207543788971,s7cd1:20260910:0:2:outlier_mask_uniform,9457170636657159655,s7cd1:20260910:0:2:outlier_direction,14627037364398405977
informative,0,3,20260910,whole_base_sequence,9,True,"SeedSequence([base_seed,geometry_index,sequence_index,mechanism_id])",s7cd1:20260910:0:3:truth,1204967711474042249,s7cd1:20260910:0:3:nominal_bearing_noise,13519775271209492728,s7cd1:20260910:0:3:transport_loss_uniform,13936685080650698799,s7cd1:20260910:0:3:transport_delay_uniform,3662573302992108806,s7cd1:20260910:0:3:outlier_mask_uniform,2966541863971573600,s7cd1:20260910:0:3:outlier_direction,4331834381167608593
informative,0,4,20260910,whole_base_sequence,9,True,"SeedSequence([base_seed,geometry_index,sequence_index,mechanism_id])",s7cd1:20260910:0:4:truth,12220486731809753978,s7cd1:20260910:0:4:nominal_bearing_noise,3972636056098306547,s7cd1:20260910:0:4:transport_loss_uniform,3037745403183338989,s7cd1:20260910:0:4:transport_delay_uniform,11117665566817039449,s7cd1:20260910:0:4:outlier_mask_uniform,13439582007891964865,s7cd1:20260910:0:4:outlier_direction,16089281140450682607
informative,0,5,20260910,whole_base_sequence,9,True,"SeedSequence([base_seed,geometry_index,sequence_index,mechanism_id])",s7cd1:20260910:0:5:truth,11947894513031007826,s7cd1:20260910:0:5:nominal_bearing_noise,6007285446241827687,s7cd1:20260910:0:5:transport_loss_uniform,2171215521642524717,s7cd1:20260910:0:5:transport_delay_uniform,7939878608151018129,s7cd1:20260910:0:5:outlier_mask_uniform,4808076450857790109,s7cd1:20260910:0:5:outlier_direction,5428199471653268287
informative,0,6,20260910,whole_base_sequence,9,True,"SeedSequence([base_seed,geometry_index,sequence_index,mechanism_id])",s7cd1:20260910:0:6:truth,11353540435426825754,s7cd1:20260910:0:6:nominal_bearing_noise,18066138880670740274,s7cd1:20260910:0:6:transport_loss_uniform,11526304121087575009,s7cd1:20260910:0:6:transport_delay_uniform,11651457616514850618,s7cd1:20260910:0:6:outlier_mask_uniform,6751630202292237713,s7cd1:20260910:0:6:outlier_direction,1845663441615499488
informative,0,7,20260910,whole_base_sequence,9,True,"SeedSequence([base_seed,geometry_index,sequence_index,mechanism_id])",s7cd1:20260910:0:7:truth,8880216562439944714,s7cd1:20260910:0:7:nominal_bearing_noise,4991910727293412744,s7cd1:20260910:0:7:transport_loss_uniform,12517893423309975986,s7cd1:20260910:0:7:transport_delay_uniform,12055097798466865219,s7cd1:20260910:0:7:outlier_mask_uniform,275598422486962291,s7cd1:20260910:0:7:outlier_direction,10788958833420956060
informative,0,8,20260910,whole_base_sequence,9,True,"SeedSequence([base_seed,geometry_index,sequence_index,mechanism_id])",s7cd1:20260910:0:8:truth,12976370259762173290,s7cd1:20260910:0:8:nominal_bearing_noise,5385101657569152118,s7cd1:20260910:0:8:transport_loss_uniform,2145398133647220111,s7cd1:20260910:0:8:transport_delay_uniform,5893923253618449944,s7cd1:20260910:0:8:outlier_mask_uniform,14193125546987745927,s7cd1:20260910:0:8:outlier_direction,14729722323245728124
informative,0,9,20260910,whole_base_sequence,9,True,"SeedSequence([base_seed,geometry_index,sequence_index,mechanism_id])",s7cd1:20260910:0:9:truth,18029417263550496514,s7cd1:20260910:0:9:nominal_bearing_noise,10781458663985279781,s7cd1:20260910:0:9:transport_loss_uniform,4186630381289596673,s7cd1:20260910:0:9:transport_delay_uniform,5949320510713333951,s7cd1:20260910:0:9:outlier_mask_uniform,13496117090729017031,s7cd1:20260910:0:9:outlier_direction,9930983068306845548
informative,0,10,20260910,whole_base_sequence,9,True,"SeedSequence([base_seed,geometry_index,sequence_index,mechanism_id])",s7cd1:20260910:0:10:truth,8137690190483075459,s7cd1:20260910:0:10:nominal_bearing_noise,14761752597871220030,s7cd1:20260910:0:10:transport_loss_uniform,2046946366920617804,s7cd1:20260910:0:10:transport_delay_uniform,7016028943144298446,s7cd1:20260910:0:10:outlier_mask_uniform,1134446683029827218,s7cd1:20260910:0:10:outlier_direction,8758793995174576646
informative,0,11,20260910,whole_base_sequence,9,True,"SeedSequence([base_seed,geometry_index,sequence_index,mechanism_id])",s7cd1:20260910:0:11:truth,15009484573657759115,s7cd1:20260910:0:11:nominal_bearing_noise,15532460276152556856,s7cd1:20260910:0:11:transport_loss_uniform,12103227314919149705,s7cd1:20260910:0:11:transport_delay_uniform,6868513409561369662,s7cd1:20260910:0:11:outlier_mask_uniform,5692762287445458814,s7cd1:20260910:0:11:outlier_direction,12782291959448431777
informative,0,12,20260910,whole_base_sequence,9,True,"SeedSequence([base_seed,geometry_index,sequence_index,mechanism_id])",s7cd1:20260910:0:12:truth,2737896772767839877,s7cd1:20260910:0:12:nominal_bearing_noise,11418659766574829664,s7cd1:20260910:0:12:transport_loss_uniform,14694684457169264194,s7cd1:20260910:0:12:transport_delay_uniform,10346559922204302706,s7cd1:20260910:0:12:outlier_mask_uniform,8347864713131154452,s7cd1:20260910:0:12:outlier_direction,820102716315701524
informative,0,13,20260910,whole_base_sequence,9,True,"SeedSequence([base_seed,geometry_index,sequence_index,mechanism_id])",s7cd1:20260910:0:13:truth,11524349486373960337,s7cd1:20260910:0:13:nominal_bearing_noise,7677179983973521500,s7cd1:20260910:0:13:transport_loss_uniform,125369859099857416,s7cd1:20260910:0:13:transport_delay_uniform,8700836284481385914,s7cd1:20260910:0:13:outlier_mask_uniform,3077787578457870102,s7cd1:20260910:0:13:outlier_direction,11362956251852334810
informative,0,14,20260910,whole_base_sequence,9,True,"SeedSequence([base_seed,geometry_index,sequence_index,mechanism_id])",s7cd1:20260910:0:14:truth,13021063767721237549,s7cd1:20260910:0:14:nominal_bearing_noise,15045817240151776055,s7cd1:20260910:0:14:transport_loss_uniform,12174727394719311354,s7cd1:20260910:0:14:transport_delay_uniform,3313011366069686598,s7cd1:20260910:0:14:outlier_mask_uniform,8896829734729229736,s7cd1:20260910:0:14:outlier_direction,1163932465073977248
informative,0,15,20260910,whole_base_sequence,9,True,"SeedSequence([base_seed,geometry_index,sequence_index,mechanism_id])",s7cd1:20260910:0:15:truth,11860650094044217322,s7cd1:20260910:0:15:nominal_bearing_noise,427637646537134570,s7cd1:20260910:0:15:transport_loss_uniform,11669528353166528358,s7cd1:20260910:0:15:transport_delay_uniform,796199920328410555,s7cd1:20260910:0:15:outlier_mask_uniform,10119389561807187599,s7cd1:20260910:0:15:outlier_direction,6212565491582168397
informative,0,16,20260910,whole_base_sequence,9,True,"SeedSequence([base_seed,geometry_index,sequence_index,mechanism_id])",s7cd1:20260910:0:16:truth,13213965852917712643,s7cd1:20260910:0:16:nominal_bearing_noise,2905334575542651203,s7cd1:20260910:0:16:transport_loss_uniform,11511885999113022139,s7cd1:20260910:0:16:transport_delay_uniform,1030741169438634686,s7cd1:20260910:0:16:outlier_mask_uniform,17692420537294519509,s7cd1:20260910:0:16:outlier_direction,8074301250278893275
informative,0,17,20260910,whole_base_sequence,9,True,"SeedSequence([base_seed,geometry_index,sequence_index,mechanism_id])",s7cd1:20260910:0:17:truth,323128207144077536,s7cd1:20260910:0:17:nominal_bearing_noise,3057040913040553996,s7cd1:20260910:0:17:transport_loss_uniform,10803537407118342877,s7cd1:20260910:0:17:transport_delay_uniform,743131944527379686,s7cd1:20260910:0:17:outlier_mask_uniform,17431993427736211830,s7cd1:20260910:0:17:outlier_direction,4589090477768580439
informative,0,18,20260910,whole_base_sequence,9,True,"SeedSequence([base_seed,geometry_index,sequence_index,mechanism_id])",s7cd1:20260910:0:18:truth,13781213116744411553,s7cd1:20260910:0:18:nominal_bearing_noise,4865869991420634499,s7cd1:20260910:0:18:transport_loss_uniform,8953947674010846225,s7cd1:20260910:0:18:transport_delay_uniform,7610695791727974380,s7cd1:20260910:0:18:outlier_mask_uniform,2802344990475614610,s7cd1:20260910:0:18:outlier_direction,15536145892798308715
informative,0,19,20260910,whole_base_sequence,9,True,"SeedSequence([base_seed,geometry_index,sequence_index,mechanism_id])",s7cd1:20260910:0:19:truth,3358839030609240532,s7cd1:20260910:0:19:nominal_bearing_noise,17771908929735214454,s7cd1:20260910:0:19:transport_loss_uniform,13340225177164078349,s7cd1:20260910:0:19:transport_delay_uniform,17081215074017128185,s7cd1:20260910:0:19:outlier_mask_uniform,17676960030356988025,s7cd1:20260910:0:19:outlier_direction,14978971364928068559
informative,0,20,20260910,whole_base_sequence,9,True,"SeedSequence([base_seed,geometry_index,sequence_index,mechanism_id])",s7cd1:20260910:0:20:truth,15839318486493561118,s7cd1:20260910:0:20:nominal_bearing_noise,6602612331515392124,s7cd1:20260910:0:20:transport_loss_uniform,584407861018488897,s7cd1:20260910:0:20:transport_delay_uniform,8797989261568436967,s7cd1:20260910:0:20:outlier_mask_uniform,6955100626565667568,s7cd1:20260910:0:20:outlier_direction,4804152786880664871
informative,0,21,20260910,whole_base_sequence,9,True,"SeedSequence([base_seed,geometry_index,sequence_index,mechanism_id])",s7cd1:20260910:0:21:truth,2046046602575179620,s7cd1:20260910:0:21:nominal_bearing_noise,13138365343905583248,s7cd1:20260910:0:21:transport_loss_uniform,1392758576828261546,s7cd1:20260910:0:21:transport_delay_uniform,7444049971512929222,s7cd1:20260910:0:21:outlier_mask_uniform,16770029962687093898,s7cd1:20260910:0:21:outlier_direction,6192251176037859731
informative,0,22,20260910,whole_base_sequence,9,True,"SeedSequence([base_seed,geometry_index,sequence_index,mechanism_id])",s7cd1:20260910:0:22:truth,11902483148993206490,s7cd1:20260910:0:22:nominal_bearing_noise,15914048678104145820,s7cd1:20260910:0:22:transport_loss_uniform,3145119890715949828,s7cd1:20260910:0:22:transport_delay_uniform,6356400645778267296,s7cd1:20260910:0:22:outlier_mask_uniform,8442335609875059878,s7cd1:20260910:0:22:outlier_direction,7195926781548304949
informative,0,23,20260910,whole_base_sequence,9,True,"SeedSequence([base_seed,geometry_index,sequence_index,mechanism_id])",s7cd1:20260910:0:23:truth,5450227356877057511,s7cd1:20260910:0:23:nominal_bearing_noise,15330061416829708019,s7cd1:20260910:0:23:transport_loss_uniform,4499263335951669201,s7cd1:20260910:0:23:transport_delay_uniform,10720646189951513697,s7cd1:20260910:0:23:outlier_mask_uniform,7538357732183518187,s7cd1:20260910:0:23:outlier_direction,9016477415670523042
informative,0,24,20260910,whole_base_sequence,9,True,"SeedSequence([base_seed,geometry_index,sequence_index,mechanism_id])",s7cd1:20260910:0:24:truth,7748110875322749569,s7cd1:20260910:0:24:nominal_bearing_noise,2105466968845264547,s7cd1:20260910:0:24:transport_loss_uniform,5486243171871525697,s7cd1:20260910:0:24:transport_delay_uniform,10108109745183439555,s7cd1:20260910:0:24:outlier_mask_uniform,9045504548224107054,s7cd1:20260910:0:24:outlier_direction,16086691139180602753
informative,0,25,20260910,whole_base_sequence,9,True,"SeedSequence([base_seed,geometry_index,sequence_index,mechanism_id])",s7cd1:20260910:0:25:truth,2319615822530411492,s7cd1:20260910:0:25:nominal_bearing_noise,2380340445513925787,s7cd1:20260910:0:25:transport_loss_uniform,14216464965888203199,s7cd1:20260910:0:25:transport_delay_uniform,8126458494503640496,s7cd1:20260910:0:25:outlier_mask_uniform,12568388807565889095,s7cd1:20260910:0:25:outlier_direction,5636555302012633713
informative,0,26,20260910,whole_base_sequence,9,True,"SeedSequence([base_seed,geometry_index,sequence_index,mechanism_id])",s7cd1:20260910:0:26:truth,10691362591120696793,s7cd1:20260910:0:26:nominal_bearing_noise,12668452928338091969,s7cd1:20260910:0:26:transport_loss_uniform,4308927703410552058,s7cd1:20260910:0:26:transport_delay_uniform,9240145015370712907,s7cd1:20260910:0:26:outlier_mask_uniform,17346750071265596127,s7cd1:20260910:0:26:outlier_direction,10501227945625320175
informative,0,27,20260910,whole_base_sequence,9,True,"SeedSequence([base_seed,geometry_index,sequence_index,mechanism_id])",s7cd1:20260910:0:27:truth,3050851479909050599,s7cd1:20260910:0:27:nominal_bearing_noise,8137734244405125656,s7cd1:20260910:0:27:transport_loss_uniform,2770028867662295520,s7cd1:20260910:0:27:transport_delay_uniform,15718852277546400263,s7cd1:20260910:0:27:outlier_mask_uniform,7378258827219320968,s7cd1:20260910:0:27:outlier_direction,11140190589803164013
informative,0,28,20260910,whole_base_sequence,9,True,"SeedSequence([base_seed,geometry_index,sequence_index,mechanism_id])",s7cd1:20260910:0:28:truth,10434426435756922142,s7cd1:20260910:0:28:nominal_bearing_noise,10162139136262598083,s7cd1:20260910:0:28:transport_loss_uniform,2957037633792142954,s7cd1:20260910:0:28:transport_delay_uniform,3929339059768146748,s7cd1:20260910:0:28:outlier_mask_uniform,2201270654794649311,s7cd1:20260910:0:28:outlier_direction,5749198642262301964
informative,0,29,20260910,whole_base_sequence,9,True,"SeedSequence([base_seed,geometry_index,sequence_index,mechanism_id])",s7cd1:20260910:0:29:truth,6950934439427326315,s7cd1:20260910:0:29:nominal_bearing_noise,4353363613292032415,s7cd1:20260910:0:29:transport_loss_uniform,17095654421671765031,s7cd1:20260910:0:29:transport_delay_uniform,7214854437563790097,s7cd1:20260910:0:29:outlier_mask_uniform,3660923154906091087,s7cd1:20260910:0:29:outlier_direction,11136448489017716194
informative,0,30,20260910,whole_base_sequence,9,True,"SeedSequence([base_seed,geometry_index,sequence_index,mechanism_id])",s7cd1:20260910:0:30:truth,14711253193748331221,s7cd1:20260910:0:30:nominal_bearing_noise,10995221701420881484,s7cd1:20260910:0:30:transport_loss_uniform,626753088649931323,s7cd1:20260910:0:30:transport_delay_uniform,841890912638048461,s7cd1:20260910:0:30:outlier_mask_uniform,2745090910487490686,s7cd1:20260910:0:30:outlier_direction,9571326923789119217
informative,0,31,20260910,whole_base_sequence,9,True,"SeedSequence([base_seed,geometry_index,sequence_index,mechanism_id])",s7cd1:20260910:0:31:truth,5302542285100348047,s7cd1:20260910:0:31:nominal_bearing_noise,16151736980109267048,s7cd1:20260910:0:31:transport_loss_uniform,6311184521046445428,s7cd1:20260910:0:31:transport_delay_uniform,3482241654925410670,s7cd1:20260910:0:31:outlier_mask_uniform,12152881836360633900,s7cd1:20260910:0:31:outlier_direction,9368214864336289835
informative,0,32,20260910,whole_base_sequence,9,True,"SeedSequence([base_seed,geometry_index,sequence_index,mechanism_id])",s7cd1:20260910:0:32:truth,17160356613857477207,s7cd1:20260910:0:32:nominal_bearing_noise,14063736730698608751,s7cd1:20260910:0:32:transport_loss_uniform,7893874952730565653,s7cd1:20260910:0:32:transport_delay_uniform,16261139393854894803,s7cd1:20260910:0:32:outlier_mask_uniform,13064850286380493409,s7cd1:20260910:0:32:outlier_direction,13336019120998605458
informative,0,33,20260910,whole_base_sequence,9,True,"SeedSequence([base_seed,geometry_index,sequence_index,mechanism_id])",s7cd1:20260910:0:33:truth,17396795516165733055,s7cd1:20260910:0:33:nominal_bearing_noise,16902962716850710448,s7cd1:20260910:0:33:transport_loss_uniform,18041228537233754458,s7cd1:20260910:0:33:transport_delay_uniform,5450360371174514646,s7cd1:20260910:0:33:outlier_mask_uniform,11490040812320072454,s7cd1:20260910:0:33:outlier_direction,4822889851709949542
informative,0,34,20260910,whole_base_sequence,9,True,"SeedSequence([base_seed,geometry_index,sequence_index,mechanism_id])",s7cd1:20260910:0:34:truth,8347575215315540003,s7cd1:20260910:0:34:nominal_bearing_noise,15885795558192851221,s7cd1:20260910:0:34:transport_loss_uniform,3026436960862185397,s7cd1:20260910:0:34:transport_delay_uniform,9495610394458651664,s7cd1:20260910:0:34:outlier_mask_uniform,3282894193256902204,s7cd1:20260910:0:34:outlier_direction,10270350304285713519
informative,0,35,20260910,whole_base_sequence,9,True,"SeedSequence([base_seed,geometry_index,sequence_index,mechanism_id])",s7cd1:20260910:0:35:truth,7993365959843917192,s7cd1:20260910:0:35:nominal_bearing_noise,3851820391879711955,s7cd1:20260910:0:35:transport_loss_uniform,13780669285086574663,s7cd1:20260910:0:35:transport_delay_uniform,9796701253364929571,s7cd1:20260910:0:35:outlier_mask_uniform,5620852285083558103,s7cd1:20260910:0:35:outlier_direction,3385848166391554649
informative,0,36,20260910,whole_base_sequence,9,True,"SeedSequence([base_seed,geometry_index,sequence_index,mechanism_id])",s7cd1:20260910:0:36:truth,3422635015660446007,s7cd1:20260910:0:36:nominal_bearing_noise,2293395482798751872,s7cd1:20260910:0:36:transport_loss_uniform,17817843830975021639,s7cd1:20260910:0:36:transport_delay_uniform,12561878161458083378,s7cd1:20260910:0:36:outlier_mask_uniform,4114394774307829184,s7cd1:20260910:0:36:outlier_direction,13169449031382820278
informative,0,37,20260910,whole_base_sequence,9,True,"SeedSequence([base_seed,geometry_index,sequence_index,mechanism_id])",s7cd1:20260910:0:37:truth,8328464172069427588,s7cd1:20260910:0:37:nominal_bearing_noise,18408871375844703681,s7cd1:20260910:0:37:transport_loss_uniform,10082060192468962527,s7cd1:20260910:0:37:transport_delay_uniform,15198777620648817409,s7cd1:20260910:0:37:outlier_mask_uniform,11596205964620780870,s7cd1:20260910:0:37:outlier_direction,10725104047094474279
informative,0,38,20260910,whole_base_sequence,9,True,"SeedSequence([base_seed,geometry_index,sequence_index,mechanism_id])",s7cd1:20260910:0:38:truth,9331301610355904127,s7cd1:20260910:0:38:nominal_bearing_noise,3733301516552054015,s7cd1:20260910:0:38:transport_loss_uniform,17355697053538020338,s7cd1:20260910:0:38:transport_delay_uniform,12556171556692207847,s7cd1:20260910:0:38:outlier_mask_uniform,3189486132663902052,s7cd1:20260910:0:38:outlier_direction,14970434615345975281
informative,0,39,20260910,whole_base_sequence,9,True,"SeedSequence([base_seed,geometry_index,sequence_index,mechanism_id])",s7cd1:20260910:0:39:truth,17106779762177165051,s7cd1:20260910:0:39:nominal_bearing_noise,15624095811255439488,s7cd1:20260910:0:39:transport_loss_uniform,4888406929229127357,s7cd1:20260910:0:39:transport_delay_uniform,13122392267089539874,s7cd1:20260910:0:39:outlier_mask_uniform,2696245757042840558,s7cd1:20260910:0:39:outlier_direction,1744731830802347329
informative,0,40,20260910,whole_base_sequence,9,True,"SeedSequence([base_seed,geometry_index,sequence_index,mechanism_id])",s7cd1:20260910:0:40:truth,9889738891001023088,s7cd1:20260910:0:40:nominal_bearing_noise,11937052168561121303,s7cd1:20260910:0:40:transport_loss_uniform,12408977001129185962,s7cd1:20260910:0:40:transport_delay_uniform,12231574198432768246,s7cd1:20260910:0:40:outlier_mask_uniform,10241900875870409605,s7cd1:20260910:0:40:outlier_direction,18433054436081675115
informative,0,41,20260910,whole_base_sequence,9,True,"SeedSequence([base_seed,geometry_index,sequence_index,mechanism_id])",s7cd1:20260910:0:41:truth,13566836862968348102,s7cd1:20260910:0:41:nominal_bearing_noise,10255435156936489044,s7cd1:20260910:0:41:transport_loss_uniform,2054423125279449459,s7cd1:20260910:0:41:transport_delay_uniform,4442075496520608021,s7cd1:20260910:0:41:outlier_mask_uniform,8674539527394858142,s7cd1:20260910:0:41:outlier_direction,7416173622666937325
informative,0,42,20260910,whole_base_sequence,9,True,"SeedSequence([base_seed,geometry_index,sequence_index,mechanism_id])",s7cd1:20260910:0:42:truth,18199678516614289143,s7cd1:20260910:0:42:nominal_bearing_noise,3350144245421697612,s7cd1:20260910:0:42:transport_loss_uniform,13880925484014514059,s7cd1:20260910:0:42:transport_delay_uniform,12998498666133862585,s7cd1:20260910:0:42:outlier_mask_uniform,10901388022045898569,s7cd1:20260910:0:42:outlier_direction,9929412992760818619
informative,0,43,20260910,whole_base_sequence,9,True,"SeedSequence([base_seed,geometry_index,sequence_index,mechanism_id])",s7cd1:20260910:0:43:truth,13786475693146697502,s7cd1:20260910:0:43:nominal_bearing_noise,3729076953714764774,s7cd1:20260910:0:43:transport_loss_uniform,14173843755153278864,s7cd1:20260910:0:43:transport_delay_uniform,8678356215516065253,s7cd1:20260910:0:43:outlier_mask_uniform,18234938178827209834,s7cd1:20260910:0:43:outlier_direction,6358782643351185880
informative,0,44,20260910,whole_base_sequence,9,True,"SeedSequence([base_seed,geometry_index,sequence_index,mechanism_id])",s7cd1:20260910:0:44:truth,13288039963040280095,s7cd1:20260910:0:44:nominal_bearing_noise,10179526411680647574,s7cd1:20260910:0:44:transport_loss_uniform,13932093876959305998,s7cd1:20260910:0:44:transport_delay_uniform,15238448471261975617,s7cd1:20260910:0:44:outlier_mask_uniform,7792165809911674990,s7cd1:20260910:0:44:outlier_direction,13458109511175978560
informative,0,45,20260910,whole_base_sequence,9,True,"SeedSequence([base_seed,geometry_index,sequence_index,mechanism_id])",s7cd1:20260910:0:45:truth,1974470966891861029,s7cd1:20260910:0:45:nominal_bearing_noise,5733582036659877118,s7cd1:20260910:0:45:transport_loss_uniform,14523296814041107419,s7cd1:20260910:0:45:transport_delay_uniform,15898990341344772800,s7cd1:20260910:0:45:outlier_mask_uniform,7094714471402233786,s7cd1:20260910:0:45:outlier_direction,14215032361861406298
informative,0,46,20260910,whole_base_sequence,9,True,"SeedSequence([base_seed,geometry_index,sequence_index,mechanism_id])",s7cd1:20260910:0:46:truth,3373786424014754685,s7cd1:20260910:0:46:nominal_bearing_noise,4907188120631076327,s7cd1:20260910:0:46:transport_loss_uniform,5164329076068083309,s7cd1:20260910:0:46:transport_delay_uniform,4798087385061869669,s7cd1:20260910:0:46:outlier_mask_uniform,6555284156463072398,s7cd1:20260910:0:46:outlier_direction,8245925867491832784
informative,0,47,20260910,whole_base_sequence,9,True,"SeedSequence([base_seed,geometry_index,sequence_index,mechanism_id])",s7cd1:20260910:0:47:truth,11322391968674909374,s7cd1:20260910:0:47:nominal_bearing_noise,8651205170123612991,s7cd1:20260910:0:47:transport_loss_uniform,14589013188459241999,s7cd1:20260910:0:47:transport_delay_uniform,15407780726865737486,s7cd1:20260910:0:47:outlier_mask_uniform,8810966233105213006,s7cd1:20260910:0:47:outlier_direction,5279627082494236261
informative,0,48,20260910,whole_base_sequence,9,True,"SeedSequence([base_seed,geometry_index,sequence_index,mechanism_id])",s7cd1:20260910:0:48:truth,4350212233164598426,s7cd1:20260910:0:48:nominal_bearing_noise,17874446339186255560,s7cd1:20260910:0:48:transport_loss_uniform,7392756401224583260,s7cd1:20260910:0:48:transport_delay_uniform,9547143800159815719,s7cd1:20260910:0:48:outlier_mask_uniform,8205334548427967165,s7cd1:20260910:0:48:outlier_direction,1105428160803876118
informative,0,49,20260910,whole_base_sequence,9,True,"SeedSequence([base_seed,geometry_index,sequence_index,mechanism_id])",s7cd1:20260910:0:49:truth,2136695309304266766,s7cd1:20260910:0:49:nominal_bearing_noise,17183033211308910730,s7cd1:20260910:0:49:transport_loss_uniform,6407666393571948466,s7cd1:20260910:0:49:transport_delay_uniform,4798974106326483399,s7cd1:20260910:0:49:outlier_mask_uniform,4071471459415630164,s7cd1:20260910:0:49:outlier_direction,2842421889784258560
informative,0,50,20260910,whole_base_sequence,9,True,"SeedSequence([base_seed,geometry_index,sequence_index,mechanism_id])",s7cd1:20260910:0:50:truth,5672212055836424943,s7cd1:20260910:0:50:nominal_bearing_noise,16018171719784090816,s7cd1:20260910:0:50:transport_loss_uniform,1521246897493008636,s7cd1:20260910:0:50:transport_delay_uniform,7977548281980650155,s7cd1:20260910:0:50:outlier_mask_uniform,2892671962331052008,s7cd1:20260910:0:50:outlier_direction,10308012575275660600
informative,0,51,20260910,whole_base_sequence,9,True,"SeedSequence([base_seed,geometry_index,sequence_index,mechanism_id])",s7cd1:20260910:0:51:truth,16445318130354674167,s7cd1:20260910:0:51:nominal_bearing_noise,6977995081447758615,s7cd1:20260910:0:51:transport_loss_uniform,7198147026658881207,s7cd1:20260910:0:51:transport_delay_uniform,6275098529977585237,s7cd1:20260910:0:51:outlier_mask_uniform,12164984961175314437,s7cd1:20260910:0:51:outlier_direction,80327025012298100
informative,0,52,20260910,whole_base_sequence,9,True,"SeedSequence([base_seed,geometry_index,sequence_index,mechanism_id])",s7cd1:20260910:0:52:truth,5872390834030787524,s7cd1:20260910:0:52:nominal_bearing_noise,10785967895404901406,s7cd1:20260910:0:52:transport_loss_uniform,7828272059238932674,s7cd1:20260910:0:52:transport_delay_uniform,12982967048362904323,s7cd1:20260910:0:52:outlier_mask_uniform,11244708584302054277,s7cd1:20260910:0:52:outlier_direction,1543463124141911975
informative,0,53,20260910,whole_base_sequence,9,True,"SeedSequence([base_seed,geometry_index,sequence_index,mechanism_id])",s7cd1:20260910:0:53:truth,13028969663906600603,s7cd1:20260910:0:53:nominal_bearing_noise,11831410428778326918,s7cd1:20260910:0:53:transport_loss_uniform,17300929540857249483,s7cd1:20260910:0:53:transport_delay_uniform,15496732560082635930,s7cd1:20260910:0:53:outlier_mask_uniform,3062576373610357749,s7cd1:20260910:0:53:outlier_direction,18088024164526452809
informative,0,54,20260910,whole_base_sequence,9,True,"SeedSequence([base_seed,geometry_index,sequence_index,mechanism_id])",s7cd1:20260910:0:54:truth,11564715692778531731,s7cd1:20260910:0:54:nominal_bearing_noise,6129722190907170125,s7cd1:20260910:0:54:transport_loss_uniform,4831593199375565837,s7cd1:20260910:0:54:transport_delay_uniform,12878885634289162313,s7cd1:20260910:0:54:outlier_mask_uniform,12234669068808121648,s7cd1:20260910:0:54:outlier_direction,17827647601301821949
informative,0,55,20260910,whole_base_sequence,9,True,"SeedSequence([base_seed,geometry_index,sequence_index,mechanism_id])",s7cd1:20260910:0:55:truth,7861209795883315698,s7cd1:20260910:0:55:nominal_bearing_noise,15197332627663406066,s7cd1:20260910:0:55:transport_loss_uniform,15713305640686922635,s7cd1:20260910:0:55:transport_delay_uniform,12929697012820071314,s7cd1:20260910:0:55:outlier_mask_uniform,50968590380394364,s7cd1:20260910:0:55:outlier_direction,2394880970335908286
informative,0,56,20260910,whole_base_sequence,9,True,"SeedSequence([base_seed,geometry_index,sequence_index,mechanism_id])",s7cd1:20260910:0:56:truth,1382055188649733015,s7cd1:20260910:0:56:nominal_bearing_noise,10252707443381393013,s7cd1:20260910:0:56:transport_loss_uniform,14425193469981124254,s7cd1:20260910:0:56:transport_delay_uniform,16144301925045864907,s7cd1:20260910:0:56:outlier_mask_uniform,988966896251243353,s7cd1:20260910:0:56:outlier_direction,14845548111372217512
informative,0,57,20260910,whole_base_sequence,9,True,"SeedSequence([base_seed,geometry_index,sequence_index,mechanism_id])",s7cd1:20260910:0:57:truth,17395319999033039194,s7cd1:20260910:0:57:nominal_bearing_noise,15250860174184453771,s7cd1:20260910:0:57:transport_loss_uniform,9511537466954089765,s7cd1:20260910:0:57:transport_delay_uniform,8937829498370941240,s7cd1:20260910:0:57:outlier_mask_uniform,2709370850169211910,s7cd1:20260910:0:57:outlier_direction,17385997277159844524
informative,0,58,20260910,whole_base_sequence,9,True,"SeedSequence([base_seed,geometry_index,sequence_index,mechanism_id])",s7cd1:20260910:0:58:truth,6379301855538306338,s7cd1:20260910:0:58:nominal_bearing_noise,4323098864984472082,s7cd1:20260910:0:58:transport_loss_uniform,1352681814356670009,s7cd1:20260910:0:58:transport_delay_uniform,5649613930404620043,s7cd1:20260910:0:58:outlier_mask_uniform,2233043886465400066,s7cd1:20260910:0:58:outlier_direction,3930341601620167434
informative,0,59,20260910,whole_base_sequence,9,True,"SeedSequence([base_seed,geometry_index,sequence_index,mechanism_id])",s7cd1:20260910:0:59:truth,15537531793575646170,s7cd1:20260910:0:59:nominal_bearing_noise,11744972202573532238,s7cd1:20260910:0:59:transport_loss_uniform,13552150351140784209,s7cd1:20260910:0:59:transport_delay_uniform,6968569856203006734,s7cd1:20260910:0:59:outlier_mask_uniform,13544492459020368090,s7cd1:20260910:0:59:outlier_direction,7856103471964180767
informative,0,60,20260910,whole_base_sequence,9,True,"SeedSequence([base_seed,geometry_index,sequence_index,mechanism_id])",s7cd1:20260910:0:60:truth,17965483727652846410,s7cd1:20260910:0:60:nominal_bearing_noise,14758781400098324751,s7cd1:20260910:0:60:transport_loss_uniform,11495767012271570420,s7cd1:20260910:0:60:transport_delay_uniform,5204872837664125096,s7cd1:20260910:0:60:outlier_mask_uniform,1004424947279104587,s7cd1:20260910:0:60:outlier_direction,16012015525226148904
informative,0,61,20260910,whole_base_sequence,9,True,"SeedSequence([base_seed,geometry_index,sequence_index,mechanism_id])",s7cd1:20260910:0:61:truth,7210573910047394373,s7cd1:20260910:0:61:nominal_bearing_noise,9404676176847903407,s7cd1:20260910:0:61:transport_loss_uniform,8466088439739796717,s7cd1:20260910:0:61:transport_delay_uniform,8988140217475249407,s7cd1:20260910:0:61:outlier_mask_uniform,6355421463076719357,s7cd1:20260910:0:61:outlier_direction,14565813149661884616
informative,0,62,20260910,whole_base_sequence,9,True,"SeedSequence([base_seed,geometry_index,sequence_index,mechanism_id])",s7cd1:20260910:0:62:truth,8566766004839975696,s7cd1:20260910:0:62:nominal_bearing_noise,1375942822274266270,s7cd1:20260910:0:62:transport_loss_uniform,11561811614645916004,s7cd1:20260910:0:62:transport_delay_uniform,594003846783475077,s7cd1:20260910:0:62:outlier_mask_uniform,16323495904693479085,s7cd1:20260910:0:62:outlier_direction,8628872055421804631
informative,0,63,20260910,whole_base_sequence,9,True,"SeedSequence([base_seed,geometry_index,sequence_index,mechanism_id])",s7cd1:20260910:0:63:truth,10933649219258873813,s7cd1:20260910:0:63:nominal_bearing_noise,5337905199271988842,s7cd1:20260910:0:63:transport_loss_uniform,8762904913880411018,s7cd1:20260910:0:63:transport_delay_uniform,13774464302653381834,s7cd1:20260910:0:63:outlier_mask_uniform,11313240979901449829,s7cd1:20260910:0:63:outlier_direction,15188095229247832910
informative,0,64,20260910,whole_base_sequence,9,True,"SeedSequence([base_seed,geometry_index,sequence_index,mechanism_id])",s7cd1:20260910:0:64:truth,13832317322729140909,s7cd1:20260910:0:64:nominal_bearing_noise,14796459358770711266,s7cd1:20260910:0:64:transport_loss_uniform,16511723490661406982,s7cd1:20260910:0:64:transport_delay_uniform,12271269674133201045,s7cd1:20260910:0:64:outlier_mask_uniform,3680196728835136837,s7cd1:20260910:0:64:outlier_direction,9839250546410973399
informative,0,65,20260910,whole_base_sequence,9,True,"SeedSequence([base_seed,geometry_index,sequence_index,mechanism_id])",s7cd1:20260910:0:65:truth,17054040789073844454,s7cd1:20260910:0:65:nominal_bearing_noise,14892456041719659545,s7cd1:20260910:0:65:transport_loss_uniform,10480939104511028995,s7cd1:20260910:0:65:transport_delay_uniform,13912343248223029018,s7cd1:20260910:0:65:outlier_mask_uniform,2779951980793194147,s7cd1:20260910:0:65:outlier_direction,9514399975967939514
informative,0,66,20260910,whole_base_sequence,9,True,"SeedSequence([base_seed,geometry_index,sequence_index,mechanism_id])",s7cd1:20260910:0:66:truth,1500420539514996952,s7cd1:20260910:0:66:nominal_bearing_noise,7142977395843677761,s7cd1:20260910:0:66:transport_loss_uniform,750135881377992850,s7cd1:20260910:0:66:transport_delay_uniform,16517560987527359002,s7cd1:20260910:0:66:outlier_mask_uniform,4594341376185065587,s7cd1:20260910:0:66:outlier_direction,3224005009013487393
informative,0,67,20260910,whole_base_sequence,9,True,"SeedSequence([base_seed,geometry_index,sequence_index,mechanism_id])",s7cd1:20260910:0:67:truth,6937770824329821049,s7cd1:20260910:0:67:nominal_bearing_noise,6073902971793278400,s7cd1:20260910:0:67:transport_loss_uniform,8478546038875779365,s7cd1:20260910:0:67:transport_delay_uniform,18028673075848361187,s7cd1:20260910:0:67:outlier_mask_uniform,17493996508884074539,s7cd1:20260910:0:67:outlier_direction,255040609522013508
informative,0,68,20260910,whole_base_sequence,9,True,"SeedSequence([base_seed,geometry_index,sequence_index,mechanism_id])",s7cd1:20260910:0:68:truth,7360472417911531511,s7cd1:20260910:0:68:nominal_bearing_noise,15427412830754473659,s7cd1:20260910:0:68:transport_loss_uniform,18251530740339972578,s7cd1:20260910:0:68:transport_delay_uniform,7681846718657431390,s7cd1:20260910:0:68:outlier_mask_uniform,9569029876255640653,s7cd1:20260910:0:68:outlier_direction,8238442852897300674
informative,0,69,20260910,whole_base_sequence,9,True,"SeedSequence([base_seed,geometry_index,sequence_index,mechanism_id])",s7cd1:20260910:0:69:truth,10280966144522275543,s7cd1:20260910:0:69:nominal_bearing_noise,5618798088027831585,s7cd1:20260910:0:69:transport_loss_uniform,6669524828981714116,s7cd1:20260910:0:69:transport_delay_uniform,1556580981979972995,s7cd1:20260910:0:69:outlier_mask_uniform,895261982577054568,s7cd1:20260910:0:69:outlier_direction,1334929669195800442
informative,0,70,20260910,whole_base_sequence,9,True,"SeedSequence([base_seed,geometry_index,sequence_index,mechanism_id])",s7cd1:20260910:0:70:truth,3699217825311777699,s7cd1:20260910:0:70:nominal_bearing_noise,9267140822877861331,s7cd1:20260910:0:70:transport_loss_uniform,6960997961451138362,s7cd1:20260910:0:70:transport_delay_uniform,5665602943875878547,s7cd1:20260910:0:70:outlier_mask_uniform,14164841305117958873,s7cd1:20260910:0:70:outlier_direction,16456416369470190712
informative,0,71,20260910,whole_base_sequence,9,True,"SeedSequence([base_seed,geometry_index,sequence_index,mechanism_id])",s7cd1:20260910:0:71:truth,983850200271317844,s7cd1:20260910:0:71:nominal_bearing_noise,6737593768315545933,s7cd1:20260910:0:71:transport_loss_uniform,16869410158913522586,s7cd1:20260910:0:71:transport_delay_uniform,800977326871725119,s7cd1:20260910:0:71:outlier_mask_uniform,15772849599499580472,s7cd1:20260910:0:71:outlier_direction,13252465420948670933
informative,0,72,20260910,whole_base_sequence,9,True,"SeedSequence([base_seed,geometry_index,sequence_index,mechanism_id])",s7cd1:20260910:0:72:truth,10179204898243837403,s7cd1:20260910:0:72:nominal_bearing_noise,5088739734874912469,s7cd1:20260910:0:72:transport_loss_uniform,15915155234852169159,s7cd1:20260910:0:72:transport_delay_uniform,7493916266039643416,s7cd1:20260910:0:72:outlier_mask_uniform,13720394292014293905,s7cd1:20260910:0:72:outlier_direction,16151127504384443221
informative,0,73,20260910,whole_base_sequence,9,True,"SeedSequence([base_seed,geometry_index,sequence_index,mechanism_id])",s7cd1:20260910:0:73:truth,1630559309467097934,s7cd1:20260910:0:73:nominal_bearing_noise,18250326042014848853,s7cd1:20260910:0:73:transport_loss_uniform,417089713019812272,s7cd1:20260910:0:73:transport_delay_uniform,10182011301287235177,s7cd1:20260910:0:73:outlier_mask_uniform,6031334405527314748,s7cd1:20260910:0:73:outlier_direction,6412229802496110055
informative,0,74,20260910,whole_base_sequence,9,True,"SeedSequence([base_seed,geometry_index,sequence_index,mechanism_id])",s7cd1:20260910:0:74:truth,14538449902556557550,s7cd1:20260910:0:74:nominal_bearing_noise,10155333442679968202,s7cd1:20260910:0:74:transport_loss_uniform,2759313290545402496,s7cd1:20260910:0:74:transport_delay_uniform,9749673149183082383,s7cd1:20260910:0:74:outlier_mask_uniform,11760330117622798183,s7cd1:20260910:0:74:outlier_direction,6213651343243840764
informative,0,75,20260910,whole_base_sequence,9,True,"SeedSequence([base_seed,geometry_index,sequence_index,mechanism_id])",s7cd1:20260910:0:75:truth,6869318413124243291,s7cd1:20260910:0:75:nominal_bearing_noise,786854418882272382,s7cd1:20260910:0:75:transport_loss_uniform,1834555103637558616,s7cd1:20260910:0:75:transport_delay_uniform,644331062072475309,s7cd1:20260910:0:75:outlier_mask_uniform,18163579180682047743,s7cd1:20260910:0:75:outlier_direction,12950206936194810036
informative,0,76,20260910,whole_base_sequence,9,True,"SeedSequence([base_seed,geometry_index,sequence_index,mechanism_id])",s7cd1:20260910:0:76:truth,612246061531550344,s7cd1:20260910:0:76:nominal_bearing_noise,1760830186586172659,s7cd1:20260910:0:76:transport_loss_uniform,41782940272636954,s7cd1:20260910:0:76:transport_delay_uniform,9247212627365649871,s7cd1:20260910:0:76:outlier_mask_uniform,6586318725407141865,s7cd1:20260910:0:76:outlier_direction,4895156314401503975
informative,0,77,20260910,whole_base_sequence,9,True,"SeedSequence([base_seed,geometry_index,sequence_index,mechanism_id])",s7cd1:20260910:0:77:truth,7294674255599686929,s7cd1:20260910:0:77:nominal_bearing_noise,484190125611234482,s7cd1:20260910:0:77:transport_loss_uniform,2555412209118952683,s7cd1:20260910:0:77:transport_delay_uniform,5653133542101062202,s7cd1:20260910:0:77:outlier_mask_uniform,867982004610031759,s7cd1:20260910:0:77:outlier_direction,12765743736804372234
informative,0,78,20260910,whole_base_sequence,9,True,"SeedSequence([base_seed,geometry_index,sequence_index,mechanism_id])",s7cd1:20260910:0:78:truth,12847158081792522456,s7cd1:20260910:0:78:nominal_bearing_noise,9420865788523447958,s7cd1:20260910:0:78:transport_loss_uniform,17476008722563245342,s7cd1:20260910:0:78:transport_delay_uniform,3749317728721281346,s7cd1:20260910:0:78:outlier_mask_uniform,7719507072859364099,s7cd1:20260910:0:78:outlier_direction,13260855174026308766
informative,0,79,20260910,whole_base_sequence,9,True,"SeedSequence([base_seed,geometry_index,sequence_index,mechanism_id])",s7cd1:20260910:0:79:truth,8959384079007116988,s7cd1:20260910:0:79:nominal_bearing_noise,18223931221310967661,s7cd1:20260910:0:79:transport_loss_uniform,17480124699180176584,s7cd1:20260910:0:79:transport_delay_uniform,10317861556379599623,s7cd1:20260910:0:79:outlier_mask_uniform,17112993709600492282,s7cd1:20260910:0:79:outlier_direction,15168975312154887144
informative,0,80,20260910,whole_base_sequence,9,True,"SeedSequence([base_seed,geometry_index,sequence_index,mechanism_id])",s7cd1:20260910:0:80:truth,10179946906784425732,s7cd1:20260910:0:80:nominal_bearing_noise,13679484461208726905,s7cd1:20260910:0:80:transport_loss_uniform,11095895671742773942,s7cd1:20260910:0:80:transport_delay_uniform,1014268426497085295,s7cd1:20260910:0:80:outlier_mask_uniform,1053224255546803717,s7cd1:20260910:0:80:outlier_direction,13568311262792341137
informative,0,81,20260910,whole_base_sequence,9,True,"SeedSequence([base_seed,geometry_index,sequence_index,mechanism_id])",s7cd1:20260910:0:81:truth,18142144080216148853,s7cd1:20260910:0:81:nominal_bearing_noise,7861536960475076315,s7cd1:20260910:0:81:transport_loss_uniform,7460126698106569048,s7cd1:20260910:0:81:transport_delay_uniform,16333366087214667771,s7cd1:20260910:0:81:outlier_mask_uniform,7198260955793860978,s7cd1:20260910:0:81:outlier_direction,10839674616648415984
informative,0,82,20260910,whole_base_sequence,9,True,"SeedSequence([base_seed,geometry_index,sequence_index,mechanism_id])",s7cd1:20260910:0:82:truth,8654083983933138778,s7cd1:20260910:0:82:nominal_bearing_noise,14240209738583077977,s7cd1:20260910:0:82:transport_loss_uniform,12557381465239301001,s7cd1:20260910:0:82:transport_delay_uniform,2132259891893262385,s7cd1:20260910:0:82:outlier_mask_uniform,4011534168436279938,s7cd1:20260910:0:82:outlier_direction,12580762978068885786
informative,0,83,20260910,whole_base_sequence,9,True,"SeedSequence([base_seed,geometry_index,sequence_index,mechanism_id])",s7cd1:20260910:0:83:truth,13870963105760631210,s7cd1:20260910:0:83:nominal_bearing_noise,3354129707817727339,s7cd1:20260910:0:83:transport_loss_uniform,10624759611815528905,s7cd1:20260910:0:83:transport_delay_uniform,13407989549979554217,s7cd1:20260910:0:83:outlier_mask_uniform,3136044888231260483,s7cd1:20260910:0:83:outlier_direction,9322172976199745632
informative,0,84,20260910,whole_base_sequence,9,True,"SeedSequence([base_seed,geometry_index,sequence_index,mechanism_id])",s7cd1:20260910:0:84:truth,2178005604842199469,s7cd1:20260910:0:84:nominal_bearing_noise,368940387246874928,s7cd1:20260910:0:84:transport_loss_uniform,15066251789748153704,s7cd1:20260910:0:84:transport_delay_uniform,15486109422818899399,s7cd1:20260910:0:84:outlier_mask_uniform,12074400842326842634,s7cd1:20260910:0:84:outlier_direction,4136419065036940085
informative,0,85,20260910,whole_base_sequence,9,True,"SeedSequence([base_seed,geometry_index,sequence_index,mechanism_id])",s7cd1:20260910:0:85:truth,11387887002718900495,s7cd1:20260910:0:85:nominal_bearing_noise,2419286089055688215,s7cd1:20260910:0:85:transport_loss_uniform,14783414052265588425,s7cd1:20260910:0:85:transport_delay_uniform,12465079795386503973,s7cd1:20260910:0:85:outlier_mask_uniform,4051855392430421023,s7cd1:20260910:0:85:outlier_direction,12046785181932755093
informative,0,86,20260910,whole_base_sequence,9,True,"SeedSequence([base_seed,geometry_index,sequence_index,mechanism_id])",s7cd1:20260910:0:86:truth,6682394152189839631,s7cd1:20260910:0:86:nominal_bearing_noise,14013282061423994944,s7cd1:20260910:0:86:transport_loss_uniform,11715871634330861565,s7cd1:20260910:0:86:transport_delay_uniform,12144886748450324092,s7cd1:20260910:0:86:outlier_mask_uniform,16295170226661191941,s7cd1:20260910:0:86:outlier_direction,13570606018161654483
informative,0,87,20260910,whole_base_sequence,9,True,"SeedSequence([base_seed,geometry_index,sequence_index,mechanism_id])",s7cd1:20260910:0:87:truth,8435838991523138674,s7cd1:20260910:0:87:nominal_bearing_noise,10332415096316502121,s7cd1:20260910:0:87:transport_loss_uniform,8844801022494871699,s7cd1:20260910:0:87:transport_delay_uniform,7473395792906130554,s7cd1:20260910:0:87:outlier_mask_uniform,10591328941331632978,s7cd1:20260910:0:87:outlier_direction,9937067057026997250
informative,0,88,20260910,whole_base_sequence,9,True,"SeedSequence([base_seed,geometry_index,sequence_index,mechanism_id])",s7cd1:20260910:0:88:truth,10087019525346212314,s7cd1:20260910:0:88:nominal_bearing_noise,71210905148021989,s7cd1:20260910:0:88:transport_loss_uniform,10709587245511888196,s7cd1:20260910:0:88:transport_delay_uniform,10466012307152429381,s7cd1:20260910:0:88:outlier_mask_uniform,3389988142965011513,s7cd1:20260910:0:88:outlier_direction,6164097615382051711
informative,0,89,20260910,whole_base_sequence,9,True,"SeedSequence([base_seed,geometry_index,sequence_index,mechanism_id])",s7cd1:20260910:0:89:truth,11896415902866161508,s7cd1:20260910:0:89:nominal_bearing_noise,11437329444196853477,s7cd1:20260910:0:89:transport_loss_uniform,15628304482727570566,s7cd1:20260910:0:89:transport_delay_uniform,10179152302369361233,s7cd1:20260910:0:89:outlier_mask_uniform,1645364312469613376,s7cd1:20260910:0:89:outlier_direction,4003111501301969973
informative,0,90,20260910,whole_base_sequence,9,True,"SeedSequence([base_seed,geometry_index,sequence_index,mechanism_id])",s7cd1:20260910:0:90:truth,12567942346081663415,s7cd1:20260910:0:90:nominal_bearing_noise,179349164374749869,s7cd1:20260910:0:90:transport_loss_uniform,2362206637254906369,s7cd1:20260910:0:90:transport_delay_uniform,8496838861215165417,s7cd1:20260910:0:90:outlier_mask_uniform,8114160277505040797,s7cd1:20260910:0:90:outlier_direction,523591737001272193
informative,0,91,20260910,whole_base_sequence,9,True,"SeedSequence([base_seed,geometry_index,sequence_index,mechanism_id])",s7cd1:20260910:0:91:truth,2447063636112668492,s7cd1:20260910:0:91:nominal_bearing_noise,17906373927025598480,s7cd1:20260910:0:91:transport_loss_uniform,12647923861960682886,s7cd1:20260910:0:91:transport_delay_uniform,11390110249568397023,s7cd1:20260910:0:91:outlier_mask_uniform,9478776758965069338,s7cd1:20260910:0:91:outlier_direction,6101785190498690281
informative,0,92,20260910,whole_base_sequence,9,True,"SeedSequence([base_seed,geometry_index,sequence_index,mechanism_id])",s7cd1:20260910:0:92:truth,14883945501264808088,s7cd1:20260910:0:92:nominal_bearing_noise,5572301274897749804,s7cd1:20260910:0:92:transport_loss_uniform,11642915542874001087,s7cd1:20260910:0:92:transport_delay_uniform,864928117415492742,s7cd1:20260910:0:92:outlier_mask_uniform,6407396289632272394,s7cd1:20260910:0:92:outlier_direction,4959188056305527597
informative,0,93,20260910,whole_base_sequence,9,True,"SeedSequence([base_seed,geometry_index,sequence_index,mechanism_id])",s7cd1:20260910:0:93:truth,4294138838912604973,s7cd1:20260910:0:93:nominal_bearing_noise,11403127273863584509,s7cd1:20260910:0:93:transport_loss_uniform,16303754365830223749,s7cd1:20260910:0:93:transport_delay_uniform,4728856312831290370,s7cd1:20260910:0:93:outlier_mask_uniform,17164516139088067953,s7cd1:20260910:0:93:outlier_direction,14647911499250150647
informative,0,94,20260910,whole_base_sequence,9,True,"SeedSequence([base_seed,geometry_index,sequence_index,mechanism_id])",s7cd1:20260910:0:94:truth,12727040784283915500,s7cd1:20260910:0:94:nominal_bearing_noise,9583736109863186825,s7cd1:20260910:0:94:transport_loss_uniform,7882379003713366144,s7cd1:20260910:0:94:transport_delay_uniform,17104031978318412823,s7cd1:20260910:0:94:outlier_mask_uniform,12208755363535444071,s7cd1:20260910:0:94:outlier_direction,15528064911946346630
informative,0,95,20260910,whole_base_sequence,9,True,"SeedSequence([base_seed,geometry_index,sequence_index,mechanism_id])",s7cd1:20260910:0:95:truth,15937055688043193677,s7cd1:20260910:0:95:nominal_bearing_noise,9892460165225230057,s7cd1:20260910:0:95:transport_loss_uniform,16814587646503941285,s7cd1:20260910:0:95:transport_delay_uniform,3593197056640289937,s7cd1:20260910:0:95:outlier_mask_uniform,12043133595795240737,s7cd1:20260910:0:95:outlier_direction,10539470618939484253
informative,0,96,20260910,whole_base_sequence,9,True,"SeedSequence([base_seed,geometry_index,sequence_index,mechanism_id])",s7cd1:20260910:0:96:truth,10378618843410397982,s7cd1:20260910:0:96:nominal_bearing_noise,3981525643968340508,s7cd1:20260910:0:96:transport_loss_uniform,17013616910052873075,s7cd1:20260910:0:96:transport_delay_uniform,11984589578889141738,s7cd1:20260910:0:96:outlier_mask_uniform,4191550648761403009,s7cd1:20260910:0:96:outlier_direction,10787545409959707369
informative,0,97,20260910,whole_base_sequence,9,True,"SeedSequence([base_seed,geometry_index,sequence_index,mechanism_id])",s7cd1:20260910:0:97:truth,15880772098629542241,s7cd1:20260910:0:97:nominal_bearing_noise,8712404596884840238,s7cd1:20260910:0:97:transport_loss_uniform,14073907575511530130,s7cd1:20260910:0:97:transport_delay_uniform,11435093626905021150,s7cd1:20260910:0:97:outlier_mask_uniform,13282417129362917850,s7cd1:20260910:0:97:outlier_direction,16563066621317244512
informative,0,98,20260910,whole_base_sequence,9,True,"SeedSequence([base_seed,geometry_index,sequence_index,mechanism_id])",s7cd1:20260910:0:98:truth,6376321133390992439,s7cd1:20260910:0:98:nominal_bearing_noise,14720968927819256129,s7cd1:20260910:0:98:transport_loss_uniform,15621685447123654073,s7cd1:20260910:0:98:transport_delay_uniform,4888576965536112984,s7cd1:20260910:0:98:outlier_mask_uniform,5914558320813579698,s7cd1:20260910:0:98:outlier_direction,3884486854740358516
informative,0,99,20260910,whole_base_sequence,9,True,"SeedSequence([base_seed,geometry_index,sequence_index,mechanism_id])",s7cd1:20260910:0:99:truth,7702612119552407046,s7cd1:20260910:0:99:nominal_bearing_noise,10150367005675612869,s7cd1:20260910:0:99:transport_loss_uniform,6420530048093932539,s7cd1:20260910:0:99:transport_delay_uniform,4242078500261512348,s7cd1:20260910:0:99:outlier_mask_uniform,1050202906319092311,s7cd1:20260910:0:99:outlier_direction,18409705431614597321
poorly_conditioned,1,0,20260910,whole_base_sequence,9,True,"SeedSequence([base_seed,geometry_index,sequence_index,mechanism_id])",s7cd1:20260910:1:0:truth,7870443984234645289,s7cd1:20260910:1:0:nominal_bearing_noise,14390598943965098916,s7cd1:20260910:1:0:transport_loss_uniform,16163004684559186656,s7cd1:20260910:1:0:transport_delay_uniform,9261326016525175398,s7cd1:20260910:1:0:outlier_mask_uniform,10859034047912713656,s7cd1:20260910:1:0:outlier_direction,7653975907772079536
poorly_conditioned,1,1,20260910,whole_base_sequence,9,True,"SeedSequence([base_seed,geometry_index,sequence_index,mechanism_id])",s7cd1:20260910:1:1:truth,7866147973142132615,s7cd1:20260910:1:1:nominal_bearing_noise,5832006416939056648,s7cd1:20260910:1:1:transport_loss_uniform,9392779959657874859,s7cd1:20260910:1:1:transport_delay_uniform,3159909296019893902,s7cd1:20260910:1:1:outlier_mask_uniform,15958988423259967512,s7cd1:20260910:1:1:outlier_direction,2037446117975638182
poorly_conditioned,1,2,20260910,whole_base_sequence,9,True,"SeedSequence([base_seed,geometry_index,sequence_index,mechanism_id])",s7cd1:20260910:1:2:truth,16562215626756084238,s7cd1:20260910:1:2:nominal_bearing_noise,11370366009307110950,s7cd1:20260910:1:2:transport_loss_uniform,1412294638987419600,s7cd1:20260910:1:2:transport_delay_uniform,5895734504099574439,s7cd1:20260910:1:2:outlier_mask_uniform,10583146150361934972,s7cd1:20260910:1:2:outlier_direction,8236979248766922168
poorly_conditioned,1,3,20260910,whole_base_sequence,9,True,"SeedSequence([base_seed,geometry_index,sequence_index,mechanism_id])",s7cd1:20260910:1:3:truth,11149734098577137274,s7cd1:20260910:1:3:nominal_bearing_noise,6745860847519586439,s7cd1:20260910:1:3:transport_loss_uniform,5002229909841017083,s7cd1:20260910:1:3:transport_delay_uniform,11135237430135006768,s7cd1:20260910:1:3:outlier_mask_uniform,3174792272893853113,s7cd1:20260910:1:3:outlier_direction,12178850159770328732
poorly_conditioned,1,4,20260910,whole_base_sequence,9,True,"SeedSequence([base_seed,geometry_index,sequence_index,mechanism_id])",s7cd1:20260910:1:4:truth,13934153700657970332,s7cd1:20260910:1:4:nominal_bearing_noise,5961737717615384417,s7cd1:20260910:1:4:transport_loss_uniform,17887739416861111464,s7cd1:20260910:1:4:transport_delay_uniform,9665804662318576158,s7cd1:20260910:1:4:outlier_mask_uniform,16078370235283926544,s7cd1:20260910:1:4:outlier_direction,12877862334455807730
poorly_conditioned,1,5,20260910,whole_base_sequence,9,True,"SeedSequence([base_seed,geometry_index,sequence_index,mechanism_id])",s7cd1:20260910:1:5:truth,2911446782583558379,s7cd1:20260910:1:5:nominal_bearing_noise,3102835203386104985,s7cd1:20260910:1:5:transport_loss_uniform,18143148993136974160,s7cd1:20260910:1:5:transport_delay_uniform,7617035873227666752,s7cd1:20260910:1:5:outlier_mask_uniform,6984044240404691592,s7cd1:20260910:1:5:outlier_direction,13907441544830726298
poorly_conditioned,1,6,20260910,whole_base_sequence,9,True,"SeedSequence([base_seed,geometry_index,sequence_index,mechanism_id])",s7cd1:20260910:1:6:truth,15402143233600386810,s7cd1:20260910:1:6:nominal_bearing_noise,6731093151869807287,s7cd1:20260910:1:6:transport_loss_uniform,1872904704385961929,s7cd1:20260910:1:6:transport_delay_uniform,1198828709115992173,s7cd1:20260910:1:6:outlier_mask_uniform,14887683151917417546,s7cd1:20260910:1:6:outlier_direction,16687828173036800327
poorly_conditioned,1,7,20260910,whole_base_sequence,9,True,"SeedSequence([base_seed,geometry_index,sequence_index,mechanism_id])",s7cd1:20260910:1:7:truth,10060693028609655576,s7cd1:20260910:1:7:nominal_bearing_noise,14633189031573988894,s7cd1:20260910:1:7:transport_loss_uniform,3232810955525000861,s7cd1:20260910:1:7:transport_delay_uniform,5806150240517790618,s7cd1:20260910:1:7:outlier_mask_uniform,14151056130111791812,s7cd1:20260910:1:7:outlier_direction,2359192610633272514
poorly_conditioned,1,8,20260910,whole_base_sequence,9,True,"SeedSequence([base_seed,geometry_index,sequence_index,mechanism_id])",s7cd1:20260910:1:8:truth,14280347224202247483,s7cd1:20260910:1:8:nominal_bearing_noise,18241447440399334516,s7cd1:20260910:1:8:transport_loss_uniform,14690466250327899288,s7cd1:20260910:1:8:transport_delay_uniform,6463339851663182973,s7cd1:20260910:1:8:outlier_mask_uniform,16656003007155462142,s7cd1:20260910:1:8:outlier_direction,4561782898780250717
poorly_conditioned,1,9,20260910,whole_base_sequence,9,True,"SeedSequence([base_seed,geometry_index,sequence_index,mechanism_id])",s7cd1:20260910:1:9:truth,776999481614796139,s7cd1:20260910:1:9:nominal_bearing_noise,8127929111135254820,s7cd1:20260910:1:9:transport_loss_uniform,11961733595731221799,s7cd1:20260910:1:9:transport_delay_uniform,12360847977655230904,s7cd1:20260910:1:9:outlier_mask_uniform,1810971671973507423,s7cd1:20260910:1:9:outlier_direction,18409002834358662920
poorly_conditioned,1,10,20260910,whole_base_sequence,9,True,"SeedSequence([base_seed,geometry_index,sequence_index,mechanism_id])",s7cd1:20260910:1:10:truth,12991233552026313021,s7cd1:20260910:1:10:nominal_bearing_noise,1099727674941854070,s7cd1:20260910:1:10:transport_loss_uniform,17941238941796381037,s7cd1:20260910:1:10:transport_delay_uniform,15287797950860019182,s7cd1:20260910:1:10:outlier_mask_uniform,15497927179901860966,s7cd1:20260910:1:10:outlier_direction,17780855513592730736
poorly_conditioned,1,11,20260910,whole_base_sequence,9,True,"SeedSequence([base_seed,geometry_index,sequence_index,mechanism_id])",s7cd1:20260910:1:11:truth,16823351418396276782,s7cd1:20260910:1:11:nominal_bearing_noise,14263984601671879606,s7cd1:20260910:1:11:transport_loss_uniform,16989010925377655300,s7cd1:20260910:1:11:transport_delay_uniform,11760391043439114322,s7cd1:20260910:1:11:outlier_mask_uniform,11049560334195969380,s7cd1:20260910:1:11:outlier_direction,7558458853187655935
poorly_conditioned,1,12,20260910,whole_base_sequence,9,True,"SeedSequence([base_seed,geometry_index,sequence_index,mechanism_id])",s7cd1:20260910:1:12:truth,8519852104893401883,s7cd1:20260910:1:12:nominal_bearing_noise,8915695652807615333,s7cd1:20260910:1:12:transport_loss_uniform,14949919425078946274,s7cd1:20260910:1:12:transport_delay_uniform,15189735812735951093,s7cd1:20260910:1:12:outlier_mask_uniform,6149586155425027521,s7cd1:20260910:1:12:outlier_direction,17602553412198368101
poorly_conditioned,1,13,20260910,whole_base_sequence,9,True,"SeedSequence([base_seed,geometry_index,sequence_index,mechanism_id])",s7cd1:20260910:1:13:truth,1554922105406893145,s7cd1:20260910:1:13:nominal_bearing_noise,18035386077936628467,s7cd1:20260910:1:13:transport_loss_uniform,18044490304857546848,s7cd1:20260910:1:13:transport_delay_uniform,2307023789932889917,s7cd1:20260910:1:13:outlier_mask_uniform,13848303933319854213,s7cd1:20260910:1:13:outlier_direction,971302976829042624
poorly_conditioned,1,14,20260910,whole_base_sequence,9,True,"SeedSequence([base_seed,geometry_index,sequence_index,mechanism_id])",s7cd1:20260910:1:14:truth,14160619099101181148,s7cd1:20260910:1:14:nominal_bearing_noise,14876538553681051377,s7cd1:20260910:1:14:transport_loss_uniform,15945756194302959141,s7cd1:20260910:1:14:transport_delay_uniform,14732910830120033040,s7cd1:20260910:1:14:outlier_mask_uniform,13709424942056633109,s7cd1:20260910:1:14:outlier_direction,2933393736356669794
poorly_conditioned,1,15,20260910,whole_base_sequence,9,True,"SeedSequence([base_seed,geometry_index,sequence_index,mechanism_id])",s7cd1:20260910:1:15:truth,5583843540933787349,s7cd1:20260910:1:15:nominal_bearing_noise,12605929505679522316,s7cd1:20260910:1:15:transport_loss_uniform,2908765791786096741,s7cd1:20260910:1:15:transport_delay_uniform,2301725518326733894,s7cd1:20260910:1:15:outlier_mask_uniform,6709212911305238175,s7cd1:20260910:1:15:outlier_direction,18444957865387073231
poorly_conditioned,1,16,20260910,whole_base_sequence,9,True,"SeedSequence([base_seed,geometry_index,sequence_index,mechanism_id])",s7cd1:20260910:1:16:truth,2701221581980324794,s7cd1:20260910:1:16:nominal_bearing_noise,1401520832105495424,s7cd1:20260910:1:16:transport_loss_uniform,4797439549739929054,s7cd1:20260910:1:16:transport_delay_uniform,10738621965670143202,s7cd1:20260910:1:16:outlier_mask_uniform,8938440006029851370,s7cd1:20260910:1:16:outlier_direction,5003811604464278955
poorly_conditioned,1,17,20260910,whole_base_sequence,9,True,"SeedSequence([base_seed,geometry_index,sequence_index,mechanism_id])",s7cd1:20260910:1:17:truth,733730393567842324,s7cd1:20260910:1:17:nominal_bearing_noise,12131163909991165067,s7cd1:20260910:1:17:transport_loss_uniform,1253567812705433424,s7cd1:20260910:1:17:transport_delay_uniform,4579147271730160918,s7cd1:20260910:1:17:outlier_mask_uniform,442114364237484283,s7cd1:20260910:1:17:outlier_direction,13503000449219155524
poorly_conditioned,1,18,20260910,whole_base_sequence,9,True,"SeedSequence([base_seed,geometry_index,sequence_index,mechanism_id])",s7cd1:20260910:1:18:truth,14621024569105084244,s7cd1:20260910:1:18:nominal_bearing_noise,16030537666494580092,s7cd1:20260910:1:18:transport_loss_uniform,260563472948078231,s7cd1:20260910:1:18:transport_delay_uniform,9932240144738943817,s7cd1:20260910:1:18:outlier_mask_uniform,16443987660422011338,s7cd1:20260910:1:18:outlier_direction,4209828344620557157
poorly_conditioned,1,19,20260910,whole_base_sequence,9,True,"SeedSequence([base_seed,geometry_index,sequence_index,mechanism_id])",s7cd1:20260910:1:19:truth,81944619246291587,s7cd1:20260910:1:19:nominal_bearing_noise,12900421356185712632,s7cd1:20260910:1:19:transport_loss_uniform,14521938572641942522,s7cd1:20260910:1:19:transport_delay_uniform,6851276894427813953,s7cd1:20260910:1:19:outlier_mask_uniform,5656376248701164169,s7cd1:20260910:1:19:outlier_direction,8381488985344881683
poorly_conditioned,1,20,20260910,whole_base_sequence,9,True,"SeedSequence([base_seed,geometry_index,sequence_index,mechanism_id])",s7cd1:20260910:1:20:truth,14081191132983940488,s7cd1:20260910:1:20:nominal_bearing_noise,17782202514041357339,s7cd1:20260910:1:20:transport_loss_uniform,7128845847640226178,s7cd1:20260910:1:20:transport_delay_uniform,3667490891050396814,s7cd1:20260910:1:20:outlier_mask_uniform,12094167233372565911,s7cd1:20260910:1:20:outlier_direction,4321399236162241122
poorly_conditioned,1,21,20260910,whole_base_sequence,9,True,"SeedSequence([base_seed,geometry_index,sequence_index,mechanism_id])",s7cd1:20260910:1:21:truth,14572132718476520612,s7cd1:20260910:1:21:nominal_bearing_noise,16741104241513295033,s7cd1:20260910:1:21:transport_loss_uniform,6497008321849407193,s7cd1:20260910:1:21:transport_delay_uniform,10720250002757663312,s7cd1:20260910:1:21:outlier_mask_uniform,6810427188254009471,s7cd1:20260910:1:21:outlier_direction,12397921776376807464
poorly_conditioned,1,22,20260910,whole_base_sequence,9,True,"SeedSequence([base_seed,geometry_index,sequence_index,mechanism_id])",s7cd1:20260910:1:22:truth,3317362815237191946,s7cd1:20260910:1:22:nominal_bearing_noise,13677865956123279456,s7cd1:20260910:1:22:transport_loss_uniform,6759934218353615576,s7cd1:20260910:1:22:transport_delay_uniform,9962496510364701965,s7cd1:20260910:1:22:outlier_mask_uniform,15055658688947914906,s7cd1:20260910:1:22:outlier_direction,12734569915024994012
poorly_conditioned,1,23,20260910,whole_base_sequence,9,True,"SeedSequence([base_seed,geometry_index,sequence_index,mechanism_id])",s7cd1:20260910:1:23:truth,8854642777557473924,s7cd1:20260910:1:23:nominal_bearing_noise,11064910817680803827,s7cd1:20260910:1:23:transport_loss_uniform,12054900125053269339,s7cd1:20260910:1:23:transport_delay_uniform,5289395454548522257,s7cd1:20260910:1:23:outlier_mask_uniform,8816455621392607566,s7cd1:20260910:1:23:outlier_direction,2544499856034393316
poorly_conditioned,1,24,20260910,whole_base_sequence,9,True,"SeedSequence([base_seed,geometry_index,sequence_index,mechanism_id])",s7cd1:20260910:1:24:truth,3311014221215950786,s7cd1:20260910:1:24:nominal_bearing_noise,4607671809379814541,s7cd1:20260910:1:24:transport_loss_uniform,6548219389536909925,s7cd1:20260910:1:24:transport_delay_uniform,11842834531674309384,s7cd1:20260910:1:24:outlier_mask_uniform,4738747290175104872,s7cd1:20260910:1:24:outlier_direction,14753421720006666040
poorly_conditioned,1,25,20260910,whole_base_sequence,9,True,"SeedSequence([base_seed,geometry_index,sequence_index,mechanism_id])",s7cd1:20260910:1:25:truth,1664197991672086661,s7cd1:20260910:1:25:nominal_bearing_noise,3561429056519930229,s7cd1:20260910:1:25:transport_loss_uniform,17765565855207038051,s7cd1:20260910:1:25:transport_delay_uniform,17075747458473485685,s7cd1:20260910:1:25:outlier_mask_uniform,30180691717342953,s7cd1:20260910:1:25:outlier_direction,8945944551674592078
poorly_conditioned,1,26,20260910,whole_base_sequence,9,True,"SeedSequence([base_seed,geometry_index,sequence_index,mechanism_id])",s7cd1:20260910:1:26:truth,9862702775960089544,s7cd1:20260910:1:26:nominal_bearing_noise,12749987656676083665,s7cd1:20260910:1:26:transport_loss_uniform,16127422747717868988,s7cd1:20260910:1:26:transport_delay_uniform,7086378598550018653,s7cd1:20260910:1:26:outlier_mask_uniform,16278117140730016417,s7cd1:20260910:1:26:outlier_direction,13142836575423956111
poorly_conditioned,1,27,20260910,whole_base_sequence,9,True,"SeedSequence([base_seed,geometry_index,sequence_index,mechanism_id])",s7cd1:20260910:1:27:truth,15247757224672164251,s7cd1:20260910:1:27:nominal_bearing_noise,2823531860734002385,s7cd1:20260910:1:27:transport_loss_uniform,8575013236481792702,s7cd1:20260910:1:27:transport_delay_uniform,6416015885591337900,s7cd1:20260910:1:27:outlier_mask_uniform,4230386126058707698,s7cd1:20260910:1:27:outlier_direction,4807220709477437551
poorly_conditioned,1,28,20260910,whole_base_sequence,9,True,"SeedSequence([base_seed,geometry_index,sequence_index,mechanism_id])",s7cd1:20260910:1:28:truth,8992915435953431997,s7cd1:20260910:1:28:nominal_bearing_noise,11303221886046416037,s7cd1:20260910:1:28:transport_loss_uniform,304082430749769688,s7cd1:20260910:1:28:transport_delay_uniform,18292462709981331240,s7cd1:20260910:1:28:outlier_mask_uniform,17245974238364222453,s7cd1:20260910:1:28:outlier_direction,5362956536743871636
poorly_conditioned,1,29,20260910,whole_base_sequence,9,True,"SeedSequence([base_seed,geometry_index,sequence_index,mechanism_id])",s7cd1:20260910:1:29:truth,8349353701682724277,s7cd1:20260910:1:29:nominal_bearing_noise,8524377530337211640,s7cd1:20260910:1:29:transport_loss_uniform,2851843854580942450,s7cd1:20260910:1:29:transport_delay_uniform,13672451381210771983,s7cd1:20260910:1:29:outlier_mask_uniform,1796881486938555086,s7cd1:20260910:1:29:outlier_direction,14295116153367179745
poorly_conditioned,1,30,20260910,whole_base_sequence,9,True,"SeedSequence([base_seed,geometry_index,sequence_index,mechanism_id])",s7cd1:20260910:1:30:truth,10359147643813171744,s7cd1:20260910:1:30:nominal_bearing_noise,4320204317532306982,s7cd1:20260910:1:30:transport_loss_uniform,2972444998261697506,s7cd1:20260910:1:30:transport_delay_uniform,16877026508836171435,s7cd1:20260910:1:30:outlier_mask_uniform,12235701026270295468,s7cd1:20260910:1:30:outlier_direction,12667833064371139184
poorly_conditioned,1,31,20260910,whole_base_sequence,9,True,"SeedSequence([base_seed,geometry_index,sequence_index,mechanism_id])",s7cd1:20260910:1:31:truth,15551711683188800925,s7cd1:20260910:1:31:nominal_bearing_noise,15643829440687830870,s7cd1:20260910:1:31:transport_loss_uniform,4247970182960141199,s7cd1:20260910:1:31:transport_delay_uniform,16353972206814120385,s7cd1:20260910:1:31:outlier_mask_uniform,6167756254374698683,s7cd1:20260910:1:31:outlier_direction,4393213167936372383
poorly_conditioned,1,32,20260910,whole_base_sequence,9,True,"SeedSequence([base_seed,geometry_index,sequence_index,mechanism_id])",s7cd1:20260910:1:32:truth,13020436921085706139,s7cd1:20260910:1:32:nominal_bearing_noise,6806076343709333477,s7cd1:20260910:1:32:transport_loss_uniform,7255024069310903467,s7cd1:20260910:1:32:transport_delay_uniform,18432188359636560618,s7cd1:20260910:1:32:outlier_mask_uniform,14350260770253172525,s7cd1:20260910:1:32:outlier_direction,16677847458740672915
poorly_conditioned,1,33,20260910,whole_base_sequence,9,True,"SeedSequence([base_seed,geometry_index,sequence_index,mechanism_id])",s7cd1:20260910:1:33:truth,681237934176877590,s7cd1:20260910:1:33:nominal_bearing_noise,10714551931508095484,s7cd1:20260910:1:33:transport_loss_uniform,5375390492029607360,s7cd1:20260910:1:33:transport_delay_uniform,15046720782342150840,s7cd1:20260910:1:33:outlier_mask_uniform,14699606293440943321,s7cd1:20260910:1:33:outlier_direction,16652176162605250789
poorly_conditioned,1,34,20260910,whole_base_sequence,9,True,"SeedSequence([base_seed,geometry_index,sequence_index,mechanism_id])",s7cd1:20260910:1:34:truth,1592730844605980902,s7cd1:20260910:1:34:nominal_bearing_noise,18445635567054784361,s7cd1:20260910:1:34:transport_loss_uniform,9414711019132567809,s7cd1:20260910:1:34:transport_delay_uniform,10920789078738628505,s7cd1:20260910:1:34:outlier_mask_uniform,11302713096856659475,s7cd1:20260910:1:34:outlier_direction,7734528039387330468
poorly_conditioned,1,35,20260910,whole_base_sequence,9,True,"SeedSequence([base_seed,geometry_index,sequence_index,mechanism_id])",s7cd1:20260910:1:35:truth,13812538318020971736,s7cd1:20260910:1:35:nominal_bearing_noise,9761671232729089302,s7cd1:20260910:1:35:transport_loss_uniform,13889046555131243835,s7cd1:20260910:1:35:transport_delay_uniform,9163648291272056853,s7cd1:20260910:1:35:outlier_mask_uniform,970459900801978946,s7cd1:20260910:1:35:outlier_direction,8746621064336672069
poorly_conditioned,1,36,20260910,whole_base_sequence,9,True,"SeedSequence([base_seed,geometry_index,sequence_index,mechanism_id])",s7cd1:20260910:1:36:truth,10796303111892674504,s7cd1:20260910:1:36:nominal_bearing_noise,10130595235635478886,s7cd1:20260910:1:36:transport_loss_uniform,11923972218914113015,s7cd1:20260910:1:36:transport_delay_uniform,16453976813259859449,s7cd1:20260910:1:36:outlier_mask_uniform,7100124382722508538,s7cd1:20260910:1:36:outlier_direction,3812975623570192722
poorly_conditioned,1,37,20260910,whole_base_sequence,9,True,"SeedSequence([base_seed,geometry_index,sequence_index,mechanism_id])",s7cd1:20260910:1:37:truth,4591081796644627503,s7cd1:20260910:1:37:nominal_bearing_noise,13518341866604420559,s7cd1:20260910:1:37:transport_loss_uniform,12316448054423363957,s7cd1:20260910:1:37:transport_delay_uniform,3823674880444435852,s7cd1:20260910:1:37:outlier_mask_uniform,7043650898102925095,s7cd1:20260910:1:37:outlier_direction,13861816984120614783
poorly_conditioned,1,38,20260910,whole_base_sequence,9,True,"SeedSequence([base_seed,geometry_index,sequence_index,mechanism_id])",s7cd1:20260910:1:38:truth,15490003475705049704,s7cd1:20260910:1:38:nominal_bearing_noise,11518220804751692596,s7cd1:20260910:1:38:transport_loss_uniform,14967138197290935688,s7cd1:20260910:1:38:transport_delay_uniform,17030083545774533799,s7cd1:20260910:1:38:outlier_mask_uniform,13201299931091622650,s7cd1:20260910:1:38:outlier_direction,5731767735219549419
poorly_conditioned,1,39,20260910,whole_base_sequence,9,True,"SeedSequence([base_seed,geometry_index,sequence_index,mechanism_id])",s7cd1:20260910:1:39:truth,4410310547925297242,s7cd1:20260910:1:39:nominal_bearing_noise,2154323723638262383,s7cd1:20260910:1:39:transport_loss_uniform,7805215909381239434,s7cd1:20260910:1:39:transport_delay_uniform,14920633351997771799,s7cd1:20260910:1:39:outlier_mask_uniform,9714448874768273398,s7cd1:20260910:1:39:outlier_direction,7269475811822665864
poorly_conditioned,1,40,20260910,whole_base_sequence,9,True,"SeedSequence([base_seed,geometry_index,sequence_index,mechanism_id])",s7cd1:20260910:1:40:truth,13967143244837104933,s7cd1:20260910:1:40:nominal_bearing_noise,17015053670765980135,s7cd1:20260910:1:40:transport_loss_uniform,14822336055075149459,s7cd1:20260910:1:40:transport_delay_uniform,18079043242589787651,s7cd1:20260910:1:40:outlier_mask_uniform,9031079279859807865,s7cd1:20260910:1:40:outlier_direction,6744935229091600421
poorly_conditioned,1,41,20260910,whole_base_sequence,9,True,"SeedSequence([base_seed,geometry_index,sequence_index,mechanism_id])",s7cd1:20260910:1:41:truth,15695564439369380089,s7cd1:20260910:1:41:nominal_bearing_noise,16032024887466976587,s7cd1:20260910:1:41:transport_loss_uniform,15260587698240093439,s7cd1:20260910:1:41:transport_delay_uniform,1814915066024157542,s7cd1:20260910:1:41:outlier_mask_uniform,3325558346531266247,s7cd1:20260910:1:41:outlier_direction,6507243579716332015
poorly_conditioned,1,42,20260910,whole_base_sequence,9,True,"SeedSequence([base_seed,geometry_index,sequence_index,mechanism_id])",s7cd1:20260910:1:42:truth,9097883486184099907,s7cd1:20260910:1:42:nominal_bearing_noise,6606232438505880909,s7cd1:20260910:1:42:transport_loss_uniform,4739099420250989460,s7cd1:20260910:1:42:transport_delay_uniform,15801720940596895443,s7cd1:20260910:1:42:outlier_mask_uniform,892012391756883427,s7cd1:20260910:1:42:outlier_direction,7185672442207813868
poorly_conditioned,1,43,20260910,whole_base_sequence,9,True,"SeedSequence([base_seed,geometry_index,sequence_index,mechanism_id])",s7cd1:20260910:1:43:truth,16838140922094759219,s7cd1:20260910:1:43:nominal_bearing_noise,15963346302335253863,s7cd1:20260910:1:43:transport_loss_uniform,12821981905455627532,s7cd1:20260910:1:43:transport_delay_uniform,16913679388072012245,s7cd1:20260910:1:43:outlier_mask_uniform,5461621230453139513,s7cd1:20260910:1:43:outlier_direction,406108602800649114
poorly_conditioned,1,44,20260910,whole_base_sequence,9,True,"SeedSequence([base_seed,geometry_index,sequence_index,mechanism_id])",s7cd1:20260910:1:44:truth,17245045980031424564,s7cd1:20260910:1:44:nominal_bearing_noise,17636622045263359187,s7cd1:20260910:1:44:transport_loss_uniform,8543285948103087805,s7cd1:20260910:1:44:transport_delay_uniform,555653274100710919,s7cd1:20260910:1:44:outlier_mask_uniform,1072799523608177586,s7cd1:20260910:1:44:outlier_direction,9071163439703982025
poorly_conditioned,1,45,20260910,whole_base_sequence,9,True,"SeedSequence([base_seed,geometry_index,sequence_index,mechanism_id])",s7cd1:20260910:1:45:truth,18122758689830709871,s7cd1:20260910:1:45:nominal_bearing_noise,9549317749654882899,s7cd1:20260910:1:45:transport_loss_uniform,15877163074412328895,s7cd1:20260910:1:45:transport_delay_uniform,9892469553534538555,s7cd1:20260910:1:45:outlier_mask_uniform,14962982407671231340,s7cd1:20260910:1:45:outlier_direction,6117186932698716242
poorly_conditioned,1,46,20260910,whole_base_sequence,9,True,"SeedSequence([base_seed,geometry_index,sequence_index,mechanism_id])",s7cd1:20260910:1:46:truth,15560842328535902633,s7cd1:20260910:1:46:nominal_bearing_noise,8299730624525759184,s7cd1:20260910:1:46:transport_loss_uniform,6173211187220013127,s7cd1:20260910:1:46:transport_delay_uniform,9735403181694022636,s7cd1:20260910:1:46:outlier_mask_uniform,4652355463719351491,s7cd1:20260910:1:46:outlier_direction,16537680939220777568
poorly_conditioned,1,47,20260910,whole_base_sequence,9,True,"SeedSequence([base_seed,geometry_index,sequence_index,mechanism_id])",s7cd1:20260910:1:47:truth,14210726855784117438,s7cd1:20260910:1:47:nominal_bearing_noise,4495955020756745249,s7cd1:20260910:1:47:transport_loss_uniform,8669697427173090319,s7cd1:20260910:1:47:transport_delay_uniform,15005947653780153188,s7cd1:20260910:1:47:outlier_mask_uniform,17836090873741037423,s7cd1:20260910:1:47:outlier_direction,2607669167517207357
poorly_conditioned,1,48,20260910,whole_base_sequence,9,True,"SeedSequence([base_seed,geometry_index,sequence_index,mechanism_id])",s7cd1:20260910:1:48:truth,16366153315588793951,s7cd1:20260910:1:48:nominal_bearing_noise,12951718775605240996,s7cd1:20260910:1:48:transport_loss_uniform,14048282614509640070,s7cd1:20260910:1:48:transport_delay_uniform,8193923010824885710,s7cd1:20260910:1:48:outlier_mask_uniform,10815626010344345630,s7cd1:20260910:1:48:outlier_direction,7110801593246265421
poorly_conditioned,1,49,20260910,whole_base_sequence,9,True,"SeedSequence([base_seed,geometry_index,sequence_index,mechanism_id])",s7cd1:20260910:1:49:truth,16960474570261722445,s7cd1:20260910:1:49:nominal_bearing_noise,7594899104762128237,s7cd1:20260910:1:49:transport_loss_uniform,4621424486588585133,s7cd1:20260910:1:49:transport_delay_uniform,1530726750393803151,s7cd1:20260910:1:49:outlier_mask_uniform,200872649448842270,s7cd1:20260910:1:49:outlier_direction,5755940151687324955
poorly_conditioned,1,50,20260910,whole_base_sequence,9,True,"SeedSequence([base_seed,geometry_index,sequence_index,mechanism_id])",s7cd1:20260910:1:50:truth,9363865208844540739,s7cd1:20260910:1:50:nominal_bearing_noise,13762851160155646171,s7cd1:20260910:1:50:transport_loss_uniform,407977790916623968,s7cd1:20260910:1:50:transport_delay_uniform,693894893570986735,s7cd1:20260910:1:50:outlier_mask_uniform,10497774800872199752,s7cd1:20260910:1:50:outlier_direction,7474489499792029421
poorly_conditioned,1,51,20260910,whole_base_sequence,9,True,"SeedSequence([base_seed,geometry_index,sequence_index,mechanism_id])",s7cd1:20260910:1:51:truth,17695904110445553434,s7cd1:20260910:1:51:nominal_bearing_noise,5685276834438714530,s7cd1:20260910:1:51:transport_loss_uniform,15179192426782400756,s7cd1:20260910:1:51:transport_delay_uniform,11759320269862163972,s7cd1:20260910:1:51:outlier_mask_uniform,15143953490755387898,s7cd1:20260910:1:51:outlier_direction,10846240336184469286
poorly_conditioned,1,52,20260910,whole_base_sequence,9,True,"SeedSequence([base_seed,geometry_index,sequence_index,mechanism_id])",s7cd1:20260910:1:52:truth,9794369061965796490,s7cd1:20260910:1:52:nominal_bearing_noise,2861172500629685095,s7cd1:20260910:1:52:transport_loss_uniform,6037056099105494258,s7cd1:20260910:1:52:transport_delay_uniform,16515133844978533985,s7cd1:20260910:1:52:outlier_mask_uniform,17864467809795827226,s7cd1:20260910:1:52:outlier_direction,5175658900841538880
poorly_conditioned,1,53,20260910,whole_base_sequence,9,True,"SeedSequence([base_seed,geometry_index,sequence_index,mechanism_id])",s7cd1:20260910:1:53:truth,14613477562980658267,s7cd1:20260910:1:53:nominal_bearing_noise,3230482172365731508,s7cd1:20260910:1:53:transport_loss_uniform,3085494025616603548,s7cd1:20260910:1:53:transport_delay_uniform,9738005793406789938,s7cd1:20260910:1:53:outlier_mask_uniform,14764441515652388008,s7cd1:20260910:1:53:outlier_direction,10694976133900105106
poorly_conditioned,1,54,20260910,whole_base_sequence,9,True,"SeedSequence([base_seed,geometry_index,sequence_index,mechanism_id])",s7cd1:20260910:1:54:truth,17562229368404698470,s7cd1:20260910:1:54:nominal_bearing_noise,8784087879990274294,s7cd1:20260910:1:54:transport_loss_uniform,13172651620350827320,s7cd1:20260910:1:54:transport_delay_uniform,3458213430150079072,s7cd1:20260910:1:54:outlier_mask_uniform,4848585364371906534,s7cd1:20260910:1:54:outlier_direction,14031997741752110637
poorly_conditioned,1,55,20260910,whole_base_sequence,9,True,"SeedSequence([base_seed,geometry_index,sequence_index,mechanism_id])",s7cd1:20260910:1:55:truth,8069252222703788450,s7cd1:20260910:1:55:nominal_bearing_noise,2909266271772395215,s7cd1:20260910:1:55:transport_loss_uniform,2278275566302308072,s7cd1:20260910:1:55:transport_delay_uniform,9195896004563907922,s7cd1:20260910:1:55:outlier_mask_uniform,4262954254684133913,s7cd1:20260910:1:55:outlier_direction,7121203601602792746
poorly_conditioned,1,56,20260910,whole_base_sequence,9,True,"SeedSequence([base_seed,geometry_index,sequence_index,mechanism_id])",s7cd1:20260910:1:56:truth,8665502878791962117,s7cd1:20260910:1:56:nominal_bearing_noise,1585820466711625217,s7cd1:20260910:1:56:transport_loss_uniform,14535776571244578990,s7cd1:20260910:1:56:transport_delay_uniform,6094298274178468609,s7cd1:20260910:1:56:outlier_mask_uniform,14112247420053529948,s7cd1:20260910:1:56:outlier_direction,12904149083414857974
poorly_conditioned,1,57,20260910,whole_base_sequence,9,True,"SeedSequence([base_seed,geometry_index,sequence_index,mechanism_id])",s7cd1:20260910:1:57:truth,932733729454005334,s7cd1:20260910:1:57:nominal_bearing_noise,15287328114779917521,s7cd1:20260910:1:57:transport_loss_uniform,14246498877764160866,s7cd1:20260910:1:57:transport_delay_uniform,15646650098039138789,s7cd1:20260910:1:57:outlier_mask_uniform,55137000601246662,s7cd1:20260910:1:57:outlier_direction,16218516290191944570
poorly_conditioned,1,58,20260910,whole_base_sequence,9,True,"SeedSequence([base_seed,geometry_index,sequence_index,mechanism_id])",s7cd1:20260910:1:58:truth,17750052963755459264,s7cd1:20260910:1:58:nominal_bearing_noise,16277949673814624658,s7cd1:20260910:1:58:transport_loss_uniform,693347841278989289,s7cd1:20260910:1:58:transport_delay_uniform,3242041013121026938,s7cd1:20260910:1:58:outlier_mask_uniform,12637856825660602522,s7cd1:20260910:1:58:outlier_direction,13868084351594522353
poorly_conditioned,1,59,20260910,whole_base_sequence,9,True,"SeedSequence([base_seed,geometry_index,sequence_index,mechanism_id])",s7cd1:20260910:1:59:truth,3823380143289872180,s7cd1:20260910:1:59:nominal_bearing_noise,15747601003183671304,s7cd1:20260910:1:59:transport_loss_uniform,17153684509778038223,s7cd1:20260910:1:59:transport_delay_uniform,2443983402735542334,s7cd1:20260910:1:59:outlier_mask_uniform,6369298761740893377,s7cd1:20260910:1:59:outlier_direction,4541752921277198433
poorly_conditioned,1,60,20260910,whole_base_sequence,9,True,"SeedSequence([base_seed,geometry_index,sequence_index,mechanism_id])",s7cd1:20260910:1:60:truth,9807065618675086550,s7cd1:20260910:1:60:nominal_bearing_noise,5334340503561986418,s7cd1:20260910:1:60:transport_loss_uniform,8349138906515593956,s7cd1:20260910:1:60:transport_delay_uniform,3677324348899660271,s7cd1:20260910:1:60:outlier_mask_uniform,11304293562077928974,s7cd1:20260910:1:60:outlier_direction,8161698587039941823
poorly_conditioned,1,61,20260910,whole_base_sequence,9,True,"SeedSequence([base_seed,geometry_index,sequence_index,mechanism_id])",s7cd1:20260910:1:61:truth,8129161466903061111,s7cd1:20260910:1:61:nominal_bearing_noise,5835675795695784485,s7cd1:20260910:1:61:transport_loss_uniform,12012203319123942926,s7cd1:20260910:1:61:transport_delay_uniform,12840843996214037190,s7cd1:20260910:1:61:outlier_mask_uniform,2007048171962131917,s7cd1:20260910:1:61:outlier_direction,10602571378181400790
poorly_conditioned,1,62,20260910,whole_base_sequence,9,True,"SeedSequence([base_seed,geometry_index,sequence_index,mechanism_id])",s7cd1:20260910:1:62:truth,4755353776154265609,s7cd1:20260910:1:62:nominal_bearing_noise,12917775359855317607,s7cd1:20260910:1:62:transport_loss_uniform,11220449414982445865,s7cd1:20260910:1:62:transport_delay_uniform,11567052317897046561,s7cd1:20260910:1:62:outlier_mask_uniform,10702589035178826099,s7cd1:20260910:1:62:outlier_direction,10010989041097823956
poorly_conditioned,1,63,20260910,whole_base_sequence,9,True,"SeedSequence([base_seed,geometry_index,sequence_index,mechanism_id])",s7cd1:20260910:1:63:truth,12975366319793457021,s7cd1:20260910:1:63:nominal_bearing_noise,14457311003304541001,s7cd1:20260910:1:63:transport_loss_uniform,3774168003308741711,s7cd1:20260910:1:63:transport_delay_uniform,970746927687121558,s7cd1:20260910:1:63:outlier_mask_uniform,4610825940077781689,s7cd1:20260910:1:63:outlier_direction,15126185286110752842
poorly_conditioned,1,64,20260910,whole_base_sequence,9,True,"SeedSequence([base_seed,geometry_index,sequence_index,mechanism_id])",s7cd1:20260910:1:64:truth,2955222513878072148,s7cd1:20260910:1:64:nominal_bearing_noise,3978709691527054646,s7cd1:20260910:1:64:transport_loss_uniform,381960368564204842,s7cd1:20260910:1:64:transport_delay_uniform,431050045247294025,s7cd1:20260910:1:64:outlier_mask_uniform,1420885033823854796,s7cd1:20260910:1:64:outlier_direction,14615201709757640947
poorly_conditioned,1,65,20260910,whole_base_sequence,9,True,"SeedSequence([base_seed,geometry_index,sequence_index,mechanism_id])",s7cd1:20260910:1:65:truth,7154044948318331545,s7cd1:20260910:1:65:nominal_bearing_noise,12589599165089923589,s7cd1:20260910:1:65:transport_loss_uniform,16469725838072285636,s7cd1:20260910:1:65:transport_delay_uniform,13424108433549973681,s7cd1:20260910:1:65:outlier_mask_uniform,5748444219008334378,s7cd1:20260910:1:65:outlier_direction,18446592410094567826
poorly_conditioned,1,66,20260910,whole_base_sequence,9,True,"SeedSequence([base_seed,geometry_index,sequence_index,mechanism_id])",s7cd1:20260910:1:66:truth,7914701302868174423,s7cd1:20260910:1:66:nominal_bearing_noise,11383961971396153285,s7cd1:20260910:1:66:transport_loss_uniform,8401238589789058378,s7cd1:20260910:1:66:transport_delay_uniform,5645294954050363383,s7cd1:20260910:1:66:outlier_mask_uniform,13964801413689082288,s7cd1:20260910:1:66:outlier_direction,16165252546030350568
poorly_conditioned,1,67,20260910,whole_base_sequence,9,True,"SeedSequence([base_seed,geometry_index,sequence_index,mechanism_id])",s7cd1:20260910:1:67:truth,13535786939829034343,s7cd1:20260910:1:67:nominal_bearing_noise,783271717856135999,s7cd1:20260910:1:67:transport_loss_uniform,110472466455721637,s7cd1:20260910:1:67:transport_delay_uniform,12957380796000408628,s7cd1:20260910:1:67:outlier_mask_uniform,11823162187660547618,s7cd1:20260910:1:67:outlier_direction,320234983392855707
poorly_conditioned,1,68,20260910,whole_base_sequence,9,True,"SeedSequence([base_seed,geometry_index,sequence_index,mechanism_id])",s7cd1:20260910:1:68:truth,17473399565686667390,s7cd1:20260910:1:68:nominal_bearing_noise,492287217487861626,s7cd1:20260910:1:68:transport_loss_uniform,1947555606422831107,s7cd1:20260910:1:68:transport_delay_uniform,5661629950657894531,s7cd1:20260910:1:68:outlier_mask_uniform,7904369957893025802,s7cd1:20260910:1:68:outlier_direction,2972337854168972555
poorly_conditioned,1,69,20260910,whole_base_sequence,9,True,"SeedSequence([base_seed,geometry_index,sequence_index,mechanism_id])",s7cd1:20260910:1:69:truth,17988406857553434378,s7cd1:20260910:1:69:nominal_bearing_noise,4277810649267141320,s7cd1:20260910:1:69:transport_loss_uniform,4879536916192216207,s7cd1:20260910:1:69:transport_delay_uniform,6362044188595397985,s7cd1:20260910:1:69:outlier_mask_uniform,13154770640204949223,s7cd1:20260910:1:69:outlier_direction,12247279522070462639
poorly_conditioned,1,70,20260910,whole_base_sequence,9,True,"SeedSequence([base_seed,geometry_index,sequence_index,mechanism_id])",s7cd1:20260910:1:70:truth,4419260048501634977,s7cd1:20260910:1:70:nominal_bearing_noise,8964280207008881405,s7cd1:20260910:1:70:transport_loss_uniform,16332988249028699799,s7cd1:20260910:1:70:transport_delay_uniform,1532840985270327780,s7cd1:20260910:1:70:outlier_mask_uniform,16090659049512245355,s7cd1:20260910:1:70:outlier_direction,6272253416697901642
poorly_conditioned,1,71,20260910,whole_base_sequence,9,True,"SeedSequence([base_seed,geometry_index,sequence_index,mechanism_id])",s7cd1:20260910:1:71:truth,5025080516271131330,s7cd1:20260910:1:71:nominal_bearing_noise,5658693102025537282,s7cd1:20260910:1:71:transport_loss_uniform,14783079033485594818,s7cd1:20260910:1:71:transport_delay_uniform,9857466255029501903,s7cd1:20260910:1:71:outlier_mask_uniform,9291480138739176930,s7cd1:20260910:1:71:outlier_direction,5971185814960060029
poorly_conditioned,1,72,20260910,whole_base_sequence,9,True,"SeedSequence([base_seed,geometry_index,sequence_index,mechanism_id])",s7cd1:20260910:1:72:truth,5059958986909746136,s7cd1:20260910:1:72:nominal_bearing_noise,17597299100389215705,s7cd1:20260910:1:72:transport_loss_uniform,3364756899332888644,s7cd1:20260910:1:72:transport_delay_uniform,12152558942201622496,s7cd1:20260910:1:72:outlier_mask_uniform,10621117484708021140,s7cd1:20260910:1:72:outlier_direction,17713712871256227163
poorly_conditioned,1,73,20260910,whole_base_sequence,9,True,"SeedSequence([base_seed,geometry_index,sequence_index,mechanism_id])",s7cd1:20260910:1:73:truth,5349008332201398364,s7cd1:20260910:1:73:nominal_bearing_noise,7449731381101197471,s7cd1:20260910:1:73:transport_loss_uniform,7355866048168788442,s7cd1:20260910:1:73:transport_delay_uniform,13295864931567900627,s7cd1:20260910:1:73:outlier_mask_uniform,3317790848749704483,s7cd1:20260910:1:73:outlier_direction,14627955812856969924
poorly_conditioned,1,74,20260910,whole_base_sequence,9,True,"SeedSequence([base_seed,geometry_index,sequence_index,mechanism_id])",s7cd1:20260910:1:74:truth,12108535049981310875,s7cd1:20260910:1:74:nominal_bearing_noise,16543098303611657914,s7cd1:20260910:1:74:transport_loss_uniform,7988561726166681192,s7cd1:20260910:1:74:transport_delay_uniform,15979750882037052241,s7cd1:20260910:1:74:outlier_mask_uniform,11568715892403355520,s7cd1:20260910:1:74:outlier_direction,12643217637882062816
poorly_conditioned,1,75,20260910,whole_base_sequence,9,True,"SeedSequence([base_seed,geometry_index,sequence_index,mechanism_id])",s7cd1:20260910:1:75:truth,152600013652339486,s7cd1:20260910:1:75:nominal_bearing_noise,16087853258698521415,s7cd1:20260910:1:75:transport_loss_uniform,3696521046367106993,s7cd1:20260910:1:75:transport_delay_uniform,8585999572857238982,s7cd1:20260910:1:75:outlier_mask_uniform,7980461279724328415,s7cd1:20260910:1:75:outlier_direction,1411933856918815022
poorly_conditioned,1,76,20260910,whole_base_sequence,9,True,"SeedSequence([base_seed,geometry_index,sequence_index,mechanism_id])",s7cd1:20260910:1:76:truth,496325102823013537,s7cd1:20260910:1:76:nominal_bearing_noise,13491732966891800519,s7cd1:20260910:1:76:transport_loss_uniform,5035633320271934632,s7cd1:20260910:1:76:transport_delay_uniform,8864733791243964486,s7cd1:20260910:1:76:outlier_mask_uniform,9796467113443505989,s7cd1:20260910:1:76:outlier_direction,4587252930415091919
poorly_conditioned,1,77,20260910,whole_base_sequence,9,True,"SeedSequence([base_seed,geometry_index,sequence_index,mechanism_id])",s7cd1:20260910:1:77:truth,14582077370315847665,s7cd1:20260910:1:77:nominal_bearing_noise,3058078207347314743,s7cd1:20260910:1:77:transport_loss_uniform,13548299426100044871,s7cd1:20260910:1:77:transport_delay_uniform,13635800602409510987,s7cd1:20260910:1:77:outlier_mask_uniform,3445241911208439814,s7cd1:20260910:1:77:outlier_direction,487073586998577534
poorly_conditioned,1,78,20260910,whole_base_sequence,9,True,"SeedSequence([base_seed,geometry_index,sequence_index,mechanism_id])",s7cd1:20260910:1:78:truth,7658105568337785307,s7cd1:20260910:1:78:nominal_bearing_noise,3183078593768488588,s7cd1:20260910:1:78:transport_loss_uniform,14309508646627923467,s7cd1:20260910:1:78:transport_delay_uniform,1125438957779742663,s7cd1:20260910:1:78:outlier_mask_uniform,17531006793017277739,s7cd1:20260910:1:78:outlier_direction,12606534389882450857
poorly_conditioned,1,79,20260910,whole_base_sequence,9,True,"SeedSequence([base_seed,geometry_index,sequence_index,mechanism_id])",s7cd1:20260910:1:79:truth,833161838618732526,s7cd1:20260910:1:79:nominal_bearing_noise,2105016477994269262,s7cd1:20260910:1:79:transport_loss_uniform,17130752087974157458,s7cd1:20260910:1:79:transport_delay_uniform,14544302893718706912,s7cd1:20260910:1:79:outlier_mask_uniform,15468950107967696377,s7cd1:20260910:1:79:outlier_direction,17857489701737896121
poorly_conditioned,1,80,20260910,whole_base_sequence,9,True,"SeedSequence([base_seed,geometry_index,sequence_index,mechanism_id])",s7cd1:20260910:1:80:truth,5694936265302705367,s7cd1:20260910:1:80:nominal_bearing_noise,1486547091963590143,s7cd1:20260910:1:80:transport_loss_uniform,179332627872854627,s7cd1:20260910:1:80:transport_delay_uniform,9876293250018660389,s7cd1:20260910:1:80:outlier_mask_uniform,2309554994399668729,s7cd1:20260910:1:80:outlier_direction,8489137042879703073
poorly_conditioned,1,81,20260910,whole_base_sequence,9,True,"SeedSequence([base_seed,geometry_index,sequence_index,mechanism_id])",s7cd1:20260910:1:81:truth,9606352219594947706,s7cd1:20260910:1:81:nominal_bearing_noise,2594463305104774597,s7cd1:20260910:1:81:transport_loss_uniform,12019322253216112939,s7cd1:20260910:1:81:transport_delay_uniform,10335533855461895106,s7cd1:20260910:1:81:outlier_mask_uniform,233373741685497604,s7cd1:20260910:1:81:outlier_direction,17636370562432822212
poorly_conditioned,1,82,20260910,whole_base_sequence,9,True,"SeedSequence([base_seed,geometry_index,sequence_index,mechanism_id])",s7cd1:20260910:1:82:truth,14373046767660312205,s7cd1:20260910:1:82:nominal_bearing_noise,13554234482635025197,s7cd1:20260910:1:82:transport_loss_uniform,12547357381458889,s7cd1:20260910:1:82:transport_delay_uniform,132863525283652414,s7cd1:20260910:1:82:outlier_mask_uniform,17851023574801844946,s7cd1:20260910:1:82:outlier_direction,12231006376786568979
poorly_conditioned,1,83,20260910,whole_base_sequence,9,True,"SeedSequence([base_seed,geometry_index,sequence_index,mechanism_id])",s7cd1:20260910:1:83:truth,16315662379813301702,s7cd1:20260910:1:83:nominal_bearing_noise,3439055998548869977,s7cd1:20260910:1:83:transport_loss_uniform,7981413082340978180,s7cd1:20260910:1:83:transport_delay_uniform,755994766143792810,s7cd1:20260910:1:83:outlier_mask_uniform,15095373164141688899,s7cd1:20260910:1:83:outlier_direction,8330057907239773574
poorly_conditioned,1,84,20260910,whole_base_sequence,9,True,"SeedSequence([base_seed,geometry_index,sequence_index,mechanism_id])",s7cd1:20260910:1:84:truth,1763484883033028454,s7cd1:20260910:1:84:nominal_bearing_noise,18193420323104493671,s7cd1:20260910:1:84:transport_loss_uniform,7530023708176528015,s7cd1:20260910:1:84:transport_delay_uniform,3481627739723130679,s7cd1:20260910:1:84:outlier_mask_uniform,4698158116684736598,s7cd1:20260910:1:84:outlier_direction,7681817115147319844
poorly_conditioned,1,85,20260910,whole_base_sequence,9,True,"SeedSequence([base_seed,geometry_index,sequence_index,mechanism_id])",s7cd1:20260910:1:85:truth,16159475178186653509,s7cd1:20260910:1:85:nominal_bearing_noise,7276902901343290738,s7cd1:20260910:1:85:transport_loss_uniform,2746362096912629498,s7cd1:20260910:1:85:transport_delay_uniform,6388659714784612204,s7cd1:20260910:1:85:outlier_mask_uniform,18210358842090178742,s7cd1:20260910:1:85:outlier_direction,12747381266958004375
poorly_conditioned,1,86,20260910,whole_base_sequence,9,True,"SeedSequence([base_seed,geometry_index,sequence_index,mechanism_id])",s7cd1:20260910:1:86:truth,2320440278968418553,s7cd1:20260910:1:86:nominal_bearing_noise,10744176955299003586,s7cd1:20260910:1:86:transport_loss_uniform,13751332027048686666,s7cd1:20260910:1:86:transport_delay_uniform,1495122660112908235,s7cd1:20260910:1:86:outlier_mask_uniform,14149864476453212300,s7cd1:20260910:1:86:outlier_direction,17474670191417735645
poorly_conditioned,1,87,20260910,whole_base_sequence,9,True,"SeedSequence([base_seed,geometry_index,sequence_index,mechanism_id])",s7cd1:20260910:1:87:truth,3714766939282558877,s7cd1:20260910:1:87:nominal_bearing_noise,4275782241233954568,s7cd1:20260910:1:87:transport_loss_uniform,8835531745628058112,s7cd1:20260910:1:87:transport_delay_uniform,15529179533535341081,s7cd1:20260910:1:87:outlier_mask_uniform,14318011341781567353,s7cd1:20260910:1:87:outlier_direction,15011953039953270624
poorly_conditioned,1,88,20260910,whole_base_sequence,9,True,"SeedSequence([base_seed,geometry_index,sequence_index,mechanism_id])",s7cd1:20260910:1:88:truth,8199465938473915138,s7cd1:20260910:1:88:nominal_bearing_noise,12965187870557409876,s7cd1:20260910:1:88:transport_loss_uniform,3123334720079022405,s7cd1:20260910:1:88:transport_delay_uniform,10753884018995647419,s7cd1:20260910:1:88:outlier_mask_uniform,8945043959654403921,s7cd1:20260910:1:88:outlier_direction,9529665616576087164
poorly_conditioned,1,89,20260910,whole_base_sequence,9,True,"SeedSequence([base_seed,geometry_index,sequence_index,mechanism_id])",s7cd1:20260910:1:89:truth,7161540474417270657,s7cd1:20260910:1:89:nominal_bearing_noise,4642233539645890161,s7cd1:20260910:1:89:transport_loss_uniform,11282728932748252559,s7cd1:20260910:1:89:transport_delay_uniform,3197763579734399699,s7cd1:20260910:1:89:outlier_mask_uniform,3601449485156318976,s7cd1:20260910:1:89:outlier_direction,1268345520633302747
poorly_conditioned,1,90,20260910,whole_base_sequence,9,True,"SeedSequence([base_seed,geometry_index,sequence_index,mechanism_id])",s7cd1:20260910:1:90:truth,14184277592179946774,s7cd1:20260910:1:90:nominal_bearing_noise,5705193401904907450,s7cd1:20260910:1:90:transport_loss_uniform,3367889085512013435,s7cd1:20260910:1:90:transport_delay_uniform,3122226234271718138,s7cd1:20260910:1:90:outlier_mask_uniform,126621189889136959,s7cd1:20260910:1:90:outlier_direction,1514666236487123895
poorly_conditioned,1,91,20260910,whole_base_sequence,9,True,"SeedSequence([base_seed,geometry_index,sequence_index,mechanism_id])",s7cd1:20260910:1:91:truth,7383836342174677029,s7cd1:20260910:1:91:nominal_bearing_noise,17928705710911860901,s7cd1:20260910:1:91:transport_loss_uniform,17004087045734043035,s7cd1:20260910:1:91:transport_delay_uniform,5081899509362423037,s7cd1:20260910:1:91:outlier_mask_uniform,17384535169234812515,s7cd1:20260910:1:91:outlier_direction,14111266581464923502
poorly_conditioned,1,92,20260910,whole_base_sequence,9,True,"SeedSequence([base_seed,geometry_index,sequence_index,mechanism_id])",s7cd1:20260910:1:92:truth,1963457144399191601,s7cd1:20260910:1:92:nominal_bearing_noise,734210916344646275,s7cd1:20260910:1:92:transport_loss_uniform,12493085692748095227,s7cd1:20260910:1:92:transport_delay_uniform,2411037182587012007,s7cd1:20260910:1:92:outlier_mask_uniform,3198894126724714150,s7cd1:20260910:1:92:outlier_direction,1342362833281067609
poorly_conditioned,1,93,20260910,whole_base_sequence,9,True,"SeedSequence([base_seed,geometry_index,sequence_index,mechanism_id])",s7cd1:20260910:1:93:truth,17152440395966063712,s7cd1:20260910:1:93:nominal_bearing_noise,15559294195315169120,s7cd1:20260910:1:93:transport_loss_uniform,4625929248583970096,s7cd1:20260910:1:93:transport_delay_uniform,12955220967285227358,s7cd1:20260910:1:93:outlier_mask_uniform,4592557962427457480,s7cd1:20260910:1:93:outlier_direction,2372434660294690528
poorly_conditioned,1,94,20260910,whole_base_sequence,9,True,"SeedSequence([base_seed,geometry_index,sequence_index,mechanism_id])",s7cd1:20260910:1:94:truth,16911923946077943942,s7cd1:20260910:1:94:nominal_bearing_noise,8092983762546745125,s7cd1:20260910:1:94:transport_loss_uniform,1048091236082170687,s7cd1:20260910:1:94:transport_delay_uniform,13259694618241894259,s7cd1:20260910:1:94:outlier_mask_uniform,8240226185910633755,s7cd1:20260910:1:94:outlier_direction,14422982043238533511
poorly_conditioned,1,95,20260910,whole_base_sequence,9,True,"SeedSequence([base_seed,geometry_index,sequence_index,mechanism_id])",s7cd1:20260910:1:95:truth,5511957830289786886,s7cd1:20260910:1:95:nominal_bearing_noise,2736223761474564003,s7cd1:20260910:1:95:transport_loss_uniform,10014701489782669952,s7cd1:20260910:1:95:transport_delay_uniform,16031377931764820049,s7cd1:20260910:1:95:outlier_mask_uniform,3402960410348987531,s7cd1:20260910:1:95:outlier_direction,4881163692679543286
poorly_conditioned,1,96,20260910,whole_base_sequence,9,True,"SeedSequence([base_seed,geometry_index,sequence_index,mechanism_id])",s7cd1:20260910:1:96:truth,9022164840629314495,s7cd1:20260910:1:96:nominal_bearing_noise,4107653410510694607,s7cd1:20260910:1:96:transport_loss_uniform,8713843671472465579,s7cd1:20260910:1:96:transport_delay_uniform,17265462872058520204,s7cd1:20260910:1:96:outlier_mask_uniform,16425543853264161493,s7cd1:20260910:1:96:outlier_direction,13361950197438601122
poorly_conditioned,1,97,20260910,whole_base_sequence,9,True,"SeedSequence([base_seed,geometry_index,sequence_index,mechanism_id])",s7cd1:20260910:1:97:truth,3333366194226529738,s7cd1:20260910:1:97:nominal_bearing_noise,8053508410252415641,s7cd1:20260910:1:97:transport_loss_uniform,6534056254540116148,s7cd1:20260910:1:97:transport_delay_uniform,13625064896953312217,s7cd1:20260910:1:97:outlier_mask_uniform,9836824381350424669,s7cd1:20260910:1:97:outlier_direction,14169220348468733069
poorly_conditioned,1,98,20260910,whole_base_sequence,9,True,"SeedSequence([base_seed,geometry_index,sequence_index,mechanism_id])",s7cd1:20260910:1:98:truth,5199538057769992404,s7cd1:20260910:1:98:nominal_bearing_noise,5745059444144120357,s7cd1:20260910:1:98:transport_loss_uniform,10937786062990121493,s7cd1:20260910:1:98:transport_delay_uniform,13327063221640139122,s7cd1:20260910:1:98:outlier_mask_uniform,17210302335139360949,s7cd1:20260910:1:98:outlier_direction,3533636583171364285
poorly_conditioned,1,99,20260910,whole_base_sequence,9,True,"SeedSequence([base_seed,geometry_index,sequence_index,mechanism_id])",s7cd1:20260910:1:99:truth,7347745549428491983,s7cd1:20260910:1:99:nominal_bearing_noise,6687427578098747017,s7cd1:20260910:1:99:transport_loss_uniform,18362972426412981755,s7cd1:20260910:1:99:transport_delay_uniform,5787337179468422240,s7cd1:20260910:1:99:outlier_mask_uniform,7370004435775930772,s7cd1:20260910:1:99:outlier_direction,17034147858811965566
