geometry,motion,angular_noise_std_deg,delivery_schedule,mode,prefix_index,row_type,base_seed,seed_scheme,processing_time_s,independent_sequence_count,dependent_prefix_count_per_sequence,successful_sequence_count,successful_fraction,failure_reason_counts,position_rmse_m,position_median_m,position_p95_m,velocity_rmse_mps,velocity_median_mps,velocity_p95_mps,position_bias_e_m,position_bias_n_m,position_bias_u_m,velocity_bias_e_mps,velocity_bias_n_mps,velocity_bias_u_mps,mean_used_measurement_count,median_condition_number,median_runtime_s,maximum_constraint_residual_rad,maximum_scaled_kkt_residual
wide,stationary,0.05,ordered,offline_full_record,-1,aggregate,20260903,"SeedSequence([base_seed,configuration_index,sequence_index,stream_id])",5.019999999999999,4,5,4,1.0,{},0.08638450429454995,0.08451081072308295,0.11160545537020143,0.027265827795617474,0.02568188933028607,0.03701291412973717,0.018238293676750672,-0.04509577873785808,0.03146749436162466,-0.01112981579307133,0.012401328512762974,-0.010042158410328617,19.0,113.70053070207956,0.05714024999178946,0.0,1.913998422835698e-07
wide,stationary,0.05,ordered,causal_prefix,0,aggregate,20260903,"SeedSequence([base_seed,configuration_index,sequence_index,stream_id])",1.5,4,5,4,1.0,{},1.0171706588736618,0.751186130899518,1.4978899019487317,1.248824551367853,0.9159040466433864,1.842055907539987,0.15317769104994028,0.14741503455629967,0.1301949368720816,-0.18119826577009088,-0.2254443165022205,-0.14978462042426588,4.0,36581.191987749,0.016659999906551093,0.0,2.3504329228596897e-08
wide,stationary,0.05,ordered,causal_prefix,1,aggregate,20260903,"SeedSequence([base_seed,configuration_index,sequence_index,stream_id])",2.5,4,5,4,1.0,{},0.10638491421077141,0.10990082436739215,0.1312375773332353,0.08727993104110464,0.08707887953968449,0.11654173521360137,0.027897710485383698,-0.05988438019658204,0.010557932890563393,-0.01768792935803357,0.031954472410736214,0.0032940193396018246,8.0,802.5609341705481,0.023133349954150617,0.0,2.770893077779038e-09
wide,stationary,0.05,ordered,causal_prefix,2,aggregate,20260903,"SeedSequence([base_seed,configuration_index,sequence_index,stream_id])",3.5,4,5,4,1.0,{},0.09329411471546628,0.10159380920976965,0.10998669413581603,0.04532727364179861,0.04487375639433555,0.05590900459275158,0.0291797338246802,-0.021308799477887774,0.015263333125792755,-0.017780458635700276,-0.0014129203165832724,0.0014655249304798296,12.0,274.1708362203668,0.04142495000269264,0.0,3.848498061650177e-07
wide,stationary,0.05,ordered,causal_prefix,3,aggregate,20260903,"SeedSequence([base_seed,configuration_index,sequence_index,stream_id])",4.5,4,5,4,1.0,{},0.07905357680298254,0.08402889749806158,0.09860451945984673,0.03110680570085901,0.029668936610926816,0.04203481052983096,0.03023756531173305,-0.025889031933093776,0.03766241616809651,-0.017834436473862313,0.0013761304500763175,-0.013533649508246478,16.0,163.05136835638842,0.05542175000300631,0.0,3.7239447010784935e-07
wide,stationary,0.05,ordered,causal_prefix,4,aggregate,20260903,"SeedSequence([base_seed,configuration_index,sequence_index,stream_id])",7.0,4,5,4,1.0,{},0.08638450429454995,0.08451081072308295,0.11160545537020143,0.027265827795617474,0.02568188933028607,0.03701291412973717,0.018238293676750672,-0.04509577873785808,0.03146749436162466,-0.01112981579307133,0.012401328512762974,-0.010042158410328617,19.0,113.70053070207956,0.06800550001207739,0.0,1.913998422835698e-07
wide,stationary,0.05,reordered_dropout,offline_full_record,-1,aggregate,20260903,"SeedSequence([base_seed,configuration_index,sequence_index,stream_id])",5.502103609760322,4,5,4,1.0,{},0.0979674135699192,0.08763835952301065,0.1346819329439522,0.029735096046832495,0.030526841529529745,0.03682212736853254,-0.0033860553668496607,-0.001343319073171756,0.022966685562822775,0.003986876407031193,0.00012129855970169964,-0.008085189657995536,17.0,106.79158499998351,0.08005425002193078,0.0,3.147045025233984e-07
wide,stationary,0.05,reordered_dropout,causal_prefix,0,aggregate,20260903,"SeedSequence([base_seed,configuration_index,sequence_index,stream_id])",1.5,4,5,1,0.25,"{""insufficient_measurements"": 3}",1.8465960404542832,1.8465960404542832,1.8465960404542832,2.2768017944785557,2.2768017944785557,2.2768017944785557,1.520643663471546,0.6647342885533263,0.8097457076062682,-1.895901611356176,-0.7602596890573369,-1.00567822716427,2.25,50915.61714724809,1.1850032024085522e-05,0.0,0.0
wide,stationary,0.05,reordered_dropout,causal_prefix,1,aggregate,20260903,"SeedSequence([base_seed,configuration_index,sequence_index,stream_id])",2.5,4,5,4,1.0,{},0.20156879586372894,0.1561253725581297,0.29289233186007374,0.15100602274795075,0.14849598352673468,0.19184700339415206,-0.02347617868346319,0.0931184050612508,0.08515667557028728,0.01993887579103065,-0.09004397050616193,-0.06301499679771536,5.75,1715.7268812493924,0.022253899951465428,0.0,2.9345897296331133e-09
wide,stationary,0.05,reordered_dropout,causal_prefix,2,aggregate,20260903,"SeedSequence([base_seed,configuration_index,sequence_index,stream_id])",3.5,4,5,4,1.0,{},0.14721424759960264,0.12034104645951332,0.21556429915414915,0.0734734108989655,0.06366193669046216,0.09651089096451411,-0.02955144115131958,0.018353764340787393,0.0489977030203157,0.02560867575758777,-0.013355383040697286,-0.029070007531671854,8.75,523.0936850265105,0.03867954993620515,0.0,2.0309749963458583e-07
wide,stationary,0.05,reordered_dropout,causal_prefix,3,aggregate,20260903,"SeedSequence([base_seed,configuration_index,sequence_index,stream_id])",4.5,4,5,4,1.0,{},0.11566949767983781,0.0776866789915946,0.18297703789255795,0.04385911744716526,0.032059020336593594,0.06498834381152133,-0.014678029588507613,0.020172283520025758,0.024522378157772806,0.011180408587958152,-0.013312167647274088,-0.009520693890119742,13.25,170.5938724023694,0.07086440006969497,0.0,5.000143180214582e-07
wide,stationary,0.05,reordered_dropout,causal_prefix,4,aggregate,20260903,"SeedSequence([base_seed,configuration_index,sequence_index,stream_id])",7.0,4,5,4,1.0,{},0.0979674135699192,0.08763835952301065,0.1346819329439522,0.029735096046832495,0.030526841529529745,0.03682212736853254,-0.0033860553668496607,-0.001343319073171756,0.022966685562822775,0.003986876407031193,0.00012129855970169964,-0.008085189657995536,17.0,106.79158499998351,0.07884769997326657,0.0,3.147045025233984e-07
wide,stationary,0.2,ordered,offline_full_record,-1,aggregate,20260903,"SeedSequence([base_seed,configuration_index,sequence_index,stream_id])",5.019999999999999,4,5,4,1.0,{},0.2924744173682253,0.2715861796310052,0.39376586284044524,0.09130008403011503,0.0866976506517868,0.11474082847764432,-0.19590399134234993,0.07874098740118995,0.028973523790332578,0.05125366898934357,-0.023044903482465684,0.0072213625447246355,19.0,115.8106790740049,0.07514949998585507,0.0,3.928507457101494e-09
wide,stationary,0.2,ordered,causal_prefix,0,aggregate,20260903,"SeedSequence([base_seed,configuration_index,sequence_index,stream_id])",1.5,4,5,4,1.0,{},2.193323635237477,1.7991057114840368,3.196169454330603,2.4668329166893215,1.8303106189499048,3.7169791255025193,-0.5646518430830145,0.2831001736142902,0.32937342417129223,0.5767429547927598,-0.23895820179178667,-0.19782809490781683,4.0,37471.55619944274,0.02255074994172901,0.0,6.871542178142873e-08
wide,stationary,0.2,ordered,causal_prefix,1,aggregate,20260903,"SeedSequence([base_seed,configuration_index,sequence_index,stream_id])",2.5,4,5,4,1.0,{},0.5721635566107267,0.5456579768817796,0.7882544995311724,0.4121286277251048,0.42565434073630737,0.5256071048245052,-0.13139339239007874,0.06750673347213265,0.26557100877365514,-0.007555041036783436,0.008826930763391777,-0.1481022190792077,8.0,817.5727549512914,0.03648565005278215,0.0,7.586965939805502e-09
wide,stationary,0.2,ordered,causal_prefix,2,aggregate,20260903,"SeedSequence([base_seed,configuration_index,sequence_index,stream_id])",3.5,4,5,4,1.0,{},0.3833945994012146,0.3523568432101326,0.529693431163031,0.1859045792038343,0.16194950230943533,0.25980857498277915,-0.12243498647882767,0.1062393271796882,0.23719479153610123,-0.0041309334826174085,-0.0355901290766143,-0.12946630003159715,12.0,280.88980685849776,0.054296249989420176,0.0,1.4004858007175499e-08
wide,stationary,0.2,ordered,causal_prefix,3,aggregate,20260903,"SeedSequence([base_seed,configuration_index,sequence_index,stream_id])",4.5,4,5,4,1.0,{},0.3418563720722171,0.34102139698525585,0.42772271161166925,0.12301452317153379,0.12470733106819654,0.14769492379836885,-0.21226861162015176,0.10908528727300038,0.04896432558905417,0.06081281130030228,-0.0405138641728978,-0.004313438145107137,16.0,162.524935273827,0.06942050001816824,0.0,2.2179665672187602e-08
wide,stationary,0.2,ordered,causal_prefix,4,aggregate,20260903,"SeedSequence([base_seed,configuration_index,sequence_index,stream_id])",7.0,4,5,4,1.0,{},0.2924744173682253,0.2715861796310052,0.39376586284044524,0.09130008403011503,0.0866976506517868,0.11474082847764432,-0.19590399134234993,0.07874098740118995,0.028973523790332578,0.05125366898934357,-0.023044903482465684,0.0072213625447246355,19.0,115.8106790740049,0.07002200005808845,0.0,3.928507457101494e-09
wide,stationary,0.2,reordered_dropout,offline_full_record,-1,aggregate,20260903,"SeedSequence([base_seed,configuration_index,sequence_index,stream_id])",5.368901875211531,4,5,4,1.0,{},0.2911253887590462,0.30036532284660744,0.3769015817461313,0.079893986966999,0.07882822233800532,0.1049998211279977,0.051435720192857914,-0.029208647632261275,-0.008947146423890828,-0.017943279519525512,-0.000911421526273869,0.004538508474486176,17.0,106.89863340054663,0.07999535003909841,0.0,1.3984437876079217e-08
wide,stationary,0.2,reordered_dropout,causal_prefix,0,aggregate,20260903,"SeedSequence([base_seed,configuration_index,sequence_index,stream_id])",1.5,4,5,4,1.0,{},2.2369908813616695,1.8327190124645703,3.1593338028898503,3.015261483347298,2.4321924524297565,4.255983764351203,-1.0131287210155708,-1.2394686522825786,-0.8547949847716829,1.1914455389782606,1.5410730416573213,0.9160076312337604,3.25,50944.878776132144,0.015544400026556104,0.0,1.9788822229809884e-08
wide,stationary,0.2,reordered_dropout,causal_prefix,1,aggregate,20260903,"SeedSequence([base_seed,configuration_index,sequence_index,stream_id])",2.5,4,5,4,1.0,{},0.7477359997195383,0.7149458881980324,0.9461808397239001,0.7078077113665464,0.6067499925609716,1.0045575016725243,-0.34858674399977296,-0.09277808974625934,-0.39891642969610785,0.392619286165917,0.06816012472188904,0.39671181930204014,6.0,1627.4853577488302,0.03234679996967316,0.0,7.915672087732555e-09
wide,stationary,0.2,reordered_dropout,causal_prefix,2,aggregate,20260903,"SeedSequence([base_seed,configuration_index,sequence_index,stream_id])",3.5,4,5,4,1.0,{},0.31119213647154803,0.24736358770018238,0.47154409695479393,0.2227576526331726,0.21504414887387974,0.2965769790738218,0.07490349813013708,0.004110389246266166,-0.054368562529862885,-0.03326916511032852,-0.03133519813261569,0.04488051343859989,8.25,526.6245109608896,0.03332399995997548,0.0,6.723696397201406e-09
wide,stationary,0.2,reordered_dropout,causal_prefix,3,aggregate,20260903,"SeedSequence([base_seed,configuration_index,sequence_index,stream_id])",4.5,4,5,4,1.0,{},0.31433594614313315,0.3464619986096594,0.377574123298036,0.09372178730701143,0.09196911526136764,0.12300146019969746,0.052335189545170024,-0.05059447367089298,0.017317361828459,-0.01641098999023734,0.0091996291514269,-0.01045263749854921,13.0,172.6736974098602,0.054552550020162016,0.0,8.490749935602173e-08
wide,stationary,0.2,reordered_dropout,causal_prefix,4,aggregate,20260903,"SeedSequence([base_seed,configuration_index,sequence_index,stream_id])",7.0,4,5,4,1.0,{},0.2911253887590462,0.30036532284660744,0.3769015817461313,0.079893986966999,0.07882822233800532,0.1049998211279977,0.051435720192857914,-0.029208647632261275,-0.008947146423890828,-0.017943279519525512,-0.000911421526273869,0.004538508474486176,17.0,106.89863340054663,0.06450630002655089,0.0,1.3984437876079217e-08
wide,oblique_slow,0.05,ordered,offline_full_record,-1,aggregate,20260903,"SeedSequence([base_seed,configuration_index,sequence_index,stream_id])",5.019999999999999,4,5,4,1.0,{},0.03777337967546645,0.03784175188816626,0.050645209057356456,0.01635250423333193,0.015028947027840956,0.022617554499391825,0.005290916300129567,0.0029020846323408733,-0.010271558580965845,-0.0025240240332455866,-0.0018418062479954589,-0.0008768622416813199,19.0,142.5593990743564,0.08912970003439113,0.0,6.772302614475144e-08
wide,oblique_slow,0.05,ordered,causal_prefix,0,aggregate,20260903,"SeedSequence([base_seed,configuration_index,sequence_index,stream_id])",1.5,4,5,4,1.0,{},0.5429288849870545,0.5123191112498751,0.6410315319620701,0.6915274982112415,0.6628967076254118,0.8628620489624932,-0.06038350670284309,-0.11748808625651463,-0.1412560417100206,0.07946703238752262,0.13367692110999962,0.14419926939618982,4.0,72148.32770677221,0.02214250003453344,0.0,5.4677655873807454e-09
wide,oblique_slow,0.05,ordered,causal_prefix,1,aggregate,20260903,"SeedSequence([base_seed,configuration_index,sequence_index,stream_id])",2.5,4,5,4,1.0,{},0.1197581270874259,0.07824708659689761,0.1930260218038118,0.09804499835841807,0.08281599534050661,0.1464547228327613,0.0025732627054342316,-0.032081040997161026,-0.05822207020970893,-0.005139634634304224,0.026624258201857764,0.03810411479916592,8.0,983.7305921561689,0.04373325000051409,0.0,5.666426769712308e-10
wide,oblique_slow,0.05,ordered,causal_prefix,2,aggregate,20260903,"SeedSequence([base_seed,configuration_index,sequence_index,stream_id])",3.5,4,5,4,1.0,{},0.05559065831366525,0.05847283361888492,0.06314351082160755,0.03715894063118582,0.03453178863266823,0.04847907466724138,-0.007335959281224547,-0.009850952692039172,-0.018644648081854953,0.005366042233348356,0.007257133163099949,0.0043235474923334904,12.0,340.9484104328574,0.0640379999531433,0.0,3.806098925893771e-07
wide,oblique_slow,0.05,ordered,causal_prefix,3,aggregate,20260903,"SeedSequence([base_seed,configuration_index,sequence_index,stream_id])",4.5,4,5,4,1.0,{},0.05527519530499622,0.06024083387926622,0.0655708076471435,0.026986959754084317,0.0276278662749324,0.03289700862621366,0.0016588886253785518,0.00433048960354121,-0.014102150119569501,-0.0007234382630008085,-0.0025532046978629097,0.0014475389179145204,16.0,179.93843250637195,0.0739438499440439,0.0,1.9272926295510014e-07
wide,oblique_slow,0.05,ordered,causal_prefix,4,aggregate,20260903,"SeedSequence([base_seed,configuration_index,sequence_index,stream_id])",7.0,4,5,4,1.0,{},0.03777337967546645,0.03784175188816626,0.050645209057356456,0.01635250423333193,0.015028947027840956,0.022617554499391825,0.005290916300129567,0.0029020846323408733,-0.010271558580965845,-0.0025240240332455866,-0.0018418062479954589,-0.0008768622416813199,19.0,142.5593990743564,0.08339510002406314,0.0,6.772302614475144e-08
wide,oblique_slow,0.05,reordered_dropout,offline_full_record,-1,aggregate,20260903,"SeedSequence([base_seed,configuration_index,sequence_index,stream_id])",5.366671215866349,4,5,4,1.0,{},0.02554414589791979,0.02600128664695013,0.032357513463545574,0.014238639105551978,0.01131276744741488,0.021661646629884075,0.002492052404548417,-0.0017577542838349558,-0.0038913530034108135,-0.008188681122337949,-0.0004625865656118222,0.004004493999937714,17.0,137.86416205953998,0.08943469997029752,0.0,3.550135521217726e-10
wide,oblique_slow,0.05,reordered_dropout,causal_prefix,0,aggregate,20260903,"SeedSequence([base_seed,configuration_index,sequence_index,stream_id])",1.5,4,5,4,1.0,{},1.874453649812405,1.0936582174623828,3.0660488781279334,2.4332111963473104,1.3256766372253725,4.011418452646468,1.0113481448840282,0.7161140776788795,0.5521548655368527,-1.2836741265445104,-0.906386995212629,-0.7020009170070161,3.25,73939.01063997898,0.019392999995034188,0.0,7.570067971175501e-09
wide,oblique_slow,0.05,reordered_dropout,causal_prefix,1,aggregate,20260903,"SeedSequence([base_seed,configuration_index,sequence_index,stream_id])",2.5,4,5,4,1.0,{},0.13545255525134406,0.12078482552926413,0.17955643526624585,0.1196875906701088,0.12309179270914336,0.136860807549156,0.059395964560090775,0.035212501432758,0.023106028750762064,-0.041460242654213,-0.0358457915467959,-0.014145577696601352,6.25,1341.8116096933347,0.03584699996281415,0.0,3.1850080947914104e-07
wide,oblique_slow,0.05,reordered_dropout,causal_prefix,2,aggregate,20260903,"SeedSequence([base_seed,configuration_index,sequence_index,stream_id])",3.5,4,5,4,1.0,{},0.11969993969456093,0.09829130271105341,0.17685468740096016,0.0952701725000764,0.08401633182112635,0.13243146245984194,0.08411673953684051,0.020295281241061502,0.01946989360445528,-0.06830256148626956,-0.015453710058620618,-0.01248165231916984,9.0,513.4039664089289,0.04391294997185469,0.0,3.1912331235285346e-10
wide,oblique_slow,0.05,reordered_dropout,causal_prefix,3,aggregate,20260903,"SeedSequence([base_seed,configuration_index,sequence_index,stream_id])",4.5,4,5,4,1.0,{},0.0465620217441219,0.04338982909675876,0.060053899632250315,0.02574481428122383,0.025431846317916434,0.03371554800684152,0.01132000107188702,0.00814057667203727,-0.006445557844427796,-0.013406522957500222,-0.005782829371476117,0.005687177205015326,13.25,222.59211420091592,0.06183105002855882,0.0,3.2674979554320745e-07
wide,oblique_slow,0.05,reordered_dropout,causal_prefix,4,aggregate,20260903,"SeedSequence([base_seed,configuration_index,sequence_index,stream_id])",7.0,4,5,4,1.0,{},0.02554414589791979,0.02600128664695013,0.032357513463545574,0.014238639105551978,0.01131276744741488,0.021661646629884075,0.002492052404548417,-0.0017577542838349558,-0.0038913530034108135,-0.008188681122337949,-0.0004625865656118222,0.004004493999937714,17.0,137.86416205953998,0.08072174998233095,0.0,3.550135521217726e-10
wide,oblique_slow,0.2,ordered,offline_full_record,-1,aggregate,20260903,"SeedSequence([base_seed,configuration_index,sequence_index,stream_id])",5.019999999999999,4,5,4,1.0,{},0.2605852697937442,0.2677130975106015,0.3396106114987988,0.07393745555371634,0.0800250857339551,0.08797808265380835,0.01229715021957567,-0.04516846252717954,0.012903992367368389,-0.009868630620655683,0.00424372979696086,0.0037655403917969676,19.0,142.7246831512374,0.0814832000178285,0.0,1.3775591365236032e-08
wide,oblique_slow,0.2,ordered,causal_prefix,0,aggregate,20260903,"SeedSequence([base_seed,configuration_index,sequence_index,stream_id])",1.5,4,5,4,1.0,{},2.270213444343302,2.0090719983768324,3.0564675442002858,2.8128201324603634,2.5103223560761148,3.8280904480856583,-0.2520172344632794,0.1293445261621038,0.19139773629755386,0.32073276245287996,-0.27626842294962783,-0.18105050007384166,4.0,66840.66400377835,0.019822899950668216,0.0,5.5765435359576075e-09
wide,oblique_slow,0.2,ordered,causal_prefix,1,aggregate,20260903,"SeedSequence([base_seed,configuration_index,sequence_index,stream_id])",2.5,4,5,4,1.0,{},0.5808398117669753,0.5707914943282076,0.6939197977647927,0.43686527766205524,0.4014987916515128,0.5750596815105251,0.17336368210836994,-0.05351853889338365,0.1841451014247486,-0.13022886249938637,-0.0030616484983057024,-0.12999756313594707,8.0,984.9366645772297,0.03730629995698109,0.0,8.423956829720068e-09
wide,oblique_slow,0.2,ordered,causal_prefix,2,aggregate,20260903,"SeedSequence([base_seed,configuration_index,sequence_index,stream_id])",3.5,4,5,4,1.0,{},0.4432495425310567,0.4456654412982721,0.5812442533851262,0.22438253370488598,0.21504630891709964,0.2942701160252663,0.10854891446927617,-0.1373672876194405,0.09695267345171388,-0.08111229807149933,0.0634106113066858,-0.05466845912611376,12.0,340.50859314428266,0.052445849985815585,0.0,1.737448807492757e-08
wide,oblique_slow,0.2,ordered,causal_prefix,3,aggregate,20260903,"SeedSequence([base_seed,configuration_index,sequence_index,stream_id])",4.5,4,5,4,1.0,{},0.29814011573238774,0.31214947795196823,0.37461727649554905,0.12691939315564066,0.12041936610786336,0.17221485282238405,-0.07622905201761476,-0.06980426355771208,-0.006877688097800316,0.03871623426675086,0.017621097388051066,0.013371151278392057,16.0,180.1721044295415,0.06503925001015887,0.0,1.0810189747509591e-08
wide,oblique_slow,0.2,ordered,causal_prefix,4,aggregate,20260903,"SeedSequence([base_seed,configuration_index,sequence_index,stream_id])",7.0,4,5,4,1.0,{},0.2605852697937442,0.2677130975106015,0.3396106114987988,0.07393745555371634,0.0800250857339551,0.08797808265380835,0.01229715021957567,-0.04516846252717954,0.012903992367368389,-0.009868630620655683,0.00424372979696086,0.0037655403917969676,19.0,142.7246831512374,0.08167425001738593,0.0,1.3775591365236032e-08
wide,oblique_slow,0.2,reordered_dropout,offline_full_record,-1,aggregate,20260903,"SeedSequence([base_seed,configuration_index,sequence_index,stream_id])",5.368188981643028,4,5,4,1.0,{},0.2583315506816811,0.2427614067870874,0.32933154208369586,0.09521881088058554,0.0949391677606636,0.12137490925460487,0.08056500332903482,0.13088857763019313,0.06122361773760154,-0.014971026973187085,-0.036513739572338055,-0.03357218069972884,17.0,137.81431887288483,0.08215834997827187,0.0,7.248763595569769e-09
wide,oblique_slow,0.2,reordered_dropout,causal_prefix,0,aggregate,20260903,"SeedSequence([base_seed,configuration_index,sequence_index,stream_id])",1.5,4,5,2,0.5,"{""insufficient_measurements"": 2}",1.599552944428523,1.5885743940240395,1.7569514218862217,2.2534768775297724,2.2478718891047658,2.3908274985241342,-0.7959401851213492,-0.4106851832001155,0.1963362157284081,1.1132868214529785,0.6788680655223533,-0.16613331502700168,2.5,73999.17034271802,0.007098899979609996,0.0,0.0
wide,oblique_slow,0.2,reordered_dropout,causal_prefix,1,aggregate,20260903,"SeedSequence([base_seed,configuration_index,sequence_index,stream_id])",2.5,4,5,4,1.0,{},0.7715296059412379,0.6684217884722496,1.0605740054329102,0.7075748815000396,0.5900590450484082,1.0048348326458922,0.018429020755538872,0.43307996242945457,0.372130773703244,0.035622625497374605,-0.33672387742896026,-0.34851842978963277,6.25,1331.4245899476225,0.03166759997839108,0.0,8.93448132620805e-09
wide,oblique_slow,0.2,reordered_dropout,causal_prefix,2,aggregate,20260903,"SeedSequence([base_seed,configuration_index,sequence_index,stream_id])",3.5,4,5,4,1.0,{},0.3698749046437544,0.3680289702933903,0.48923640679286035,0.22247057670964726,0.2322735953555191,0.2736833250296019,-0.08302823725700748,0.20089888265752442,0.12216821167492853,0.10362215171524225,-0.09700667307939537,-0.09628628850424303,9.25,556.483338972449,0.04557004995876923,0.0,1.651305566385238e-08
wide,oblique_slow,0.2,reordered_dropout,causal_prefix,3,aggregate,20260903,"SeedSequence([base_seed,configuration_index,sequence_index,stream_id])",4.5,4,5,4,1.0,{},0.27519503026347986,0.250779558767216,0.3664177669469375,0.11418354673626938,0.1137997016033902,0.14671812930935757,-0.00890200424012022,0.16397505392713718,0.04036682103198075,0.0373207563708271,-0.05910298051803542,-0.02630400945019043,13.0,225.5707188529803,0.06243750004796311,0.0,2.318902392729305e-09
wide,oblique_slow,0.2,reordered_dropout,causal_prefix,4,aggregate,20260903,"SeedSequence([base_seed,configuration_index,sequence_index,stream_id])",7.0,4,5,4,1.0,{},0.2583315506816811,0.2427614067870874,0.32933154208369586,0.09521881088058554,0.0949391677606636,0.12137490925460487,0.08056500332903482,0.13088857763019313,0.06122361773760154,-0.014971026973187085,-0.036513739572338055,-0.03357218069972884,17.0,137.81431887288483,0.08782605000305921,0.0,7.248763595569769e-09
wide,oblique_fast,0.05,ordered,offline_full_record,-1,aggregate,20260903,"SeedSequence([base_seed,configuration_index,sequence_index,stream_id])",5.019999999999999,4,5,4,1.0,{},0.07552834518455191,0.0764443456563064,0.08595047526543298,0.028512688466430607,0.025833628654054107,0.03844787550581663,-0.000709283803889349,0.007390039549239447,-0.02932705778118283,-0.008987830341875558,-0.0003939951985540979,0.007481317048243896,19.0,124.23429151229078,0.12137439998332411,0.0,1.2515368565115463e-07
wide,oblique_fast,0.05,ordered,causal_prefix,0,aggregate,20260903,"SeedSequence([base_seed,configuration_index,sequence_index,stream_id])",1.5,4,5,4,1.0,{},0.3765448938049062,0.36269294700889987,0.4741714450044912,0.42260618129518185,0.4016430298949827,0.5409553756871295,-0.044410308303096,-0.02252189877867039,-0.13182173108358164,0.05321464847146684,0.030722443357886542,0.12459107669898617,4.0,17547.53345452939,0.026003749982919544,0.0,6.552887993897918e-08
wide,oblique_fast,0.05,ordered,causal_prefix,1,aggregate,20260903,"SeedSequence([base_seed,configuration_index,sequence_index,stream_id])",2.5,4,5,4,1.0,{},0.12648251210296813,0.09277807312537692,0.18149207732180855,0.09448639525069004,0.07242682795373384,0.13816419734888521,0.021157668269497165,0.010303489865391313,-0.04758509135180411,-0.02516836898403607,-0.0013999411291178987,0.021282591132776085,8.0,614.9976471669241,0.03622099995845929,0.0,6.322951994620615e-09
wide,oblique_fast,0.05,ordered,causal_prefix,2,aggregate,20260903,"SeedSequence([base_seed,configuration_index,sequence_index,stream_id])",3.5,4,5,4,1.0,{},0.10071626926560252,0.09061401183309717,0.13560824183793935,0.05371445662794134,0.0475678567977602,0.07700143334073051,0.01160068801048375,0.00877944552096821,-0.04269045078824085,-0.016954358071676,-0.0012590769386522371,0.017690623952340945,12.0,256.46273409504107,0.06721420004032552,0.0,2.1480931612971016e-08
wide,oblique_fast,0.05,ordered,causal_prefix,3,aggregate,20260903,"SeedSequence([base_seed,configuration_index,sequence_index,stream_id])",4.5,4,5,4,1.0,{},0.07449677683958197,0.07601335552207844,0.08701337809739977,0.031195845729554875,0.032227509495547695,0.03737736717568181,-0.004519336840788313,0.011488387221453067,-0.031413458449900844,-0.007004190517645448,-0.0024000953156628757,0.008530343817124475,16.0,156.60354312867122,0.10092444997280836,0.0,6.681962831719373e-08
wide,oblique_fast,0.05,ordered,causal_prefix,4,aggregate,20260903,"SeedSequence([base_seed,configuration_index,sequence_index,stream_id])",7.0,4,5,4,1.0,{},0.07552834518455191,0.0764443456563064,0.08595047526543298,0.028512688466430607,0.025833628654054107,0.03844787550581663,-0.000709283803889349,0.007390039549239447,-0.02932705778118283,-0.008987830341875558,-0.0003939951985540979,0.007481317048243896,19.0,124.23429151229078,0.11583249998511747,0.0,1.2515368565115463e-07
wide,oblique_fast,0.05,reordered_dropout,offline_full_record,-1,aggregate,20260903,"SeedSequence([base_seed,configuration_index,sequence_index,stream_id])",5.304096640630879,4,5,4,1.0,{},0.09392132462561856,0.09246075150207592,0.11170300732229,0.025563027832971447,0.026434547872332927,0.030858942462922038,0.03636889059484005,-0.051911110984013575,-0.003041279417720588,-0.009362037589021543,0.016487865971934745,0.004380708888983953,17.0,100.43117018508136,0.10372035001637414,0.0,6.156738486263942e-08
wide,oblique_fast,0.05,reordered_dropout,causal_prefix,0,aggregate,20260903,"SeedSequence([base_seed,configuration_index,sequence_index,stream_id])",1.5,4,5,1,0.25,"{""insufficient_measurements"": 3}",0.412415916328786,0.412415916328786,0.412415916328786,0.46489433529930085,0.46489433529930085,0.46489433529930085,-0.27941169283521816,-0.25694988243434835,-0.16122267788758649,0.388840462131645,0.14928808037525876,0.20650159093938658,2.25,47073.29924748537,1.4649995137006044e-05,0.0,0.0
wide,oblique_fast,0.05,reordered_dropout,causal_prefix,1,aggregate,20260903,"SeedSequence([base_seed,configuration_index,sequence_index,stream_id])",2.5,4,5,4,1.0,{},0.1893520626626278,0.18381309680562918,0.2257507884919912,0.14644985475855496,0.1471874134077545,0.1773033341265959,-0.03667425742274055,-0.08329492690507223,-0.017865932252881578,0.05921391941676557,0.05656076514132424,0.011273937820181268,5.75,3067.6433104307444,0.03577639994909987,0.0,5.762819157565527e-09
wide,oblique_fast,0.05,reordered_dropout,causal_prefix,2,aggregate,20260903,"SeedSequence([base_seed,configuration_index,sequence_index,stream_id])",3.5,4,5,4,1.0,{},0.13305609534068025,0.1254579555839106,0.1632489955819423,0.07584725529717518,0.07587819685067904,0.0918380329795066,0.03385700978151718,-0.044526975967299265,-0.03029792995361369,-0.010141141960423816,0.013299075393283566,0.025643276753841426,9.5,898.4019288626067,0.044468950014561415,0.0,6.762592077410886e-09
wide,oblique_fast,0.05,reordered_dropout,causal_prefix,3,aggregate,20260903,"SeedSequence([base_seed,configuration_index,sequence_index,stream_id])",4.5,4,5,4,1.0,{},0.08299058065908507,0.07196922582190009,0.10813424310079128,0.025347553712304006,0.02749343715620247,0.028660560882008558,0.023671906668393916,-0.04820216110417874,-0.01737850652986417,-0.00244647221805927,0.01433982334072903,0.013383670473967102,13.0,128.95189243789758,0.07366559997899458,0.0,7.849766273735393e-08
wide,oblique_fast,0.05,reordered_dropout,causal_prefix,4,aggregate,20260903,"SeedSequence([base_seed,configuration_index,sequence_index,stream_id])",7.0,4,5,4,1.0,{},0.09392132462561856,0.09246075150207592,0.11170300732229,0.025563027832971447,0.026434547872332927,0.030858942462922038,0.03636889059484005,-0.051911110984013575,-0.003041279417720588,-0.009362037589021543,0.016487865971934745,0.004380708888983953,17.0,100.43117018508136,0.09528030001092702,0.0,6.156738486263942e-08
wide,oblique_fast,0.2,ordered,offline_full_record,-1,aggregate,20260903,"SeedSequence([base_seed,configuration_index,sequence_index,stream_id])",5.019999999999999,4,5,4,1.0,{},0.3478801216396311,0.3062857666365508,0.5005364100426977,0.1235262608440978,0.12001230319659073,0.16849697595777108,-0.03613658180903201,-0.028215932148436096,0.13808604647702438,0.030010114981548153,0.010031724888694749,-0.0708203798371922,19.0,122.64309430218816,0.09671960002742708,0.0,1.283227311683625e-08
wide,oblique_fast,0.2,ordered,causal_prefix,0,aggregate,20260903,"SeedSequence([base_seed,configuration_index,sequence_index,stream_id])",1.5,4,5,4,1.0,{},1.8675101112465193,1.9982489935431111,2.311679278649123,2.2026015311820655,2.2399545441609523,2.821668922942758,-0.3053824678121497,-0.8628199358987612,-0.13614043964222056,0.3447214920652213,1.0543613830633687,0.2545721573978019,4.0,17488.896741067525,0.02426000003470108,0.0,1.9043603775324356e-08
wide,oblique_fast,0.2,ordered,causal_prefix,1,aggregate,20260903,"SeedSequence([base_seed,configuration_index,sequence_index,stream_id])",2.5,4,5,4,1.0,{},0.45622719104966714,0.49700662844243937,0.5509528656270065,0.30048284431680633,0.2597022700504835,0.420125045052741,-0.03623740472671777,-0.045053375041849364,0.12635431723145274,0.02263702879882956,0.04808584020811901,-0.04196118223021433,8.0,615.3259885959696,0.04877140000462532,0.0,6.970087179580571e-08
wide,oblique_fast,0.2,ordered,causal_prefix,2,aggregate,20260903,"SeedSequence([base_seed,configuration_index,sequence_index,stream_id])",3.5,4,5,4,1.0,{},0.5110087906895122,0.5252098297966238,0.6246667668295498,0.24530102988727306,0.22070059172686696,0.3318805099173639,-0.06894022097428021,-0.004281652435020433,0.2285732735294097,0.0526521266952833,0.017346290396901054,-0.1337332239383685,12.0,255.59894856419675,0.06692040001507849,0.0,5.316924625959732e-08
wide,oblique_fast,0.2,ordered,causal_prefix,3,aggregate,20260903,"SeedSequence([base_seed,configuration_index,sequence_index,stream_id])",4.5,4,5,4,1.0,{},0.4168176549420337,0.38513744274658274,0.5338729924581854,0.1657432561758603,0.1549740622483439,0.2036037624285561,-0.019264823897948702,0.13801049979222313,0.16130441656195416,0.0212912818070623,-0.08095409224310668,-0.07989325579739026,16.0,155.35132130303964,0.09330509998835623,0.0,9.299264252217447e-08
wide,oblique_fast,0.2,ordered,causal_prefix,4,aggregate,20260903,"SeedSequence([base_seed,configuration_index,sequence_index,stream_id])",7.0,4,5,4,1.0,{},0.3478801216396311,0.3062857666365508,0.5005364100426977,0.1235262608440978,0.12001230319659073,0.16849697595777108,-0.03613658180903201,-0.028215932148436096,0.13808604647702438,0.030010114981548153,0.010031724888694749,-0.0708203798371922,19.0,122.64309430218816,0.09766750002745539,0.0,1.283227311683625e-08
wide,oblique_fast,0.2,reordered_dropout,offline_full_record,-1,aggregate,20260903,"SeedSequence([base_seed,configuration_index,sequence_index,stream_id])",5.292628569359911,4,5,4,1.0,{},0.3331410208203579,0.2825850070877365,0.464614616851403,0.09584075664917462,0.09305884867870894,0.11865877408751212,0.07033670175420426,-0.09717641092645835,-0.05757953305985275,-0.01752897301217704,0.02905511137096428,0.027282939235447057,17.0,100.99466873836623,0.08645100001012906,0.0,2.2105576364432938e-08
wide,oblique_fast,0.2,reordered_dropout,causal_prefix,0,aggregate,20260903,"SeedSequence([base_seed,configuration_index,sequence_index,stream_id])",1.5,4,5,2,0.5,"{""insufficient_local_observability"": 1, ""insufficient_measurements"": 1}",1.9960116613071504,1.9768378764178527,2.2252355325489983,2.9189606497628615,2.8574298161252822,3.3939884409125756,0.4443241163277101,-0.9501054386273964,0.8433131858049485,-0.7097584553387817,1.3182489245205473,-1.4608732953556947,2.75,50770.40055399876,0.016767150023952127,0.0,0.0
wide,oblique_fast,0.2,reordered_dropout,causal_prefix,1,aggregate,20260903,"SeedSequence([base_seed,configuration_index,sequence_index,stream_id])",2.5,4,5,4,1.0,{},0.6135832481150237,0.6350725424819512,0.7915405210031335,0.5502365984765502,0.5539237593470743,0.7123177000273918,-0.22207720819653431,-0.39151748491632965,-0.027574174078241143,0.2275232198506183,0.37631196951958623,0.00025697080276304574,6.0,3199.0754111080782,0.03635975002544001,0.0,6.027951732985828e-08
wide,oblique_fast,0.2,reordered_dropout,causal_prefix,2,aggregate,20260903,"SeedSequence([base_seed,configuration_index,sequence_index,stream_id])",3.5,4,5,4,1.0,{},0.5411949787444118,0.39923880474265067,0.8153254185101673,0.3832571562310797,0.35767816701724114,0.5279866979692455,-0.07440882921759595,-0.037698871015411584,-0.04115248526472293,0.08391744428446657,-0.006769931318337585,0.010367343670662332,8.5,1084.2978412680197,0.04231935000279918,0.0,4.085519456286059e-08
wide,oblique_fast,0.2,reordered_dropout,causal_prefix,3,aggregate,20260903,"SeedSequence([base_seed,configuration_index,sequence_index,stream_id])",4.5,4,5,4,1.0,{},0.32495110027979013,0.2982034959841958,0.42099339972106997,0.10715728776592817,0.08334870992641713,0.1600364546347166,0.011919352560296304,-0.01886424103990514,-0.066968436594248,0.013644278223506223,-0.01984387946100008,0.027233812092006482,13.25,128.7801871998945,0.08285215002251789,0.0,1.0359305823921995e-07
wide,oblique_fast,0.2,reordered_dropout,causal_prefix,4,aggregate,20260903,"SeedSequence([base_seed,configuration_index,sequence_index,stream_id])",7.0,4,5,4,1.0,{},0.3331410208203579,0.2825850070877365,0.464614616851403,0.09584075664917462,0.09305884867870894,0.11865877408751212,0.07033670175420426,-0.09717641092645835,-0.05757953305985275,-0.01752897301217704,0.02905511137096428,0.027282939235447057,17.0,100.99466873836623,0.09077090001665056,0.0,2.2105576364432938e-08
compact,stationary,0.05,ordered,offline_full_record,-1,aggregate,20260903,"SeedSequence([base_seed,configuration_index,sequence_index,stream_id])",5.019999999999999,4,5,4,1.0,{},0.08866374953853043,0.06954161026360589,0.13094419653601952,0.028169601220481424,0.026983662954853493,0.038545450124326835,0.007604222848730302,0.006622449256660445,-0.0029703981631072907,0.005856922967320271,0.004709294754439168,0.0035842755505449604,19.0,783.9984572151599,0.07576075004180893,0.0,4.09181282222967e-07
compact,stationary,0.05,ordered,causal_prefix,0,aggregate,20260903,"SeedSequence([base_seed,configuration_index,sequence_index,stream_id])",1.5,4,5,4,1.0,{},2.3253609799523662,1.948595591439389,3.3988032770475556,2.781383256890807,2.408457661851828,4.023902605103237,-0.25810104320963845,-0.07027950385926118,-0.14277774698939716,0.32436669032406296,0.11140897260608772,0.18459111269021117,4.0,391853.6772425353,0.02440574998036027,0.0,1.2777486054416622e-07
compact,stationary,0.05,ordered,causal_prefix,1,aggregate,20260903,"SeedSequence([base_seed,configuration_index,sequence_index,stream_id])",2.5,4,5,4,1.0,{},0.1257870853140846,0.08205534277404683,0.20180819692651888,0.10233690763267572,0.05815878229427931,0.16537153278721597,-0.037280497126920054,0.0061751543518049345,-0.005212508512547842,0.044463465953269665,0.014330794455371415,0.008384569341351743,8.0,4352.722972085632,0.031421949970535934,0.0,1.5931757931755937e-08
compact,stationary,0.05,ordered,causal_prefix,2,aggregate,20260903,"SeedSequence([base_seed,configuration_index,sequence_index,stream_id])",3.5,4,5,4,1.0,{},0.11697185920970522,0.12525452772522894,0.13071963585221158,0.09076848655946002,0.09177422211490274,0.10610797304746337,0.025625715917316327,0.061673976455582036,0.027862909653181944,-0.00474819037004395,-0.029657828318299075,-0.016454537741062925,12.0,1928.0608614286052,0.046963949978817254,0.0,4.9860936086101925e-09
compact,stationary,0.05,ordered,causal_prefix,3,aggregate,20260903,"SeedSequence([base_seed,configuration_index,sequence_index,stream_id])",4.5,4,5,4,1.0,{},0.08685881056002724,0.08229093040055202,0.1170507428279174,0.031097875976926814,0.021942705614312427,0.0468618736556585,0.02018606775785159,0.036046158008032236,0.011553701843826758,-0.0009610232073486488,-0.011724170847445705,-0.004413184363979921,16.0,1156.356851162735,0.05504534998908639,0.0,5.682856310988164e-09
compact,stationary,0.05,ordered,causal_prefix,4,aggregate,20260903,"SeedSequence([base_seed,configuration_index,sequence_index,stream_id])",7.0,4,5,4,1.0,{},0.08866374953853043,0.06954161026360589,0.13094419653601952,0.028169601220481424,0.026983662954853493,0.038545450124326835,0.007604222848730302,0.006622449256660445,-0.0029703981631072907,0.005856922967320271,0.004709294754439168,0.0035842755505449604,19.0,783.9984572151599,0.0752658000565134,0.0,4.09181282222967e-07
compact,stationary,0.05,reordered_dropout,offline_full_record,-1,aggregate,20260903,"SeedSequence([base_seed,configuration_index,sequence_index,stream_id])",5.352784044352309,4,5,4,1.0,{},0.13243067738177305,0.05939108034905784,0.2212836804900618,0.039793404868389774,0.03005099824973698,0.06027875713102884,0.04428917269285826,0.02881708302643915,0.03629735702998538,-0.016105736241575765,-0.012838249357036173,-0.011546500095813612,17.0,743.2184083511942,0.07625914999516681,0.0,1.9592809019509796e-07
compact,stationary,0.05,reordered_dropout,causal_prefix,0,aggregate,20260903,"SeedSequence([base_seed,configuration_index,sequence_index,stream_id])",1.5,4,5,1,0.25,"{""insufficient_measurements"": 3}",3.3264652465200926,3.3264652465200926,3.3264652465200926,4.294200348253338,4.294200348253338,4.294200348253338,-2.4605838442397356,-1.5207330495244804,-1.6426409144595056,3.1706507009574394,1.848384759211122,2.2294852646683343,2.25,1104806.5352874408,1.044996315613389e-05,0.0,0.0
compact,stationary,0.05,reordered_dropout,causal_prefix,1,aggregate,20260903,"SeedSequence([base_seed,configuration_index,sequence_index,stream_id])",2.5,4,5,4,1.0,{},0.4197517964911459,0.37723696967098264,0.5765235006562955,0.382875576314992,0.2784660517663648,0.5836958569951948,0.13896530462649892,0.20212479074774237,0.15467697726563934,-0.10972527634321683,-0.19251386772082596,-0.13187739550160926,5.75,14269.61646446624,0.026447849988471717,0.0,3.664931873987522e-09
compact,stationary,0.05,reordered_dropout,causal_prefix,2,aggregate,20260903,"SeedSequence([base_seed,configuration_index,sequence_index,stream_id])",3.5,4,5,4,1.0,{},0.2125291855604868,0.16677396661156088,0.2966803351576825,0.17019795457801476,0.11914326370404557,0.2640110775933922,0.06825767300199104,0.06543607757192405,0.06204767922943688,-0.033616784163717155,-0.04292497816768327,-0.03133037624035751,8.75,4191.02871607308,0.03786650003166869,0.0,8.054530369372104e-08
compact,stationary,0.05,reordered_dropout,causal_prefix,3,aggregate,20260903,"SeedSequence([base_seed,configuration_index,sequence_index,stream_id])",4.5,4,5,4,1.0,{},0.1279708550405227,0.062362324298506674,0.20745078355018298,0.04205388528046732,0.04197504710841307,0.050826393732210096,0.04623994404622067,0.02741749106075453,0.0389049875752292,-0.015891118693830884,-0.010873825322118953,-0.012406299957642227,13.0,1048.1838839307447,0.07087140006478876,0.0,2.335425143877059e-07
compact,stationary,0.05,reordered_dropout,causal_prefix,4,aggregate,20260903,"SeedSequence([base_seed,configuration_index,sequence_index,stream_id])",7.0,4,5,4,1.0,{},0.13243067738177305,0.05939108034905784,0.2212836804900618,0.039793404868389774,0.03005099824973698,0.06027875713102884,0.04428917269285826,0.02881708302643915,0.03629735702998538,-0.016105736241575765,-0.012838249357036173,-0.011546500095813612,17.0,743.2184083511942,0.0879354999633506,0.0,1.9592809019509796e-07
compact,stationary,0.2,ordered,offline_full_record,-1,aggregate,20260903,"SeedSequence([base_seed,configuration_index,sequence_index,stream_id])",5.019999999999999,4,5,4,1.0,{},0.22117481740872147,0.1990254528267233,0.30001207702351534,0.1317262097391137,0.12677661492267622,0.17589520503798572,0.02576710923126413,0.041435794998983866,0.16354152639121367,0.03214577752297856,0.008305568816187783,-0.014291912116389076,19.0,828.6090042426291,0.09037410002201796,0.0,1.7813776173799107e-07
compact,stationary,0.2,ordered,causal_prefix,0,aggregate,20260903,"SeedSequence([base_seed,configuration_index,sequence_index,stream_id])",1.5,4,5,4,1.0,{},9.00172618686911,5.880136162320442,14.014250360700787,10.827391623980535,6.998616675050291,16.744669066063793,-1.0847258270271727,-1.651995843531811,-0.6603833324987631,1.351191508226628,2.0943855136948697,1.0562287837608353,4.0,420425.3870581682,0.023093499999959022,0.0,4.625471892847808e-08
compact,stationary,0.2,ordered,causal_prefix,1,aggregate,20260903,"SeedSequence([base_seed,configuration_index,sequence_index,stream_id])",2.5,4,5,4,1.0,{},0.976302209800241,0.8094597157525988,1.4328474341274693,0.5801326746482917,0.507617850071981,0.8120183282361334,0.31147648898450697,0.42711943293250343,0.5859621402429962,-0.1853228337842906,-0.26912762537788576,-0.32021491750419223,8.0,4602.802198412088,0.03897829999914393,0.0,7.302645634239496e-08
compact,stationary,0.2,ordered,causal_prefix,2,aggregate,20260903,"SeedSequence([base_seed,configuration_index,sequence_index,stream_id])",3.5,4,5,4,1.0,{},0.5874546097890839,0.549714632126444,0.8084211375437899,0.3016483391520139,0.2884546825734443,0.3841190926476967,0.10960471389493343,0.20621480493429623,0.36388992360082106,-0.026983177107910254,-0.09043490967991814,-0.13901253157078045,12.0,2044.3461105849808,0.0653877499862574,0.0,2.846185002122192e-08
compact,stationary,0.2,ordered,causal_prefix,3,aggregate,20260903,"SeedSequence([base_seed,configuration_index,sequence_index,stream_id])",4.5,4,5,4,1.0,{},0.39397791659399894,0.372753490913772,0.5099004374725202,0.21052727131778012,0.19507080842669966,0.2836998057507249,-0.03131188209081692,0.12683512492403182,0.23348018252878155,0.06486590579650488,-0.03921180713471039,-0.05346272737291575,16.0,1222.3761923793631,0.09323469997616485,0.0,9.049697554727993e-08
compact,stationary,0.2,ordered,causal_prefix,4,aggregate,20260903,"SeedSequence([base_seed,configuration_index,sequence_index,stream_id])",7.0,4,5,4,1.0,{},0.22117481740872147,0.1990254528267233,0.30001207702351534,0.1317262097391137,0.12677661492267622,0.17589520503798572,0.02576710923126413,0.041435794998983866,0.16354152639121367,0.03214577752297856,0.008305568816187783,-0.014291912116389076,19.0,828.6090042426291,0.10232314997119829,0.0,1.7813776173799107e-07
compact,stationary,0.2,reordered_dropout,offline_full_record,-1,aggregate,20260903,"SeedSequence([base_seed,configuration_index,sequence_index,stream_id])",5.39793555827519,4,5,4,1.0,{},1.092663694941357,1.002320929089662,1.493635898139142,0.3252656451170978,0.2549460610497984,0.47720368932766977,0.4224647469781839,0.4144319603895603,0.32895222086770914,-0.1444438129361471,-0.12611899096329277,-0.09669932581118322,17.0,744.7815291029087,0.0773613000055775,0.0,2.5790135504660163e-08
compact,stationary,0.2,reordered_dropout,causal_prefix,0,aggregate,20260903,"SeedSequence([base_seed,configuration_index,sequence_index,stream_id])",1.5,4,5,3,0.75,"{""insufficient_measurements"": 1}",16.22955423316176,3.288396394753729,25.433637746695442,19.825129509610658,3.5219757475038986,30.99968160259229,7.244634096189334,4.642335228253859,4.956379678511479,-8.610331057340263,-4.897494149713748,-5.702896928504931,3.0,643774.727293194,0.018015199981164187,0.0,2.372063902121063e-10
compact,stationary,0.2,reordered_dropout,causal_prefix,1,aggregate,20260903,"SeedSequence([base_seed,configuration_index,sequence_index,stream_id])",2.5,4,5,4,1.0,{},1.135471276575156,1.100434197984889,1.4198461206594022,1.6900643341109562,1.3443346282827329,2.5240941950438476,0.32295499002006167,0.19462485272206642,0.3199108299294551,0.04872499211252146,0.2095062767291292,0.04021323231006224,6.0,13696.378282064961,0.026518450002186,0.0,1.1130832233723614e-08
compact,stationary,0.2,reordered_dropout,causal_prefix,2,aggregate,20260903,"SeedSequence([base_seed,configuration_index,sequence_index,stream_id])",3.5,4,5,4,1.0,{},1.6121841702670572,1.4573557216243682,2.185406372823813,0.7122374089620691,0.6068168746672582,0.9910116871272378,0.6589451820691341,0.6126564234890282,0.613455802613716,-0.2913235425225233,-0.24788439206594676,-0.2847595434429727,9.0,4035.9175783549426,0.047782399924471974,0.0,1.0432417320917947e-07
compact,stationary,0.2,reordered_dropout,causal_prefix,3,aggregate,20260903,"SeedSequence([base_seed,configuration_index,sequence_index,stream_id])",4.5,4,5,4,1.0,{},1.473437563789272,1.2690723074032417,2.093045759069414,0.563688407578065,0.4727326167633058,0.8301921568612682,0.6351203842374034,0.599034638454853,0.5785671385733497,-0.2676110958997094,-0.23676156059262873,-0.25078297215993206,12.25,1238.4113207927771,0.05729184998199344,0.0,2.63324298571416e-07
compact,stationary,0.2,reordered_dropout,causal_prefix,4,aggregate,20260903,"SeedSequence([base_seed,configuration_index,sequence_index,stream_id])",7.0,4,5,4,1.0,{},1.092663694941357,1.002320929089662,1.493635898139142,0.3252656451170978,0.2549460610497984,0.47720368932766977,0.4224647469781839,0.4144319603895603,0.32895222086770914,-0.1444438129361471,-0.12611899096329277,-0.09669932581118322,17.0,744.7815291029087,0.077485500019975,0.0,2.5790135504660163e-08
compact,oblique_slow,0.05,ordered,offline_full_record,-1,aggregate,20260903,"SeedSequence([base_seed,configuration_index,sequence_index,stream_id])",5.019999999999999,4,5,4,1.0,{},0.17471134591763635,0.18474170787110067,0.21679804381145484,0.07456423030486695,0.07799121081239557,0.08899979184735644,0.01730885233610202,0.020196194242505072,0.051347072433953755,-0.012668933861362808,-0.00821840442337951,-0.021456891843990855,19.0,1117.3564596576612,0.09492844995111227,0.0,6.187158864956642e-07
compact,oblique_slow,0.05,ordered,causal_prefix,0,aggregate,20260903,"SeedSequence([base_seed,configuration_index,sequence_index,stream_id])",1.5,4,5,4,1.0,{},2.049074486601327,1.9466957428818232,2.6055607271356025,2.523753248291381,2.3508152444860606,3.319726486942708,-1.1107387542423464,-0.42382564584406346,-0.5629360799863061,1.3834437870385712,0.542607345246132,0.7458770152267179,4.0,703095.9356038275,0.02744209999218583,0.0,1.3947212629751106e-07
compact,oblique_slow,0.05,ordered,causal_prefix,1,aggregate,20260903,"SeedSequence([base_seed,configuration_index,sequence_index,stream_id])",2.5,4,5,4,1.0,{},0.13577882660615473,0.12940734692699696,0.17406259909483812,0.12736776869733699,0.12481736572544387,0.14445663355425217,-0.020007808803757854,0.048067357397783894,0.03553309241066138,0.03162474955527972,-0.017806425419895078,0.004685549942010342,8.0,6591.753880098566,0.04474064998794347,0.0,3.241334790441254e-07
compact,oblique_slow,0.05,ordered,causal_prefix,2,aggregate,20260903,"SeedSequence([base_seed,configuration_index,sequence_index,stream_id])",3.5,4,5,4,1.0,{},0.1913909340011245,0.0923405051667452,0.3195810881183063,0.08531661162915641,0.04290540978109259,0.14007708819164402,0.03254618673200227,0.040496204447578066,0.0602572070227243,-0.018494684837795816,-0.017239830479303886,-0.02294648436724378,12.0,2797.2261161721317,0.05291880003642291,0.0,3.694776012102029e-09
compact,oblique_slow,0.05,ordered,causal_prefix,3,aggregate,20260903,"SeedSequence([base_seed,configuration_index,sequence_index,stream_id])",4.5,4,5,4,1.0,{},0.2303034605279813,0.18361589074113047,0.3410849256555475,0.10551517217894989,0.08438899564492783,0.15222094337817746,0.049445773657735614,0.047298976369772205,0.08016570569015613,-0.03244462609179766,-0.02341544238700255,-0.0383149719462379,16.0,1614.2243764861773,0.0749225000035949,0.0,7.381532723176538e-09
compact,oblique_slow,0.05,ordered,causal_prefix,4,aggregate,20260903,"SeedSequence([base_seed,configuration_index,sequence_index,stream_id])",7.0,4,5,4,1.0,{},0.17471134591763635,0.18474170787110067,0.21679804381145484,0.07456423030486695,0.07799121081239557,0.08899979184735644,0.01730885233610202,0.020196194242505072,0.051347072433953755,-0.012668933861362808,-0.00821840442337951,-0.021456891843990855,19.0,1117.3564596576612,0.09072100004414096,0.0,6.187158864956642e-07
compact,oblique_slow,0.05,reordered_dropout,offline_full_record,-1,aggregate,20260903,"SeedSequence([base_seed,configuration_index,sequence_index,stream_id])",5.330511611426406,4,5,4,1.0,{},0.0782115557570012,0.07783029761086314,0.10471217451844937,0.02386950152004645,0.022830795515531202,0.02957735990534834,-0.021367518792768436,-0.004622724190880945,-0.044578167486520215,0.0015970512136112003,0.0014965410301112092,0.010758734936349906,17.0,988.9591729770182,0.08939809998264536,0.0,2.792813275102202e-07
compact,oblique_slow,0.05,reordered_dropout,causal_prefix,0,aggregate,20260903,"SeedSequence([base_seed,configuration_index,sequence_index,stream_id])",1.5,4,5,1,0.25,"{""insufficient_measurements"": 3}",2.8390119709644344,2.8390119709644344,2.8390119709644344,3.4573519538220876,3.4573519538220876,3.4573519538220876,-2.2301425339047114,-1.0766987367876055,-1.3882265953180735,2.7218988670572397,1.2512554468218968,1.725951591704836,1.75,1227933.8398088487,8.350005373358727e-06,0.0,0.0
compact,oblique_slow,0.05,reordered_dropout,causal_prefix,1,aggregate,20260903,"SeedSequence([base_seed,configuration_index,sequence_index,stream_id])",2.5,4,5,4,1.0,{},0.14424924485667992,0.13238036375029594,0.20392013504957865,0.1844258375543153,0.1851903427523617,0.24219588533467845,-0.000805114867853618,0.027081571938598614,0.040580968647942584,-0.03450013068838742,-0.05552706691605136,-0.08233444509360366,5.75,16893.75399359387,0.026372449996415526,0.0,2.8875045663670543e-09
compact,oblique_slow,0.05,reordered_dropout,causal_prefix,2,aggregate,20260903,"SeedSequence([base_seed,configuration_index,sequence_index,stream_id])",3.5,4,5,4,1.0,{},0.19349202839224391,0.18494992444014252,0.2658580365022745,0.14576049879797112,0.13267040025314203,0.2050149962494491,-0.090482227685591,-0.0962775052686542,-0.07803297069530224,0.06440046569455982,0.07807801820954285,0.04473450148090566,8.5,7250.3673720930565,0.04955809999955818,0.0,2.749371268692609e-09
compact,oblique_slow,0.05,reordered_dropout,causal_prefix,3,aggregate,20260903,"SeedSequence([base_seed,configuration_index,sequence_index,stream_id])",4.5,4,5,4,1.0,{},0.1315645659063323,0.052080115133461474,0.22255256380125923,0.06843293915479248,0.03136365369217728,0.11281765513354994,-0.04280297998596616,-0.038363226085158075,-0.04167529352156052,0.015808573470504905,0.02204670170101075,0.008029778089138406,12.5,1450.0093458479228,0.08184344996698201,0.0,4.3918514251750956e-07
compact,oblique_slow,0.05,reordered_dropout,causal_prefix,4,aggregate,20260903,"SeedSequence([base_seed,configuration_index,sequence_index,stream_id])",7.0,4,5,4,1.0,{},0.0782115557570012,0.07783029761086314,0.10471217451844937,0.02386950152004645,0.022830795515531202,0.02957735990534834,-0.021367518792768436,-0.004622724190880945,-0.044578167486520215,0.0015970512136112003,0.0014965410301112092,0.010758734936349906,17.0,988.9591729770182,0.08755065005971119,0.0,2.792813275102202e-07
compact,oblique_slow,0.2,ordered,offline_full_record,-1,aggregate,20260903,"SeedSequence([base_seed,configuration_index,sequence_index,stream_id])",5.019999999999999,4,5,4,1.0,{},0.5461947538255795,0.4825642618481737,0.7492674198554757,0.1767853392482183,0.1862951285052002,0.2040277989023986,0.08171111461365577,0.09790261734309347,0.047327711424914654,0.00659056023255622,-0.02064117549940414,-0.011850100819392084,19.0,1081.3889812290245,0.08415910007897764,0.0,4.380440209052842e-08
compact,oblique_slow,0.2,ordered,causal_prefix,0,aggregate,20260903,"SeedSequence([base_seed,configuration_index,sequence_index,stream_id])",1.5,4,5,4,1.0,{},10.661389841862922,11.507891174938074,12.930818824893613,12.662760482729,13.623381314140335,15.593822704477706,1.1193858381591433,1.1939933395290598,-0.02121976802684422,-1.3927166958421462,-1.3919442961393012,-0.05439591811522049,4.0,672880.463324638,0.020765849971212447,0.0,2.670797853352033e-08
compact,oblique_slow,0.2,ordered,causal_prefix,1,aggregate,20260903,"SeedSequence([base_seed,configuration_index,sequence_index,stream_id])",2.5,4,5,4,1.0,{},1.039633451563997,1.089845625981231,1.3394164862677367,0.8083037472350715,0.8787352042638297,0.9702206725687454,-0.5711992719460799,-0.32664875295258256,-0.5015896344553301,0.5247717932949012,0.30565438754459373,0.42757553229729656,8.0,6358.304653248266,0.043054150009993464,0.0,5.216911723948346e-08
compact,oblique_slow,0.2,ordered,causal_prefix,2,aggregate,20260903,"SeedSequence([base_seed,configuration_index,sequence_index,stream_id])",3.5,4,5,4,1.0,{},0.7304419372634606,0.462365541193847,1.1617825283398493,0.46085456047856194,0.31315778343245393,0.7166601279670168,-0.31028200073959233,-0.1630776043843749,-0.25218289456646126,0.29066233574398526,0.15770718018303787,0.1987267754704673,12.0,2714.739936272351,0.053402749996166676,0.0,2.780268425677188e-08
compact,oblique_slow,0.2,ordered,causal_prefix,3,aggregate,20260903,"SeedSequence([base_seed,configuration_index,sequence_index,stream_id])",4.5,4,5,4,1.0,{},0.3571330703603586,0.3705371878209121,0.4067008504800978,0.1261377594385733,0.11608420531338029,0.1663923943704309,-0.0320510660553861,0.021902660656449413,-0.05468869840109569,0.08083232234628457,0.025153396412053275,0.051465507484018846,16.0,1561.196991782403,0.08651700004702434,0.0,2.4158423606717305e-08
compact,oblique_slow,0.2,ordered,causal_prefix,4,aggregate,20260903,"SeedSequence([base_seed,configuration_index,sequence_index,stream_id])",7.0,4,5,4,1.0,{},0.5461947538255795,0.4825642618481737,0.7492674198554757,0.1767853392482183,0.1862951285052002,0.2040277989023986,0.08171111461365577,0.09790261734309347,0.047327711424914654,0.00659056023255622,-0.02064117549940414,-0.011850100819392084,19.0,1081.3889812290245,0.08622224995633587,0.0,4.380440209052842e-08
compact,oblique_slow,0.2,reordered_dropout,offline_full_record,-1,aggregate,20260903,"SeedSequence([base_seed,configuration_index,sequence_index,stream_id])",5.419610985826399,4,5,4,1.0,{},0.47297584425148015,0.35098111075037997,0.6858151389379921,0.18595958169404253,0.1651574444438534,0.25218542877300215,-0.07782205406887677,-0.11091167145688807,-0.10409549955104858,0.06632130229396482,0.05897487720221051,0.06653243585346985,17.0,1029.877599045937,0.08425850002095103,0.0,1.9622981402112183e-08
compact,oblique_slow,0.2,reordered_dropout,causal_prefix,0,aggregate,20260903,"SeedSequence([base_seed,configuration_index,sequence_index,stream_id])",1.5,4,5,4,1.0,{},5.330533632535663,2.9059118471369114,8.652784384563288,6.324241221428453,4.267978223207235,9.989526939945359,3.3114730066827605,2.0015763604441847,1.9152533948644077,-4.117179871571569,-2.40388377201811,-2.36917556102582,3.5,930614.2755782898,0.02632509998511523,0.0,1.274148545881843e-08
compact,oblique_slow,0.2,reordered_dropout,causal_prefix,1,aggregate,20260903,"SeedSequence([base_seed,configuration_index,sequence_index,stream_id])",2.5,4,5,4,1.0,{},1.703902107723657,1.5073419062031537,2.272769979233864,1.294062900830538,1.1434670454320828,1.6866353655692277,-0.18894310841512407,-0.28221990499545413,-0.11709617809892947,0.15830161001565868,0.20999269587292319,0.052477441493947535,6.0,17802.792117371097,0.033113749988842756,0.0,6.463927251582502e-09
compact,oblique_slow,0.2,reordered_dropout,causal_prefix,2,aggregate,20260903,"SeedSequence([base_seed,configuration_index,sequence_index,stream_id])",3.5,4,5,4,1.0,{},1.4337886302125324,1.3174918036928096,1.9325776986739058,1.039236541004656,1.070181286059007,1.3376424888842495,-0.17140584448537233,-0.1873022573165013,-0.23792707006188252,0.1316809217788204,0.10720248439139946,0.17383960091864287,8.5,7570.713312875685,0.046177249983884394,0.0,2.52549188504332e-08
compact,oblique_slow,0.2,reordered_dropout,causal_prefix,3,aggregate,20260903,"SeedSequence([base_seed,configuration_index,sequence_index,stream_id])",4.5,4,5,4,1.0,{},0.7588759142471285,0.5329606646942333,1.1894142113157553,0.38277640508617866,0.23408376406979936,0.6037824456329708,-0.2490118535513517,-0.2189546641382556,-0.16535920583631736,0.19574598003498545,0.14093886855088555,0.11711370971005258,12.75,1531.225063537982,0.06034450000151992,0.0,6.416051916295391e-09
compact,oblique_slow,0.2,reordered_dropout,causal_prefix,4,aggregate,20260903,"SeedSequence([base_seed,configuration_index,sequence_index,stream_id])",7.0,4,5,4,1.0,{},0.47297584425148015,0.35098111075037997,0.6858151389379921,0.18595958169404253,0.1651574444438534,0.25218542877300215,-0.07782205406887677,-0.11091167145688807,-0.10409549955104858,0.06632130229396482,0.05897487720221051,0.06653243585346985,17.0,1029.877599045937,0.0850453499588184,0.0,1.9622981402112183e-08
compact,oblique_fast,0.05,ordered,offline_full_record,-1,aggregate,20260903,"SeedSequence([base_seed,configuration_index,sequence_index,stream_id])",5.019999999999999,4,5,4,1.0,{},0.10280094607674982,0.08651768024407402,0.14254591688666765,0.04076258102073312,0.04451528638024698,0.046826522076546334,0.0018427589542930889,0.04797801411049818,0.009769399757042052,-0.0019936338448309776,-0.0062173606804112325,0.0028232450576907153,19.0,783.9846888667295,0.09830030001467094,0.0,1.6313720214822967e-08
compact,oblique_fast,0.05,ordered,causal_prefix,0,aggregate,20260903,"SeedSequence([base_seed,configuration_index,sequence_index,stream_id])",1.5,4,5,4,1.0,{},1.0090359785943699,0.9697473656782967,1.3552297304974927,1.2998709232692247,1.194973002670141,1.796135094133056,0.05162065224531709,-0.11324833068617757,-0.043212687440298936,-0.04231101078822608,0.1904131719646509,0.08580298105610368,4.0,144864.3099021964,0.026091550011187792,0.0,1.4879608323510417e-07
compact,oblique_fast,0.05,ordered,causal_prefix,1,aggregate,20260903,"SeedSequence([base_seed,configuration_index,sequence_index,stream_id])",2.5,4,5,4,1.0,{},0.17625241105656148,0.17503426134559652,0.22944083058302905,0.12568664381130362,0.1277114460549646,0.14940850236179032,0.06491517729882545,0.07561895903266524,0.07085974032577447,-0.04386407606932119,-0.011310544105943565,-0.03397094041325416,8.0,3418.6636220803384,0.04970585001865402,0.0,4.0798732532600627e-08
compact,oblique_fast,0.05,ordered,causal_prefix,2,aggregate,20260903,"SeedSequence([base_seed,configuration_index,sequence_index,stream_id])",3.5,4,5,4,1.0,{},0.16796502520751355,0.11961159101536255,0.26258937169845886,0.07678290864574064,0.06498588609990101,0.1116875631657879,0.036917791972133074,0.11080935890332455,0.05911491975529337,-0.020521465387071114,-0.04693657186992217,-0.028056300957291447,12.0,1916.3012160336243,0.06313964998116717,0.0,1.0376256805515646e-08
compact,oblique_fast,0.05,ordered,causal_prefix,3,aggregate,20260903,"SeedSequence([base_seed,configuration_index,sequence_index,stream_id])",4.5,4,5,4,1.0,{},0.10408272089547523,0.08394563710504624,0.15040034519099454,0.03999417060809374,0.040091671939123656,0.052853947804668594,0.0055653265144464115,0.052953753251097524,0.02167936711627405,-0.0034216124485069166,-0.008909987690860044,-0.003954395552887235,16.0,1158.11250781002,0.08934360003331676,0.0,5.759025759149147e-08
compact,oblique_fast,0.05,ordered,causal_prefix,4,aggregate,20260903,"SeedSequence([base_seed,configuration_index,sequence_index,stream_id])",7.0,4,5,4,1.0,{},0.10280094607674982,0.08651768024407402,0.14254591688666765,0.04076258102073312,0.04451528638024698,0.046826522076546334,0.0018427589542930889,0.04797801411049818,0.009769399757042052,-0.0019936338448309776,-0.0062173606804112325,0.0028232450576907153,19.0,783.9846888667295,0.09944845002610236,0.0,1.6313720214822967e-08
compact,oblique_fast,0.05,reordered_dropout,offline_full_record,-1,aggregate,20260903,"SeedSequence([base_seed,configuration_index,sequence_index,stream_id])",5.357605700958962,4,5,4,1.0,{},0.08432464596662276,0.07875246151508156,0.10157543676012215,0.04074823688792222,0.030942464343475917,0.061398893683733934,0.02698286170097397,0.06466465667152121,0.03323522148236613,-0.012837613722223473,-0.01250889978025893,-0.0043093199130790905,17.0,770.9239054972178,0.08728489995701239,0.0,1.3550913446345314e-08
compact,oblique_fast,0.05,reordered_dropout,causal_prefix,0,aggregate,20260903,"SeedSequence([base_seed,configuration_index,sequence_index,stream_id])",1.5,4,5,2,0.5,"{""insufficient_measurements"": 2}",1.1507270538193062,1.110589912262577,1.3817316968136344,1.5021410112262035,1.4583030265347676,1.7825278240593347,-0.7594876744718349,-0.6017001606083348,-0.5380375277942413,0.9961208360149278,0.7812536954395011,0.7191741491730026,2.25,646790.6951273842,0.006322450004518032,0.0,0.0
compact,oblique_fast,0.05,reordered_dropout,causal_prefix,1,aggregate,20260903,"SeedSequence([base_seed,configuration_index,sequence_index,stream_id])",2.5,4,5,4,1.0,{},0.19672154053627625,0.17126579622340546,0.2724562981855766,0.20255070133723144,0.19518191270947355,0.26687852164991815,0.00071108724875657,0.02018457391046269,0.008647838136585762,0.018982102758748898,0.04081575262744952,0.02949171848676263,6.25,13789.806079333397,0.03587184997741133,0.0,5.543565404011012e-08
compact,oblique_fast,0.05,reordered_dropout,causal_prefix,2,aggregate,20260903,"SeedSequence([base_seed,configuration_index,sequence_index,stream_id])",3.5,4,5,4,1.0,{},0.13341587959185303,0.0670493378335044,0.2218430559226708,0.0860832846899876,0.04251622890277505,0.14225572527007702,0.037617732606634036,0.06896183530648337,0.056364295672644005,-0.017470723658622234,-0.007703054495854289,-0.017530646310816522,9.25,4692.785053369184,0.04093625000678003,0.0,1.4362105278296487e-08
compact,oblique_fast,0.05,reordered_dropout,causal_prefix,3,aggregate,20260903,"SeedSequence([base_seed,configuration_index,sequence_index,stream_id])",4.5,4,5,4,1.0,{},0.13303794056101784,0.10637144027198474,0.19019733390672225,0.07911333122321977,0.03139531728741306,0.13229144598961293,0.04193141659429145,0.09655135085438005,0.05421642294238005,-0.020154624603709426,-0.033537813825694096,-0.01726247041516471,13.25,1157.9261290067288,0.06169344997033477,0.0,3.925639858102283e-08
compact,oblique_fast,0.05,reordered_dropout,causal_prefix,4,aggregate,20260903,"SeedSequence([base_seed,configuration_index,sequence_index,stream_id])",7.0,4,5,4,1.0,{},0.08432464596662276,0.07875246151508156,0.10157543676012215,0.04074823688792222,0.030942464343475917,0.061398893683733934,0.02698286170097397,0.06466465667152121,0.03323522148236613,-0.012837613722223473,-0.01250889978025893,-0.0043093199130790905,17.0,770.9239054972178,0.08128220000071451,0.0,1.3550913446345314e-08
compact,oblique_fast,0.2,ordered,offline_full_record,-1,aggregate,20260903,"SeedSequence([base_seed,configuration_index,sequence_index,stream_id])",5.019999999999999,4,5,4,1.0,{},0.2663704790743455,0.2498448478218222,0.31818302225497597,0.12168243025359671,0.11866027950701702,0.15514644829673852,-0.08942070513147193,-0.0014906197928574727,-0.022594103604250293,0.035338478389545624,-0.035799593745129865,-0.012227847940416592,19.0,783.9980965781003,0.10260385001311079,0.0,1.8768304600919722e-07
compact,oblique_fast,0.2,ordered,causal_prefix,0,aggregate,20260903,"SeedSequence([base_seed,configuration_index,sequence_index,stream_id])",1.5,4,5,4,1.0,{},3.6965993715049548,3.633271572612564,4.979153624366114,4.435816987363414,4.292763798428263,6.043118658046216,0.3103490289011255,0.841180881822627,0.01712855481856934,-0.38710991161067954,-0.935700422974798,-0.04889416519017098,4.0,149691.87507438025,0.022804200008977205,0.0,3.053930435500779e-08
compact,oblique_fast,0.2,ordered,causal_prefix,1,aggregate,20260903,"SeedSequence([base_seed,configuration_index,sequence_index,stream_id])",2.5,4,5,4,1.0,{},0.4403045036382868,0.488708980230131,0.5314506412645645,0.41073430940091404,0.35617525196085,0.5974727664133455,-0.07312357457871954,0.06375916357937861,-0.14046152114756794,0.03040859785378558,-0.07202575169904368,0.08843744211432297,8.0,3466.8863266580693,0.03531725000357255,0.0,6.825884516126776e-08
compact,oblique_fast,0.2,ordered,causal_prefix,2,aggregate,20260903,"SeedSequence([base_seed,configuration_index,sequence_index,stream_id])",3.5,4,5,4,1.0,{},0.22556089315149364,0.1996053218775365,0.30944507722548864,0.17017304564568747,0.17764842734913516,0.18933318112691586,-0.10122234924254059,0.005352178928049511,-0.08997593223339528,0.04585413305513075,-0.0349478952541995,0.031485885355062915,12.0,1925.6946267311864,0.07555354997748509,0.0,1.3744757925017037e-07
compact,oblique_fast,0.2,ordered,causal_prefix,3,aggregate,20260903,"SeedSequence([base_seed,configuration_index,sequence_index,stream_id])",4.5,4,5,4,1.0,{},0.25482124195209854,0.2640560663480883,0.2745310091340471,0.15347125592529726,0.15398174206622137,0.17757659652168759,-0.07880391358586891,0.034491264934510824,-0.03414271159705251,0.03022392373445193,-0.05766246763804106,-0.006174078785974368,16.0,1156.6658931462816,0.08333055005641654,0.0,2.0260911874696372e-07
compact,oblique_fast,0.2,ordered,causal_prefix,4,aggregate,20260903,"SeedSequence([base_seed,configuration_index,sequence_index,stream_id])",7.0,4,5,4,1.0,{},0.2663704790743455,0.2498448478218222,0.31818302225497597,0.12168243025359671,0.11866027950701702,0.15514644829673852,-0.08942070513147193,-0.0014906197928574727,-0.022594103604250293,0.035338478389545624,-0.035799593745129865,-0.012227847940416592,19.0,783.9980965781003,0.104289949988015,0.0,1.8768304600919722e-07
compact,oblique_fast,0.2,reordered_dropout,offline_full_record,-1,aggregate,20260903,"SeedSequence([base_seed,configuration_index,sequence_index,stream_id])",5.277350580201468,4,5,4,1.0,{},0.27037590504165276,0.21067287589248815,0.38819379214370053,0.08473856212824914,0.07105290851055104,0.11852474574276164,0.009389630654613512,0.13244731863061432,0.08710435743591383,0.00030335840378103995,-0.05586401787244699,-0.040003912584311074,17.0,764.8781563614289,0.08659775002161041,0.0,4.766955393272692e-10
compact,oblique_fast,0.2,reordered_dropout,causal_prefix,0,aggregate,20260903,"SeedSequence([base_seed,configuration_index,sequence_index,stream_id])",1.5,4,5,4,1.0,{},4.49886680419599,3.6472882832853797,6.674457417997223,5.306020528791645,3.9508184457303646,8.120263043505718,1.4655275269051735,1.6405240284736031,1.0930329060056652,-1.7266043395552813,-1.7732279540608566,-1.2753889169371488,3.0,625668.4052280022,0.01518725004279986,0.0,0.0
compact,oblique_fast,0.2,reordered_dropout,causal_prefix,1,aggregate,20260903,"SeedSequence([base_seed,configuration_index,sequence_index,stream_id])",2.5,4,5,4,1.0,{},1.411763365821081,1.1882960715618056,2.102976530856461,1.3180202639262226,1.2215504438995994,1.874614166476581,0.3374058343849917,0.4943447576351172,0.3573689884831097,-0.3008114455181419,-0.40644194979837023,-0.3290638762793672,5.75,13996.050678637595,0.03285800002049655,0.0,6.2103916835724724e-09
compact,oblique_fast,0.2,reordered_dropout,causal_prefix,2,aggregate,20260903,"SeedSequence([base_seed,configuration_index,sequence_index,stream_id])",3.5,4,5,4,1.0,{},0.6164531400986227,0.4011109937862975,0.9311786561274109,0.5044949137312741,0.41694222451904017,0.70496647991729,-0.006570253460502329,0.19316269001144803,0.010843969507794426,0.012028622425882318,-0.12332141430294197,0.008264126579443143,8.5,4384.597337918693,0.0460887000663206,0.0,1.0093443069260253e-07
compact,oblique_fast,0.2,reordered_dropout,causal_prefix,3,aggregate,20260903,"SeedSequence([base_seed,configuration_index,sequence_index,stream_id])",4.5,4,5,4,1.0,{},0.25353634909191786,0.14788676016603464,0.39515069105827544,0.1698010459218977,0.1750744351222081,0.21241191794980588,0.027392888032414575,0.1173739675899359,0.07285040587716196,-0.012755507036703584,-0.037636321872514866,-0.02435147188074821,13.0,1147.7069798372422,0.07330794999143109,0.0,2.416865294314221e-09
compact,oblique_fast,0.2,reordered_dropout,causal_prefix,4,aggregate,20260903,"SeedSequence([base_seed,configuration_index,sequence_index,stream_id])",7.0,4,5,4,1.0,{},0.27037590504165276,0.21067287589248815,0.38819379214370053,0.08473856212824914,0.07105290851055104,0.11852474574276164,0.009389630654613512,0.13244731863061432,0.08710435743591383,0.00030335840378103995,-0.05586401787244699,-0.040003912584311074,17.0,764.8781563614289,0.09151409997139126,0.0,4.766955393272692e-10
