split,station_id,estimator_variant,trajectory_kind,snr_db,independent_sequence_count,dependent_frame_count,successful_frame_count,bias_az_arc_rad,bias_el_arc_rad,covariance_00_rad2,covariance_01_rad2,covariance_11_rad2,eigenvalue_min_rad2,eigenvalue_max_rad2,condition_number,temporal_lag1_az,temporal_lag1_el,maximum_absolute_interstation_correlation,evaluation_used_for_calibration,filter_assumes_measurement_independence
calibration,S0,all_6_equal_gcc_wls,constant_velocity,-6.0,1,186,186,0.0005411194396838877,0.00037235594039254226,3.18928775899417e-05,-3.71364488439038e-06,3.643894070923362e-05,2.9811850032108276e-05,3.8519968267067045e-05,1.2921025775179957,0.35564027391185987,0.2710246121138938,0.202431038275459,False,True
calibration,S0,equal_weight_srp_phat,constant_velocity,-6.0,1,186,186,0.0005665808628868638,0.0003890353281679734,3.16327792028063e-05,-3.2380494209155726e-06,3.719293060561511e-05,3.0145093786501457e-05,3.868061602191995e-05,1.2831479741237555,0.34379870709896826,0.25264333296975267,0.16884842165281227,False,True
calibration,S1,all_6_equal_gcc_wls,constant_velocity,-6.0,1,186,186,-0.000479314367431338,0.0007559022324211298,4.0183479008703116e-05,-1.3755266111165514e-06,3.827383141125363e-05,3.755421143830345e-05,4.0903098981653296e-05,1.0891747533789018,0.3970277493497007,0.39759779027733494,0.202431038275459,False,True
calibration,S1,equal_weight_srp_phat,constant_velocity,-6.0,1,186,186,-0.0004066195711973283,0.0007437386831555386,3.97665736649224e-05,-8.083155518447724e-07,3.926728224592686e-05,3.867093917794306e-05,4.0362916732906205e-05,1.0437532056611702,0.4094724781533905,0.39736958510255194,0.16884842165281227,False,True
calibration,S2,all_6_equal_gcc_wls,constant_velocity,-6.0,1,186,186,0.00043192521195729226,0.0009170327544839529,3.506931291200689e-05,3.2817007347001403e-06,3.276452124211048e-05,3.0438760112150772e-05,3.73950740419666e-05,1.228534733484067,0.3115100026171812,0.3870001955838423,0.202431038275459,False,True
calibration,S2,equal_weight_srp_phat,constant_velocity,-6.0,1,186,186,0.00040194935018376043,0.0009404813337290859,3.52118388205731e-05,3.416866369957849e-06,3.2600956688385724e-05,3.024864541633611e-05,3.756415009262271e-05,1.2418456950913837,0.3218585218467255,0.38178847049123377,0.16884842165281227,False,True
calibration,S0,all_6_equal_gcc_wls,constant_velocity,10.0,1,186,186,5.940487680862262e-05,0.00017154632963580787,8.563486518110552e-07,-1.1044207708728885e-07,1.11504566186284e-06,8.156133888172216e-07,1.1557809248566735e-06,1.4170695830934714,0.27386072568605896,0.16576368406433475,0.14702821352114365,False,True
calibration,S0,equal_weight_srp_phat,constant_velocity,10.0,1,186,186,6.119352172547964e-05,0.00017545708857107797,8.544880224772064e-07,-1.1068586388851847e-07,1.1195065766381616e-06,8.143413729952331e-07,1.159653226120135e-06,1.4240382038490915,0.27678509166168047,0.1659754426691125,0.14718381881500692,False,True
calibration,S1,all_6_equal_gcc_wls,constant_velocity,10.0,1,186,186,-0.0003441505525702489,6.76987060421484e-05,9.037825541034119e-07,8.332057074710033e-09,7.79279411208778e-07,7.787242845837027e-07,9.043376807284872e-07,1.1613066378325878,0.33867699560023606,0.18480258276995704,0.14702821352114365,False,True
calibration,S1,equal_weight_srp_phat,constant_velocity,10.0,1,186,186,-0.0003404259989210143,6.749079308875441e-05,9.008520125136909e-07,1.2714068071014927e-08,7.790518286613485e-07,7.777388293322983e-07,9.021650118427411e-07,1.1599845318476187,0.3386194641394717,0.1834331956355019,0.14718381881500692,False,True
calibration,S2,all_6_equal_gcc_wls,constant_velocity,10.0,1,186,186,-3.888979201456646e-06,-8.93063671252565e-05,1.016445395010596e-06,3.737925970789018e-08,1.0606773491813573e-06,9.951295231973746e-07,1.0819932209945786e-06,1.0872888360483055,0.2308273101375411,0.2004997970772415,0.14702821352114365,False,True
calibration,S2,equal_weight_srp_phat,constant_velocity,10.0,1,186,186,-9.931134181386163e-06,-9.029349123314239e-05,1.0242771843403746e-06,3.540751047574101e-08,1.057106284303994e-06,1.0016644458025467e-06,1.0797190228418218e-06,1.0779248753076551,0.2307676629122683,0.2018695426083982,0.14718381881500692,False,True
calibration,S0,all_6_equal_gcc_wls,constant_acceleration_segment,-6.0,1,186,186,-0.00018303629508162304,0.0007709856392490801,3.2449402555199956e-05,3.2227460920020905e-06,3.6687110002700135e-05,3.0711362000367295e-05,3.8425150557532796e-05,1.2511705132801745,0.4266431053406912,0.3025564151923084,0.16082186071192323,False,True
calibration,S0,equal_weight_srp_phat,constant_acceleration_segment,-6.0,1,186,186,-0.00013345729075221724,0.0007538172828416773,3.1912888253296954e-05,2.81705507077047e-06,3.5686601381576485e-05,3.0409165668472498e-05,3.719032396640094e-05,1.2229971835419013,0.45591233663807385,0.3124472246394083,0.1738758514593183,False,True
calibration,S1,all_6_equal_gcc_wls,constant_acceleration_segment,-6.0,1,186,186,0.0003255499441899708,0.00029972113818051475,2.9771060134467928e-05,-6.220022185345531e-07,3.090508086690013e-05,2.949641290090938e-05,3.1179728100458676e-05,1.0570684715190368,0.3878024259210308,0.44922865445722965,0.16082186071192323,False,True
calibration,S1,equal_weight_srp_phat,constant_acceleration_segment,-6.0,1,186,186,0.0003174441743949951,0.0003051313980804358,2.936587582648459e-05,-8.94636987446925e-07,3.0178621836482986e-05,2.878964292955759e-05,3.075485473340998e-05,1.0682610690469787,0.37762717310503613,0.4445204023215741,0.1738758514593183,False,True
calibration,S2,all_6_equal_gcc_wls,constant_acceleration_segment,-6.0,1,186,186,-0.00026423275348692036,-0.00020342437360869328,5.1200386467166196e-05,2.3379518663507203e-06,4.429036079084136e-05,4.35736674263524e-05,5.191707983165515e-05,1.1914783147276888,0.419546676597495,0.39153360429750117,0.16082186071192323,False,True
calibration,S2,equal_weight_srp_phat,constant_acceleration_segment,-6.0,1,186,186,-0.0002396775985477931,-0.000184017675274978,5.1195177385042094e-05,2.310009326512081e-06,4.265452619246601e-05,4.2069769525096144e-05,5.177993405241196e-05,1.2308109751236775,0.43339189302734576,0.3850772988304996,0.1738758514593183,False,True
calibration,S0,all_6_equal_gcc_wls,constant_acceleration_segment,10.0,1,186,186,3.3137583292717496e-05,0.0002895324918669105,9.218079930637513e-07,-6.239283899026708e-08,9.25884585508185e-07,8.614201648767523e-07,9.86272413695184e-07,1.1449376900020618,0.30568327489364316,0.326010295249647,0.14463940416393203,False,True
calibration,S0,equal_weight_srp_phat,constant_acceleration_segment,10.0,1,186,186,3.281645818167227e-05,0.0002964455902386495,9.174234537607198e-07,-6.252622989831514e-08,9.287206030610373e-07,8.602911728824982e-07,9.85852883939259e-07,1.1459525739826584,0.30152445509534487,0.32660972383484393,0.1450617333334401,False,True
calibration,S1,all_6_equal_gcc_wls,constant_acceleration_segment,10.0,1,186,186,-0.0004279526146285022,-0.0001422226368568891,8.199369028136575e-07,1.4988679489120302e-09,1.0258038410540414e-06,8.199259904929677e-07,1.0258147533747312e-06,1.2511065209165722,0.20517726414290713,0.30726913503328457,0.14463940416393203,False,True
calibration,S1,equal_weight_srp_phat,constant_acceleration_segment,10.0,1,186,186,-0.0004267119891439061,-0.00014211402750942406,8.190431228341279e-07,1.882259171546874e-09,1.0281405032642715e-06,8.190261804289362e-07,1.0281574456694631e-06,1.2553413678803305,0.2065043913877467,0.30601997864815356,0.1450617333334401,False,True
calibration,S2,all_6_equal_gcc_wls,constant_acceleration_segment,10.0,1,186,186,0.00016629890851534526,-2.5490626699178292e-05,9.61600664078042e-07,-4.847454489589784e-08,1.2981680299142123e-06,9.547581655173458e-07,1.3050105284749084e-06,1.3668492981861795,0.1808034644658524,0.3728757066468366,0.14463940416393203,False,True
calibration,S2,equal_weight_srp_phat,constant_acceleration_segment,10.0,1,186,186,0.00017291580326846758,-1.3535078070198457e-05,9.601920039034162e-07,-5.0248578302940334e-08,1.3124386494151745e-06,9.531641747654612e-07,1.3194664785531294e-06,1.3843013758650777,0.17597325929980934,0.3788226740765334,0.1450617333334401,False,True
calibration,S0,all_6_equal_gcc_wls,smooth_turn,-6.0,1,186,186,0.0005339791223410385,0.0008918921405526032,3.496842620318532e-05,1.095972544287227e-06,3.397989103097706e-05,3.327188732302788e-05,3.56764299111345e-05,1.0722694978124192,0.37740078114187287,0.429579524214661,0.10872603789346778,False,True
calibration,S0,equal_weight_srp_phat,smooth_turn,-6.0,1,186,186,0.0005077894503111984,0.0008854124973771701,3.520616946424636e-05,1.050014579032953e-06,3.505591752590724e-05,3.407834480721525e-05,3.6183742182938346e-05,1.0617810925863198,0.3675914657274588,0.4207418232179494,0.10681534531607305,False,True
calibration,S1,all_6_equal_gcc_wls,smooth_turn,-6.0,1,186,186,-0.0004363271111776477,-0.00044731340846164587,2.7860289554292877e-05,-2.8467268366990454e-06,3.159526602228027e-05,2.6323168267814743e-05,3.313238730875841e-05,1.258677791809327,0.3595950755293248,0.3162274389797704,0.10872603789346778,False,True
calibration,S1,equal_weight_srp_phat,smooth_turn,-6.0,1,186,186,-0.0004956769812790907,-0.00043885696970959035,2.7165459810228133e-05,-2.6967281402107032e-06,3.123089634976332e-05,2.5821154801063345e-05,3.2575201358928106e-05,1.26157027483475,0.3541987468421918,0.3127460514545055,0.10681534531607305,False,True
calibration,S2,all_6_equal_gcc_wls,smooth_turn,-6.0,1,186,186,0.00019525301982319053,-0.0002579836158884341,3.110788719352148e-05,1.0447472100014667e-06,3.288516808330689e-05,3.062496700428059e-05,3.336808827254778e-05,1.089571403224166,0.32465628310075223,0.34723814698674915,0.10872603789346778,False,True
calibration,S2,equal_weight_srp_phat,smooth_turn,-6.0,1,186,186,0.00019246237806089863,-0.00021691763953198066,3.111030208512917e-05,7.182469061907864e-07,3.321006505310438e-05,3.0888126279262003e-05,3.343224085897154e-05,1.0823654551495936,0.3376757803188206,0.3372194469365765,0.10681534531607305,False,True
calibration,S0,all_6_equal_gcc_wls,smooth_turn,10.0,1,186,186,0.00020899370034913362,0.00022328662140006433,9.182606639867499e-07,3.785029253419702e-08,9.385441524878971e-07,8.892169565828083e-07,9.675878598918386e-07,1.0881347377924546,0.27289538654504986,0.15230130460875116,0.10625363088920917,False,True
calibration,S0,equal_weight_srp_phat,smooth_turn,10.0,1,186,186,0.00020895334271433047,0.00021630068266764724,9.2615373311248e-07,3.8785038609505505e-08,9.418130986221166e-07,8.944159652041342e-07,9.735508665304624e-07,1.088476619833443,0.2705657026868733,0.14858337380639555,0.10573975919573254,False,True
calibration,S1,all_6_equal_gcc_wls,smooth_turn,10.0,1,186,186,-0.00042591776959842177,0.00023672326520968434,9.715253264123798e-07,2.0576351225402526e-08,1.0002452182704486e-06,9.607935550459418e-07,1.0109769896368866e-06,1.0522312356565977,0.23280597384445864,0.27265568996606476,0.10625363088920917,False,True
calibration,S1,equal_weight_srp_phat,smooth_turn,10.0,1,186,186,-0.0004244218120666167,0.000235508953473641,9.65783800915018e-07,1.7884587829709845e-08,9.991062231491008e-07,9.580021309063569e-07,1.0068878931577619e-06,1.051028865880658,0.2293776057194304,0.2724340418662357,0.10573975919573254,False,True
calibration,S2,all_6_equal_gcc_wls,smooth_turn,10.0,1,186,186,0.00011317495743165618,-0.00024086700295153325,1.1329267324860455e-06,-4.342184364273607e-08,9.376228010766088e-07,9.284039900866211e-07,1.1421455434760331e-06,1.2302247250892036,0.20986455764154396,0.2597938427122948,0.10625363088920917,False,True
calibration,S2,equal_weight_srp_phat,smooth_turn,10.0,1,186,186,0.00011109914899441558,-0.00023974882777617524,1.138654075715764e-06,-4.697926026160848e-08,9.317036970935519e-07,9.215383755922846e-07,1.1488193972170313e-06,1.2466321833625977,0.2094019401383921,0.24996443511541983,0.10573975919573254,False,True
